Name,Code,Barcode Symbology,Brand,Category Code,Unit Code,Sale Unit Code, Purchase Unit Code,Cost,Price,Alert Quantity, Tax Rate Name,Tax Method,Image,Subcategory Code,Product Variants Separated by |,Custom Field 1,Custom Field 2,Custom Field 3,Custom Field 4,Custom Field 5,Custom Field 6
GULAKU TEBU KUNING 1KG,8995177102058,code128,,S0001,Pcs,Pcs,box_24,11800,16000,24,,,,,,bukan_konsi,,,,,
Sania Myk Grg 2lt,8993496001076,code128,,S0001,Pcs,Pcs,box_6,22900,24000,6,,,,,,bukan_konsi,,,,,
Fortune Myk Grg 2lt,8998225800043,code128,,S0001,Pcs,Pcs,box_6,21900,22500,12,,,,,,bukan_konsi,,,,,
BENDERA SUSU KENTAL MANIS CHOCO 375,8992753102204,code128,,S0001,Pcs,Pcs,box_48,9500,12000,10,,,,,,bukan_konsi,,,,,
BENDERA KENTAL MANIS CAN  375,8992753101207,code128,,S0001,Pcs,Pcs,box_48,8999,11500,48,,,,,,bukan_konsi,,,,,
BENDERA SKM PUTIH GOLD  375,8992753100101,code128,,S0001,Pcs,Pcs,box_48,13500,15500,10,,,,,,bukan_konsi,,,,,
LARUTAN PENYEGAR KAKI TIGA BTL 200M,8995227500124,code128,,S0002,Pcs,Pcs,box_48,2937,5000,48,,,,,,bukan_konsi,,,,,
MIZONE APPLE GUAVA 500ML,8992752116233,code128,,S0002,Pcs,Pcs,box_12,3700,4500,12,,,,,,bukan_konsi,,,,,
MIZONE ACTIVE BTL 500ML,8992752111818,code128,,S0002,Pcs,Pcs,box_12,3600,4500,12,,,,,,bukan_konsi,,,,,
MIZONE LYCHEE LEMON 500ML,8992752119104,code128,,S0002,Pcs,Pcs,box_12,3700,4500,12,,,,,,bukan_konsi,,,,,
COCA COLA PET 390 ML`,8992761002015,code128,,S0002,Pcs,Pcs,box_12,3799,5000,12,,,,,,bukan_konsi,,,,,
COCA COLA PET 390 ML`,8992761002015,code128,,S0002,Pcs,Pcs,box_12,3799,5000,12,,,,,,bukan_konsi,,,,,
SPRITE PET 390 ML`,8992761002022,code128,,S0002,Pcs,Pcs,box_12,3875,5000,12,,,,,,bukan_konsi,,,,,
FANTA STRAWBERRY 390 ML`,8992761002039,code128,,S0002,Pcs,Pcs,box_12,3875,5000,12,,,,,,bukan_konsi,,,,,
SOSRO TEH BOTOL KOTAK TP 250ML`,8996006142511,code128,,S0002,Pcs,Pcs,box_24,2416,4000,24,,,,,,bukan_konsi,,,,,
SOSRO TEH BOTOL KOTAK  TP 330ML,8996006856869,code128,,S0002,Pcs,Pcs,box_24,2833,5000,24,,,,,,bukan_konsi,,,,,
PUCUK HARUM LESS SUGAR PET 350M,8996001600252,code128,,S0002,Pcs,Pcs,box_24,2600,3500,10,,,,,,bukan_konsi,,,,,
SPcsTEE BIG PACK 330ML,8996006856876,code128,,S0002,Pcs,Pcs,box_24,2500,4500,10,,,,,,bukan_konsi,,,,,
JAVANA TEH MELATI BOTTLE 350 ML,8998866610087,code128,,S0002,Pcs,Pcs,box_12,2104,4000,12,,,,,,bukan_konsi,,,,,
TEH ZEGAR 330 ML,8992780030730,code128,,S0002,Pcs,Pcs,box_12,2250,4000,0,,,,,,bukan_konsi,,,,,
FRUIT TEA APPLE 200 ML,8996006120014,code128,,S0002,Pcs,Pcs,box_24,2416,4000,12,,,,,,bukan_konsi,,,,,
FRUIT TEA STRAWBERRY 200ML,8996006742025,code128,,S0002,Pcs,Pcs,box_24,2416,4000,24,,,,,,bukan_konsi,,,,,
FRUIT TEA GUAVA 200 ML,8996006742032,code128,,S0002,Pcs,Pcs,box_24,2500,4000,0,,,,,,bukan_konsi,,,,,
FRUIT TEA BLACKCURRANT 200ML,8996006841018,code128,,S0002,Pcs,Pcs,box_24,2416,4000,24,,,,,,bukan_konsi,,,,,
NESCAFE MOCHA CAN 240ML,9556001054005,code128,,S0002,Pcs,Pcs,box_24,9716,11500,24,,,,,,bukan_konsi,,,,,
NESCAFE LATTE CAN 240 ML,9556001025272,code128,,S0002,Pcs,Pcs,box_24,9716,11500,24,,,,,,bukan_konsi,,,,,
MILO ACTIGENPcsE RTD HI CAL CAN 240ML,9556001051509,code128,,S0002,Pcs,Pcs,box_24,8541,11000,24,,,,,,bukan_konsi,,,,,
FATIGON HYDRO ORIGINAL 250 ML,8992858527308,code128,,S0002,Pcs,Pcs,box_24,4942,7000,24,,,,,,bukan_konsi,,,,,
POCARI SWEAT CAN 330ML`,8997035111110,code128,,S0002,Pcs,Pcs,box_24,4749,6500,24,,,,,,bukan_konsi,,,,,
POCARI SWEAT PET 350ML`,8997035563544,code128,,S0002,Pcs,Pcs,box_24,4704,7000,24,,,,,,bukan_konsi,,,,,
MONY CINCAU CAN 300 ML`,8991234416816,code128,,S0002,Pcs,Pcs,box_24,4250,6500,24,,,,,,bukan_konsi,,,,,
YOU C 1000 LEMON 140 ML`,8997009510017,code128,,S0002,Pcs,Pcs,box_30,5391,7500,0,,,,,,bukan_konsi,,,,,
YOU C 1000 ORANGE 140ML**`,8997009510055,code128,,S0002,Pcs,Pcs,box_30,5391,7500,0,,,,,,bukan_konsi,,,,,
LARUTAN PENYEGAR CAP BADAK MELONCAN,8999988888835,code128,,S0002,Pcs,Pcs,box_24,5225,7500,24,,,,,,bukan_konsi,,,,,
LARUTAN PENYEGAR KLG ANGGUR 320ML,8999988888859,code128,,S0002,Pcs,Pcs,box_24,5225,7500,24,,,,,,bukan_konsi,,,,,
ADEM SARI CHING KU CAN 320 ML,8992772586016,code128,,S0002,Pcs,Pcs,box_24,5729,8000,24,,,,,,bukan_konsi,,,,,
MINUTE MAID PULPY TROPICAL PET 350M,8992761166113,code128,,S0002,Pcs,Pcs,box_12,4291,6000,12,,,,,,bukan_konsi,,,,,
FLORIDINA ORANGE JUICE 360 ML,8998866500708,code128,,S0002,Pcs,Pcs,box_12,2375,3500,12,,,,,,bukan_konsi,,,,,
MINUTE MAID NUTRIBOOST ORANGE 300ML,8992761164539,code128,,S0002,Pcs,Pcs,box_24,4815,6500,12,,,,,,bukan_konsi,,,,,
MINUTE MAID PULPY ALOEVERA 350ML,8992761166199,code128,,S0002,Pcs,Pcs,box_12,4291,6000,12,,,,,,bukan_konsi,,,,,
MINUTE MAID NUTRIBOOST STW 300M,8992761164546,code128,,S0002,Pcs,Pcs,box_24,5099,7000,12,,,,,,bukan_konsi,,,,,
ULTRA SARI ASEM  250 ML`,8998009030031,code128,,S0002,Pcs,Pcs,box_24,4054,6000,24,,,,,,bukan_konsi,,,,,
ABC KACANG HIJAU SLIM 250 ML,711844162419,code128,,S0002,Pcs,Pcs,box_24,3504,5500,0,,,,,,bukan_konsi,,,,,
AQUA KIDS BOYS BTL 330ML,8992752131090,code128,,S0002,Pcs,Pcs,box_24,2700,4000,24,,,,,,bukan_konsi,,,,,
AQUA WATER BOTTLE 330 ML,8886008101336,code128,,S0002,Pcs,Pcs,box_24,1590,2500,0,,,,,,bukan_konsi,,,,,
2 TANG BTL WATER 380ML`,8992780020182,code128,,S0002,Pcs,Pcs,box_24,2500,2500,0,,,,,,bukan_konsi,,,,,
AQUA WATER BOTTLE  600 ML,8886008101053,code128,,S0002,Pcs,Pcs,box_24,1852,3500,24,,,,,,bukan_konsi,,,,,
LE MINERALE BTL 600ML,8996001600269,code128,,S0002,Pcs,Pcs,box_24,1658,3500,24,,,,,,bukan_konsi,,,,,
SO KLIN PL LEMON 800ML,8998866679664,code128,,S0003,Pcs,Pcs,box_12,7500,12500,0,,,,,,bukan_konsi,,,,,
SO KLIN PL APPLE 800ML,8998866679602,code128,,S0003,Pcs,Pcs,box_12,9265,13000,6,,,,,,bukan_konsi,,,,,
VIT BOTTLE WATER 600 ML`,8992752011033,code128,,S0002,Pcs,Pcs,box_12,1197,3000,24,,,,,,bukan_konsi,,,,,
SO KLIN PL LAVENDER 800M,8998866603539,code128,,S0003,Pcs,Pcs,box_12,9265,13000,6,,,,,,bukan_konsi,,,,,
DAIA POWDER DETERGENT WHITE ,8998866607353,code128,,S0004,Pcs,Pcs,box_12,14480,17000,0,,,,,,bukan_konsi,,,,,
DAIA SOFTERGENT VIOLET 900GR,8998866610223,code128,,S0004,Pcs,Pcs,box_12,14480,17000,12,,,,,,bukan_konsi,,,,,
EKONOMI LEMON CREL900 540GR,8998866600101,code128,,S0004,Pcs,Pcs,box_10,4700,5500,20,,,,,,bukan_konsi,,,,,
EKONOMI CREAM E900 540GR,8998866671736,code128,,S0004,Pcs,Pcs,box_10,4700,5500,0,,,,,,bukan_konsi,,,,,
EKONOMI PUTIH CREAM DETERGENT900 54,8998866608329,code128,,S0004,Pcs,Pcs,box_10,4700,4935,20,,,,,,bukan_konsi,,,,,
LAURIER ACTIVE DAY SUPER MAXI 30S,8992727002714,code128,,S0004,Pcs,Pcs,box_24,10500,11025,48,,,,,,bukan_konsi,,,,,
CHARM BODY FIT EXTRA MAXI WING 20S,8993189270345,code128,,S0004,Pcs,Pcs,box_24,12150,14000,4,,,,,,bukan_konsi,,,,,
CHARM BODY FIT EXTRA MAXI WING 10S`,8993189270338,code128,,S0003,Pcs,Pcs,box_6,6750,9000,10,,,,,,bukan_konsi,,,,,
CHARM BODY FIT US WING NIGHT 10S,8993189320934,code128,,S0004,Pcs,Pcs,box_48,14545,15500,0,,,,,,bukan_konsi,,,,,
MAMY POKO PANTS STD M 30S,8993189271656,code128,,S0003,Pack,Pack,box_6,49200,51660,12,,,,,,bukan_konsi,,,,,
MAMY POKO PANTS STANDART XXL 6S`,8993189270857,code128,,S0004,Pack,Pack,box_12,15500,16275,24,,,,,,bukan_konsi,,,,,
MAMY POKO PANTS STANDART L 30S,8993189212141,code128,,S0004,Pack,Pack,box_4,55100,58000,2,,,,,,bukan_konsi,,,,,
MAMY POKO PANTS GIRL  XXXL 24S,8851111416103,code128,,S0004,Pack,Pack,box_3,148500,155925,6,,,,,,bukan_konsi,,,,,
CAP BOTOL TEH BIRU 40G,8886007811038,code128,,S0001,Pack,Pack,box_200,2200,2400,0,,,,,,bukan_konsi,,,,,
CAP BOTOL TEH HIJAU 40G,8886007811021,code128,,S0001,Pack,Pack,box_200,2200,2400,0,,,,,,bukan_konsi,,,,,
SOSRO TEH CELUP 30X2GR,8886007811076,code128,,S0001,Pack,Pack,box_100,5000,7000,50,,,,,,bukan_konsi,,,,,
TONGTJI CELUP BLACK 25X2GR,8992936115045,code128,,S0001,Pack,Pack,box_50,4700,7500,50,,,,,,bukan_konsi,,,,,
POCI TEH CELUP ASLI 25'S,8886007811410,code128,,S0001,Pack,Pack,box_50,4100,6500,9,,,,,,bukan_konsi,,,,,
SARIWANGI TB ASLI 1.9GR X 25,8999999195649,code128,,S0001,Pack,Pack,box_48,4583,6500,10,,,,,,bukan_konsi,,,,,
KAPAL API SPECIAL 165 GR,8991002105423,code128,,S0002,Pack,Pack,box_20,11250,15000,20,,,,,,bukan_konsi,,,,,
KAPAL API SPECIAL MIX 10 X 25 GR,8991002105485,code128,,S0002,Pack,Pack,box_12,10500,13500,0,,,,,,bukan_konsi,,,,,
INDOCAFE COFS0018 MIX 10 X 20 GR,9311931024036,code128,,S0002,Pack,Pack,box_5,10538,13500,50,,,,,,bukan_konsi,,,,,
LUWAK WHITE KOFFIE 10X20GR,8994171101289,code128,,S0002,Pack,Pack,box_20,10890,13000,30,,,,,,bukan_konsi,,,,,
HONEY STAR CUP 32GR,8992696428300,code128,,S0005,Pcs,Pcs,box_48,7000,9500,16,,,,,,bukan_konsi,,,,,
MILO CEREAL COMBO PACK 2016 GR X 40,8992696428287,code128,,S0005,Pcs,Pcs,box_48,7000,9500,16,,,,,,bukan_konsi,,,,,
KOKO KRUNCH COMBO CUP,8992696428263,code128,,S0005,Pcs,Pcs,box_48,7000,9500,16,,,,,,bukan_konsi,,,,,
ENERGEN JAGUNG 10X25GR,8996001440575,code128,,S0002,Pack,Pack,box_12,10000,13500,10,,,,,,bukan_konsi,,,,,
CHIKI BALL COKELAT 10,89686591231,code128,,S0005,Pcs,Pcs,box_60,1000,1100,120,,,,,,bukan_konsi,,,,,
CHIKI BALL KEJU 10,89686590036,code128,,S0005,Pcs,Pcs,box_60,875,1200,0,,,,,,bukan_konsi,,,,,
CHIKI BALL KALDU AYAM 10,89686590135,code128,,S0005,Pcs,Pcs,box_60,900,1500,60,,,,,,bukan_konsi,,,,,
CHITATO AYAM BUMBU 35 GR,89686598421,code128,,S0005,Pcs,Pcs,box_40,5100,5400,80,,,,,,bukan_konsi,,,,,
LAYS FIESTA BARBEQUE 35GR`,89686596540,code128,,S0005,Pcs,Pcs,box_40,5299,6500,12,,,,,,bukan_konsi,,,,,
LAYS CLASSIC 35GR`,89686596236,code128,,S0005,Pcs,Pcs,Box,4818,6000,10,,,,,,bukan_konsi,,,,,
PIATTOS RASA SAPI PANGGANG BAG 85GR,8996196000950,code128,,S0005,Pcs,Pcs,box_30,6979,9500,30,,,,,,bukan_konsi,,,,,
PIATOS BARBEQUE 50GR,8996196000257,code128,,S0005,Pcs,Pcs,box_30,5099,7500,15,,,,,,bukan_konsi,,,,,
JETZ STICK CHOCO FIESTA 12`,89686604443,code128,,S0005,Pcs,Pcs,box_60,1000,1100,120,,,,,,bukan_konsi,,,,,
CHEETOS NET BBQ 10,89686600513,code128,,S0005,Pcs,Pcs,box_60,1000,1100,120,,,,,,bukan_konsi,,,,,
GOOD TIME CLASSIC CHOCOCHIPS 80GR,8886015201111,code128,,S0005,Pcs,Pcs,box_48,7000,8500,20,,,,,,bukan_konsi,,,,,
TANGO WAFER CHOCO 176 GR,8991102300421,code128,,S0005,Pcs,Pcs,box_24,9799,12500,12,,,,,,bukan_konsi,,,,,
TANGO WAFER CHOCOLATE 76GR,8991102302609,code128,,S0005,Pcs,Pcs,box_36,3821,5500,12,,,,,,bukan_konsi,,,,,
TANGO WAFER STRAWBERRY 76GR,8991102303200,code128,,S0005,Pcs,Pcs,box_36,3821,5500,12,,,,,,bukan_konsi,,,,,
TANGO WAFER VANILA 76GR,8991102302708,code128,,S0005,Pcs,Pcs,box_36,3821,5500,12,,,,,,bukan_konsi,,,,,
TANGO WAFER CHOCOLATE 114/145GR,8991102384841,code128,,S0005,Pcs,Pcs,box_36,5487,7500,6,,,,,,bukan_konsi,,,,,
RICHEESE NBT WAFER CHEESE CRM ,8993175532457,code128,,S0005,Pcs,Pcs,box_120,1000,1100,240,,,,,,bukan_konsi,,,,,
BELVITA MILK & CEREAL 80GR,7622210609359,code128,,S0005,Pcs,Pcs,box_24,6081,8500,24,,,,,,bukan_konsi,,,,,
OREO ICE CREAM BLUEBERRY 137 GR,7622300442507,code128,,S0005,Pcs,Pcs,box_24,6318,8500,0,,,,,,bukan_konsi,,,,,
OREO STRAWBERRY CREME 137GR,7622300136055,code128,,S0005,Pcs,Pcs,box_24,6210,8500,24,,,,,,bukan_konsi,,,,,
TIM TAM WFR COKLT 95GR,8886015428136,code128,,S0005,Pcs,Pcs,box_24,7012,9000,12,,,,,,bukan_konsi,,,,,
TIM TAM WAFER 80GR,8886015428105,code128,,S0005,Pcs,Pcs,box_24,6100,6500,48,,,,,,bukan_konsi,,,,,
OREO DOUBLE D LIGHT 137 GR,8992760121090,code128,,S0005,Pcs,Pcs,box_24,7500,9000,24,,,,,,bukan_konsi,,,,,
ROMA MALKIST COKELAT 120GR,8996001302637,code128,,S0005,Pcs,Pcs,box_30,5000,7000,30,,,,,,bukan_konsi,,,,,
ROMA SARI GANDUM PEANUT 115GR,8996001305003,code128,,S0005,Pcs,Pcs,box_24,5000,6500,0,,,,,,bukan_konsi,,,,,
ROMA SLAI OLAI STRAWBERRY ROLL128GR,8996001304426,code128,,S0005,Pcs,Pcs,box_24,3500,6000,0,,,,,,bukan_konsi,,,,,
ROMA SLAI OLAI TWICE ROLL STRWBERRY,8996001304075,code128,,S0005,Pcs,Pcs,box_24,6800,7000,1,,,,,,bukan_konsi,,,,,
FOXS FRUITS CRYSTAL BAG 90GR,8992696418936,code128,,S0005,Pcs,Pcs,box_24,6400,8000,6,,,,,,bukan_konsi,,,,,
FOX PASSION MINTS BAG 90GR,8992696416611,code128,,S0005,Pcs,Pcs,box_24,5090,8500,4,,,,,,bukan_konsi,,,,,
KISS CHEWY MINT LEMON 97.5 GR,8996001326435,code128,,S0005,Pcs,Pcs,box_24,4950,5200,48,,,,,,bukan_konsi,,,,,
KIS MINT CHERRY 125GR,8996001326220,code128,,S0005,Pack,Pack,box_24,4500,6500,0,,,,,,bukan_konsi,,,,,
KIS MINT GRAPE BAG 125GR,8996001326275,code128,,S0005,Pack,Pack,box_24,4500,6500,0,,,,,,bukan_konsi,,,,,
KIS MINT BARLEY 125GR,8886001100855,code128,,S0005,Pack,Pack,box_24,4500,7500,6,,,,,,bukan_konsi,,,,,
KIS MINT APPLE PEACH 125GR,8996001326404,code128,,S0005,Pack,Pack,box_24,4500,6500,0,,,,,,bukan_konsi,,,,,
KOPIKO COFS0018 CANDY 150GR,8996001320051,code128,,S0005,Pack,Pack,box_24,5500,7500,0,,,,,,bukan_konsi,,,,,
KAPAL API CANDY COFS0018 50 S ,8991002307209,code128,,S0005,Pack,Pack,box_20,6100,6500,40,,,,,,bukan_konsi,,,,,
RELAXA BAG 140GR** BARLEY,8991002304017,code128,,S0005,Pack,Pack,box_24,5900,7400,48,,,,,,bukan_konsi,,,,,
RELAXA BAG 140GR** GRAPE,8991002304413,code128,,S0005,Pack,Pack,box_24,5900,6200,48,,,,,,bukan_konsi,,,,,
RELAXA BAG 125GR**LEMON FUNZ,8991002303829,code128,,S0005,Pack,Pack,box_24,5900,6200,48,,,,,,bukan_konsi,,,,,
MILA TEPUNG TERIGU 1KG,8997019490019,code128,,S0001,Pcs,Pcs,box_10,7900,8300,20,,,,,,bukan_konsi,,,,,
BOGASARI CAKRA KEMBAR PREMIUM 1KG,8993296715012,code128,,S0001,Pcs,Pcs,box_20,10300,10900,40,,,,,,bukan_konsi,,,,,
BOGASARI LENCANA MERAH ECO 1 KG,8993296220004,code128,,S0001,Pcs,Pcs,box_12,6500,6900,24,,,,,,bukan_konsi,,,,,
BANGO KECAP MANIS REFILL 600 ML,8999999100506,code128,,S0001,Pcs,Pcs,box_12,24249,26500,12,,,,,,bukan_konsi,,,,,
ABC KECAP MANIS REFILL 520 ML,7118441101378,code128,,S0001,Pcs,Pcs,box_12,15300,19500,6,,,,,,bukan_konsi,,,,,
SEDAAP KECAP MANIS REFILL 600 ML,8998866608084,code128,,S0001,Pcs,Pcs,box_12,17500,18400,24,,,,,,bukan_konsi,,,,,
ABC SAMBAL EXTRA PEDAS SACHET ,711844120365,code128,,S0001,Pcs,Pcs,box_30,5834,8000,0,,,,,,bukan_konsi,,,,,
ABC SAMBAL ASLI 20G,711844120327,code128,,S0001,Pcs,Pcs,box_30,5751,8000,0,,,,,,bukan_konsi,,,,,
SAORI SAUS TERIYAKI BOTOL 275ML,8992770096234,code128,,S0001,Pcs,Pcs,box_12,15900,16700,24,,,,,,bukan_konsi,,,,,
SAORI SAUS TIRAM BOTOL 270 ML,8992770096135,code128,,S0001,Pcs,Pcs,box_12,15900,16700,24,,,,,,bukan_konsi,,,,,
MAESTRO MAYONNAISE SACHET 100GR,8998888461117,code128,,S0001,Pcs,Pcs,box_40,3250,6000,10,,,,,,bukan_konsi,,,,,
DM SAMBAL BOTOL340,8998888710215,code128,,S0001,Pcs,Pcs,box_24,10600,11200,48,,,,,,bukan_konsi,,,,,
DM TOMAT BTL 340GR,8998888710116,code128,,S0001,Pcs,Pcs,box_24,9200,9700,48,,,,,,bukan_konsi,,,,,
DOLPHIN GARAM MEJA 500 GR,11747234191,code128,,S0001,Pcs,Pcs,box_24,4200,4500,48,,,,,,bukan_konsi,,,,,
SASA 250GR,8991188943062,code128,,S0001,Pcs,Pcs,box_48,9800,12500,10,,,,,,bukan_konsi,,,,,
AJINOMOTO 250 GR,8992770011091,code128,,S0001,Pcs,Pcs,box_40,8700,9200,80,,,,,,bukan_konsi,,,,,
SASA TEPUNG BUMBU ORIGINAL 250GR,8992736925134,code128,,S0001,Pcs,Pcs,box_24,5282,7500,6,,,,,,bukan_konsi,,,,,
SASA TP BAKWAN SPECIAL 250GR,8992736225401,code128,,S0001,Pcs,Pcs,box_24,5282,7500,3,,,,,,bukan_konsi,,,,,
SASA TEPUNG GORENG PISANG 225GR,8992736025162,code128,,S0001,Pcs,Pcs,box_24,5282,7500,6,,,,,,bukan_konsi,,,,,
SAJIKU TEPUNG BUMBU 250 GR,8992770084064,code128,,S0001,Pcs,Pcs,box_24,5174,7500,10,,,,,,bukan_konsi,,,,,
ROYCO BUMBU PELEZAT R SAPI 240GR,8999999034351,code128,,S0001,Pcs,Pcs,box_24,8900,9400,48,,,,,,bukan_konsi,,,,,
ROYCO BUMBU PELEZAT R AYAM 240GR,8999999034368,code128,,S0001,Pcs,Pcs,box_24,8900,9400,48,,,,,,bukan_konsi,,,,,
ABC BLACK GOLD KECAP MANIS BOTTLE 2,711844110397,code128,,S0001,Pcs,Pcs,box_24,13300,14000,48,,,,,,bukan_konsi,,,,,
ABC KECAP MANIS TANGGUNG 275ML,711844110083,code128,,S0001,Pcs,Pcs,box_24,12511,15000,12,,,,,,bukan_konsi,,,,,
ABC TOMAT BOTTLE 140 ML,711844130111,code128,,S0001,Pcs,Pcs,box_48,4400,4700,96,,,,,,bukan_konsi,,,,,
ABC SAMBAL BOTOL  135 ML,711844120037,code128,,S0001,Pcs,Pcs,box_48,5309,7500,12,,,,,,bukan_konsi,,,,,
INDOMILK SUSU CAIR CHOCO BTL 190ML,8992702005945,code128,,S0002,Pcs,Pcs,box_24,2954,4500,24,,,,,,bukan_konsi,,,,,
INDOMILK SUSU CAIR STRAWBERRY 190ML,8992702005976,code128,,S0002,Pcs,Pcs,box_24,2954,4500,24,,,,,,bukan_konsi,,,,,
INDOMILK SKM PUTIH SACHET 120 N  40,8993007001694,code128,,S0002,Pcs,Pcs,box_20,6545,8500,10,,,,,,bukan_konsi,,,,,
INDOMILK SKM COKLAT SACHET 120 N  4,8993007001700,code128,,S0002,Pack,Pack,box_20,6900,7500,20,,,,,,bukan_konsi,,,,,
DIAMOND MILK UHT STRAWBERRY 200ML T,8999898962571,code128,,S0002,Pcs,Pcs,box_24,4233,5500,18,,,,,,bukan_konsi,,,,,
DIAMOND MILK UHT CHOCO 200ML T/P,8999898962564,code128,,S0002,Pcs,Pcs,box_24,3000,4500,48,,,,,,bukan_konsi,,,,,
DIAMOND UHT LOW FAT HI CAL 200ML,8999898968474,code128,,S0002,Pcs,Pcs,box_24,3816,5500,18,,,,,,bukan_konsi,,,,,
ULTRA MILK SLIM CHOCO T/P 250 ML,8998009010231,code128,,S0002,Pcs,Pcs,box_24,4658,6500,24,,,,,,bukan_konsi,,,,,
ULTRA SLIM PLAIN T/P 250 ML,8998009010224,code128,,S0002,Pcs,Pcs,box_24,4658,6500,24,,,,,,bukan_konsi,,,,,
DIAMOND MILK UHT FULL CREAM 200ML T,8999898962540,code128,,S0002,Pcs,Pcs,box_24,3833,5500,18,,,,,,bukan_konsi,,,,,
ULTRA MILK PLAIN T/P 1 LT,8998009010613,code128,,S0002,Pcs,Pcs,box_12,15650,18500,6,,,,,,bukan_konsi,,,,,
ULTRA MILK CHOCO T/P 1 LT,8998009010620,code128,,S0002,Pcs,Pcs,box_12,15208,18500,3,,,,,,bukan_konsi,,,,,
INDOMIE GORENG RENDANG 91 GR,89686910704,code128,,S0005,Pcs,Pcs,box_40,2200,2400,80,,,,,,bukan_konsi,,,,,
INDOMIE REAL MEAT RENDANG 110GR,89686045017,code128,,S0005,Pcs,Pcs,box_12,7500,7900,24,,,,,,bukan_konsi,,,,,
BAKMI MEWAH AYAM ASLI 110 GR,8996001520291,code128,,S0005,Pcs,Pcs,box_24,7000,7400,48,,,,,,bukan_konsi,,,,,
SEDAAP MIE GORENG 90 GR,8998866200301,code128,,S0005,Pcs,Pcs,box_40,2222,3500,40,,,,,,bukan_konsi,,,,,
SEDAAP MIE WHITE CURRY 81GR,8998866201346,code128,,S0005,Pcs,Pcs,box_40,1950,2100,80,,,,,,bukan_konsi,,,,,
3 AYAM MIE TELOR 210GR KUNING,89686000061,code128,,S0005,Pcs,Pcs,box_20,3399,5500,20,,,,,,bukan_konsi,,,,,
3 AYAM MIE TELOR 210GR MERAH,89686000016,code128,,S0005,Pcs,Pcs,box_20,3800,4000,40,,,,,,bukan_konsi,,,,,
ABC MIE CUP GRG SPC,8992388112654,code128,,S0005,Pcs,Pcs,box_24,4541,6500,10,,,,,,bukan_konsi,,,,,
DAHLIA NAPTH WARNA K330 300GR,8886012803301,code128,,S0003,Pcs,Pcs,box_24,16800,17700,48,,,,,,bukan_konsi,,,,,
DAHLIA TOILET BALL KPcs33 250GR,8886012800331,code128,,S0003,Pcs,Pcs,box_72,10900,11500,144,,,,,,bukan_konsi,,,,,
STELLA MATIC GREEN REFILL 225ML,8992745326229,code128,,S0003,Pcs,Pcs,box_12,26661,29500,3,,,,,,bukan_konsi,,,,,
STELLA MATIC WILD FLOWER REFILL 225,8992745325550,code128,,S0003,Pcs,Pcs,box_12,25600,26900,24,,,,,,bukan_konsi,,,,,
STELLA MATIC REFILL 225 GR LEMON,8992745325420,code128,,S0003,Pcs,Pcs,box_12,26661,29500,3,,,,,,bukan_konsi,,,,,
STELLA MATIC ORANGE REFILL 225 ML,8992745325437,code128,,S0003,Pcs,Pcs,box_12,26664,29500,0,,,,,,bukan_konsi,,,,,
STELLA MATIC REFILL 225 ML FRS CLN,8992745320692,code128,,S0003,Pcs,Pcs,box_12,26127,29500,3,,,,,,bukan_konsi,,,,,
STELLA AC 80 GR** TROPICAL ORANGE,8992745325949,code128,,S0003,Pcs,Pcs,box_72,9352,11500,3,,,,,,bukan_konsi,,,,,
STELLA TP AR CAN 250ML ORANGE,8992745320326,code128,,S0003,Pcs,Pcs,box_12,12181,15500,3,,,,,,bukan_konsi,,,,,
STELLA TP AR CAN 250ML LEMON,8992745320302,code128,,S0003,Pcs,Pcs,box_12,12181,15500,3,,,,,,bukan_konsi,,,,,
STELLA TP AR CAN 250ML APPLE,8992745320289,code128,,S0003,Pcs,Pcs,box_12,12181,15500,3,,,,,,bukan_konsi,,,,,
STELLA TP AR CAN 250ML JASMINE,8992745320296,code128,,S0003,Pcs,Pcs,box_12,11363,13500,3,,,,,,bukan_konsi,,,,,
STELLA TROPICAL AEROSOL CAN 250 ML*,,code128,,S0003,Pcs,Pcs,box_12,11300,12100,24,,,,,,bukan_konsi,,,,,
STELLA AEROSOL ORANGE 400ML,8992745320241,code128,,S0004,Pcs,Pcs,box_12,18578,22500,3,,,,,,bukan_konsi,,,,,
STELLA AEROSOL LEMON 400ML,8992745320166,code128,,S0004,Pcs,Pcs,box_12,18578,22500,3,,,,,,bukan_konsi,,,,,
STELLA A THERAFY 400 ML JASMINE,8992745320173,code128,,S0003,Pcs,Pcs,box_12,18584,22000,3,,,,,,bukan_konsi,,,,,
STELLA A THERAPY APPLE 400ML,8992745320197,code128,,S0003,Pcs,Pcs,Box,17648,20500,3,,,,,,bukan_konsi,,,,,
GLADE 2 IN 1 ROOM FRESHNER WILD LV ,8992779139406,code128,,S0003,Pcs,Pcs,box_24,19600,20600,48,,,,,,bukan_konsi,,,,,
GLADE 2 IN 1 ROOM FRESHNER LEMON 40,8992779140402,code128,,S0003,Pcs,Pcs,box_24,19600,20600,48,,,,,,bukan_konsi,,,,,
GLADE 2 IN 1 ROOM FRESHNER ORANGE 4,8992779141409,code128,,S0003,Pcs,Pcs,box_24,19600,20600,48,,,,,,bukan_konsi,,,,,
HIT AEROSOL POMEGRANATE 600ML,8992745705307,code128,,S0003,Pcs,Pcs,box_12,33012,36500,3,,,,,,bukan_konsi,,,,,
HIT LEMON AEROSOL 600ML,8992745120964,code128,,S0003,Pcs,Pcs,box_12,32700,34400,24,,,,,,bukan_konsi,,,,,
HIT AEROSOL LILY BLOSSOM 600ML,8992745140962,code128,,S0003,Pcs,Pcs,box_12,33693,37000,2,,,,,,bukan_konsi,,,,,
HIT AEROSOL ORANGE 600 ML,8992745120476,code128,,S0003,Pcs,Pcs,box_12,33693,37000,0,,,,,,bukan_konsi,,,,,
HIT AEROSOL GREEN TEA 600ML,8992745120421,code128,,S0003,Pcs,Pcs,box_12,30623,33500,3,,,,,,bukan_konsi,,,,,
BAYGON WATERBASE AEROSOL 275ml,8998899400372,code128,,S0003,Pcs,Pcs,box_12,19017,22500,3,,,,,,bukan_konsi,,,,,
BAYGON AEROSOL LAVENDER 275 ML,8998899400358,code128,,S0003,Pcs,Pcs,box_12,13826,16000,3,,,,,,bukan_konsi,,,,,
EMERON SHP SOFT  SMOOTH 170 ML,8998866100649,code128,,S0004,Pcs,Pcs,box_12,12200,13000,24,,,,,,bukan_konsi,,,,,
EMERON SHP HAIRFALL CONTROL 170 ML,8998866100601,code128,,S0004,Pcs,Pcs,box_12,10000,13500,3,,,,,,bukan_konsi,,,,,
EMERON SHP ANTIDANDRUFF COTROL 170 ,8998866103121,code128,,S0004,Pcs,Pcs,box_12,12200,12900,24,,,,,,bukan_konsi,,,,,
EMERON SHP NATURE SHINE 170 ML,8998866104104,code128,,S0004,Pcs,Pcs,box_12,12200,12900,24,,,,,,bukan_konsi,,,,,
EMERON SHP DAMAGE CONTROL 170 ML,8998866103282,code128,,S0004,Pcs,Pcs,box_12,12200,12900,24,,,,,,bukan_konsi,,,,,
SUNSILK SHP BLK SHINE SD 170ML,8999999048181,code128,,S0004,Pcs,Pcs,box_36,15900,22000,2,,,,,,bukan_konsi,,,,,
SUNSILK HIJAB AD 170ML,8999999048525,code128,,S0004,Pcs,Pcs,box_36,16400,18500,6,,,,,,bukan_konsi,,,,,
SUNSILK SHP SOFT&SMTH SD 170ML,8999999048266,code128,,S0004,Pcs,Pcs,box_36,15900,22000,2,,,,,,bukan_konsi,,,,,
CLEAR SHP MAN HAIR FALL 170 ML,8999999029746,code128,,S0004,Pcs,Pcs,box_36,21300,22400,72,,,,,,bukan_konsi,,,,,
CLEAR SHP HAIRFALL DEFENS 170ML,8999999029715,code128,,S0004,Pcs,Pcs,box_36,19700,20700,72,,,,,,bukan_konsi,,,,,
CLEAR SHP MEN ICE COOL MNTOL 170 ML,8999999029579,code128,,S0004,Pcs,Pcs,box_36,20500,22500,11,,,,,,bukan_konsi,,,,,
CLEAR SHP ADD SUPERFRESH APPLE 170M,8999999038830,code128,,S0004,Pcs,Pcs,box_36,18950,22500,10,,,,,,bukan_konsi,,,,,
CLEAR SHP SOFT  SHINY 170ML,,code128,,S0004,Pcs,Pcs,box_36,19700,20700,72,,,,,,bukan_konsi,,,,,
LIFEBUOY SHP ANTI DANDRUFF 180 ML,8999999033217,code128,,S0004,Pcs,Pcs,box_36,14450,17500,6,,,,,,bukan_konsi,,,,,
LIFEBUOY SHP STRONG SHINY 170ML,8999999033170,code128,,S0003,Pcs,Pcs,box_36,14450,17500,6,,,,,,bukan_konsi,,,,,
LIFEBUOY SHP HAIRFALL 170ML,8999999033132,code128,,S0003,Pcs,Pcs,box_36,14400,17500,3,,,,,,bukan_konsi,,,,,
LIFEBUOY SHP HAIRFALL 70ML,8999999033125,code128,,S0003,Pcs,Pcs,box_48,6850,9500,6,,,,,,bukan_konsi,,,,,
LIFEBUOY SHP STRONG SHINY 70ML,8999999033163,code128,,S0003,Pcs,Pcs,box_48,6850,9500,6,,,,,,bukan_konsi,,,,,
CLEAR SHAMPOO HAIRFALL DEFENS 80ML,8999999043773,code128,,S0003,Pcs,Pcs,box_48,8900,9400,96,,,,,,bukan_konsi,,,,,
CLEAR SHP HERBAL FUSION 80ML,8999999043759,code128,,S0003,Pcs,Pcs,box_48,8900,10500,12,,,,,,bukan_konsi,,,,,
CLEAR SHAMPOO COMP SOFT CARE 80 ML,8999999043780,code128,,S0003,Pcs,Pcs,box_48,8900,9400,48,,,,,,bukan_konsi,,,,,
CLEAR SHAMPOO ICE COOL 80 ML,8999999043797,code128,,S0003,Pcs,Pcs,box_48,8900,9400,96,,,,,,bukan_konsi,,,,,
ZINC SHP HAIR FALL TREATMENT 170ML,8998866105736,code128,,S0003,Pcs,Pcs,box_24,14800,15600,48,,,,,,bukan_konsi,,,,,
ZINC SHP RE FRESHING COOL 170ML`,8998866105743,code128,,S0003,Pcs,Pcs,box_24,10900,16500,4,,,,,,bukan_konsi,,,,,
DOVE SHP NOURISHING OIL CARE 70ML,8999999041267,code128,,S0003,Pcs,Pcs,box_48,9300,11500,6,,,,,,bukan_konsi,,,,,
DOVE SHP DAILY SHINE 70ML,8999999041168,code128,,S0003,Pcs,Pcs,box_48,9800,12500,3,,,,,,bukan_konsi,,,,,
DOVE SHP DAILY SHINE 70ML,8999999039103,code128,,S0003,Pcs,Pcs,box_48,9800,12500,3,,,,,,bukan_konsi,,,,,
ZINC SHP BLACK & SHINE 170ML,8998866105781,code128,,S0003,Pcs,Pcs,box_24,14800,16000,0,,,,,,bukan_konsi,,,,,
ZINC SHP BLACK & SHINE 170ML,,code128,,S0003,Pcs,Pcs,box_24,14800,15600,48,,,,,,bukan_konsi,,,,,
ZINC MEN SHP ANTI HAIR FALL 170ML,8998866106382,code128,,S0003,Pcs,Pcs,box_24,14400,15200,48,,,,,,bukan_konsi,,,,,
ZINC MEN SHP ACTIVE COOL 170ML,8998866106375,code128,,S0003,Pcs,Pcs,box_24,14800,15600,48,,,,,,bukan_konsi,,,,,
CLEAR MEN DEEP CLEANSE 80 ML,8999999035822,code128,,S0003,Pcs,Pcs,box_48,9700,10200,96,,,,,,bukan_konsi,,,,,
HS SHP ITCHY SCALP 75ML`,,code128,,S0003,Pcs,Pcs,box_48,7800,8200,96,,,,,,bukan_konsi,,,,,
HEAD&SHOULDERS SHP COOL MENTHOL 70M,4902430414296,code128,,S0003,Pcs,Pcs,box_48,10148,13000,4,,,,,,bukan_konsi,,,,,
HEAD&SHOULDERS SHP COOL BLAST 70ML,4902430507493,code128,,S0003,Pcs,Pcs,box_48,8700,9200,96,,,,,,bukan_konsi,,,,,
HEAD&SHOULDERS SHP ANTI HAIRFALL 70,4902430433082,code128,,S0003,Pcs,Pcs,box_48,10149,13000,3,,,,,,bukan_konsi,,,,,
HEAD&SHOULDERS SHP SMOTH & SILKY 70,4902430433167,code128,,S0003,Pcs,Pcs,box_48,9000,9500,96,,,,,,bukan_konsi,,,,,
SELECTION 50 GR`,8991038110514,code128,,S0004,Pcs,Pcs,box_96,5900,6200,192,,,,,,bukan_konsi,,,,,
YURI FOAM HS PREMIUM AB POUCH 375ML,8886030819957,code128,,S0004,Pcs,Pcs,box_24,14700,15600,0,,,,,,bukan_konsi,,,,,
YURI HAND SOAP POUCH 375 ML** LEMON,8886030229947,code128,,S0004,Pcs,Pcs,box_24,12500,13200,48,,,,,,bukan_konsi,,,,,
YURI FOAM HS PREMIUM AB POUCH 375ML,8886030819933,code128,,S0003,Pcs,Pcs,box_24,14700,15600,0,,,,,,bukan_konsi,,,,,
YURI FOAM HS PREMIUM AB POUCH 375ML,8886030819940,code128,,S0003,Pcs,Pcs,box_24,14700,15500,48,,,,,,bukan_konsi,,,,,
YURI FOAM HS PREMIUM AB PUMP 410ML ,8886030812835,code128,,S0003,Pcs,Pcs,box_12,25500,26800,24,,,,,,bukan_konsi,,,,,
YURI FOAM HS PREMIUM AB PUMP 410ML ,8886030233012,code128,,S0004,Pcs,Pcs,box_12,25500,26800,24,,,,,,bukan_konsi,,,,,
YURI FOAM HS PREMIUM AB PUMP 410ML ,8886030812842,code128,,S0006,Pcs,Pcs,box_12,25500,26800,24,,,,,,bukan_konsi,,,,,
DETTOL HAND SANITASER REFRESH 50 ML,8993560027247,code128,,S0003,Pcs,Pcs,box_48,10848,14000,6,,,,,,bukan_konsi,,,,,
CITRA LULUR PEARLY WHITE BTL 220ML,8999999500535,code128,,S0003,Pcs,Pcs,box_24,14900,15700,48,,,,,,bukan_konsi,,,,,
CITRA LULUR NATURAL WHITE BTL 220ML,8999999500542,code128,,S0003,Pcs,Pcs,box_24,14900,15700,96,,,,,,bukan_konsi,,,,,
CITRA LULUR SPOTLESS WHITE BTL 220M,8999999024000,code128,,S0003,Pcs,Pcs,box_24,14900,15700,0,,,,,,bukan_konsi,,,,,
DOVE BW GO FRESH NOURISHING BTL 200,8999999030582,code128,,S0003,Pcs,Pcs,box_24,16300,17200,48,,,,,,bukan_konsi,,,,,
DETTOL SHOWER FOAM SENSITIVE SKIN 3,9556111621517,code128,,S0003,Pcs,Pcs,box_12,24300,25600,24,,,,,,bukan_konsi,,,,,
DETTOL SHOWER 300 ML* SKINCARE,8993560026080,code128,,S0003,Pcs,Pcs,box_12,24300,25600,24,,,,,,bukan_konsi,,,,,
DETTOL SHOWER RADIANDE BTL 300ML,8993560026745,code128,,S0003,Pcs,Pcs,box_12,24300,25600,24,,,,,,bukan_konsi,,,,,
LIFEBUOY BW TOTALPROTECT BTL 100ML,8999999001230,code128,,S0003,Pcs,Pcs,box_36,8250,12000,4,,,,,,bukan_konsi,,,,,
LIFEBUOY BW MILDCARE BTL 100ML,8999999001247,code128,,S0003,Pcs,Pcs,box_36,8250,12000,4,,,,,,bukan_konsi,,,,,
LIFEBUOY BW LEMON FRESH BTL 100ML,8999999027254,code128,,S0003,Pcs,Pcs,Box,10900,13000,4,,,,,,bukan_konsi,,,,,
LIFEBUOY BW NATUREPURE BTL 100ML,8999999001223,code128,,S0003,Pcs,Pcs,box_36,8250,10500,6,,,,,,bukan_konsi,,,,,
LIFEBUOY BW ACTIVFRESH BTL 100ML,8999999001216,code128,,S0003,Pcs,Pcs,box_36,10900,13000,4,,,,,,bukan_konsi,,,,,
LIFEBUOY BW LEMON FRESH BTL 300ML,8999999027247,code128,,S0003,Pcs,Pcs,box_24,19800,22500,0,,,,,,bukan_konsi,,,,,
LIFEBUOY BW MILDCARE BTL 300ML,8999999001162,code128,,S0003,Pcs,Pcs,box_24,19800,22500,4,,,,,,bukan_konsi,,,,,
LIFEBUOY BW TOTAL PROTECT BTL 300ML,8999999001155,code128,,S0003,Pcs,Pcs,box_24,19800,22500,4,,,,,,bukan_konsi,,,,,
LIFEBUOY BW  ACTIVEFRESH BTL 300ML,8999999001131,code128,,S0003,Pcs,Pcs,box_24,19800,22500,4,,,,,,bukan_konsi,,,,,
LIFEBUOY BW NATURALPURE BTL 300ML,8999999001148,code128,,S0003,Pcs,Pcs,box_24,19800,22500,4,,,,,,bukan_konsi,,,,,
DETTOL RE ENERGIZE POUCH 250ML,8993560026714,code128,,S0003,Pcs,Pcs,box_24,14099,16600,4,,,,,,bukan_konsi,,,,,
DETTOL SHOWER FOAM 250ML* FRESH,8993560026011,code128,,S0003,Pcs,Pcs,box_24,14099,16600,4,,,,,,bukan_konsi,,,,,
DETTOL SHOWER FOAM PINK POUCH 250ML,8993560026103,code128,,S0003,Pcs,Pcs,box_24,14099,16600,4,,,,,,bukan_konsi,,,,,
SHINZUI BODY CLEAN REF MYORI 200ML,8992946522253,code128,,S0003,Pcs,Pcs,box_48,13100,13800,96,,,,,,bukan_konsi,,,,,
SHINZUI BODY CLEAN REF SAKURA 200ML,8992946522260,code128,,S0003,Pcs,Pcs,box_48,13100,13800,96,,,,,,bukan_konsi,,,,,
LUX BW PURPLE MAGIC REFF250ML,8999999036942,code128,,S0003,Pcs,Pcs,box_24,12850,15000,3,,,,,,bukan_konsi,,,,,
LUX BW BLUE AQUA REF250ML,8999999036911,code128,,S0003,Pcs,Pcs,box_24,12500,13200,48,,,,,,bukan_konsi,,,,,
LUX BW WHITE IMPRESS REFF 24X250ML,8999999043681,code128,,S0003,Pcs,Pcs,box_24,12850,15000,6,,,,,,bukan_konsi,,,,,
LUX BW WHITE VELVET REF 250ML,8999999036904,code128,,S0003,Pcs,Pcs,box_24,12850,15000,3,,,,,,bukan_konsi,,,,,
DOVE BW GO FRESH NOURISHING POUCH 2,8999999030636,code128,,S0003,Pcs,Pcs,box_24,13200,13900,48,,,,,,bukan_konsi,,,,,
NUVO REFILL POUCH 250ML* GOLD,8998866602990,code128,,S0003,Pcs,Pcs,box_12,9300,12500,6,,,,,,bukan_konsi,,,,,
NUVO REFILL POUCH 250ML* BALANCE,8998866602976,code128,,S0003,Pcs,Pcs,box_12,9200,12000,3,,,,,,bukan_konsi,,,,,
NUVO REFILL POUCH 250ML* ACTIVE,8998866602983,code128,,S0003,Pcs,Pcs,box_12,9300,12500,6,,,,,,bukan_konsi,,,,,
NUVO REFILL POUCH 250ML* GENTLE,8998866602969,code128,,S0003,Pcs,Pcs,box_12,9700,12000,2,,,,,,bukan_konsi,,,,,
LUX BW GREEN FRESH REF 250ML,8999999030933,code128,,S0003,Pcs,Pcs,box_24,12500,14000,10,,,,,,bukan_konsi,,,,,
LUX BW PINK SOFT REF 250ML,8999999036898,code128,,S0003,Pcs,Pcs,box_24,12850,15000,3,,,,,,bukan_konsi,,,,,
BIORE BODY FOAM BRIGHT CARE REFILL ,8992727005043,code128,,S0003,Pcs,Pcs,box_24,10100,10700,48,,,,,,bukan_konsi,,,,,
BIORE BODY FOAM HYGIENIC COOL POUCH,8992727005005,code128,,S0003,Pcs,Pcs,box_24,10100,10700,48,,,,,,bukan_konsi,,,,,
BIORE BODY FOAM LIVELY REFRESH 250 ,8992727003872,code128,,S0003,Pcs,Pcs,box_24,15200,17500,4,,,,,,bukan_konsi,,,,,
BIORE BODY FOAM ANTISEPTIC REFILL 2,8992727001328,code128,,S0003,Pcs,Pcs,box_24,10100,10800,48,,,,,,bukan_konsi,,,,,
LIFEBUOY BW LEMON FRESH REF 450ML,8999999027261,code128,,S0003,Pcs,Pcs,box_24,21700,25500,3,,,,,,bukan_konsi,,,,,
LIFEBUOY BW NATURE PURE REFF 450ML,8999999001186,code128,,S0003,Pcs,Pcs,box_24,21700,25500,3,,,,,,bukan_konsi,,,,,
LIFEBUOY BW ORANGE REF 450ML,8999999005481,code128,,S0003,Pcs,Pcs,box_24,21700,25500,3,,,,,,bukan_konsi,,,,,
LIFEBUOY BW MILD CARE REFF 450ML,8999999001209,code128,,S0003,Pcs,Pcs,box_24,20500,21600,48,,,,,,bukan_konsi,,,,,
BIORE BODY FOAM RELAXING AROMATIC 4,8992727002592,code128,,S0003,Pcs,Pcs,box_12,19200,20200,24,,,,,,bukan_konsi,,,,,
BIORE BODY FOAM PURE MILD POUCH 450,8992727001700,code128,,S0003,Pcs,Pcs,box_12,17500,26500,3,,,,,,bukan_konsi,,,,,
Shinzui Soap 90Gr Reguler,8992946511790,code128,,S0003,Pcs,Pcs,box_144,3900,5500,12,,,,,,bukan_konsi,,,,,
Shinzui Soap 90 Gr Kirey,8992946512285,code128,,S0003,Pcs,Pcs,box_144,3900,5500,12,,,,,,bukan_konsi,,,,,
NIVEA SOAP 100 GR* NORMAL,8999777806958,code128,,S0003,Pcs,Pcs,box_48,6000,6500,96,,,,,,bukan_konsi,,,,,
DOVE WHITE BEAUTY BAR SEA 90GR,8999999026370,code128,,S0003,Pcs,Pcs,box_48,5800,8500,5,,,,,,bukan_konsi,,,,,
GIV SOAP PURPLE 85 GR,8998866602389,code128,,S0003,Pcs,Pcs,box_72,1700,3000,12,,,,,,bukan_konsi,,,,,
GIV SOAP BROWN 85 GR,8998866888653,code128,,S0003,Pcs,Pcs,box_72,1800,1900,144,,,,,,bukan_konsi,,,,,
GIV SOAP MULBERRY SILK 80GR,8998866609142,code128,,S0003,Pcs,Pcs,box_72,1900,2100,144,,,,,,bukan_konsi,,,,,
GIV PEARL WHITE BEAUTY BAR SOAP 80 ,8998866608602,code128,,S0003,Pcs,Pcs,box_72,1800,1900,144,,,,,,bukan_konsi,,,,,
LUX TS WHITE IMPRESS 85GR,8999999500399,code128,,S0003,Pcs,Pcs,box_96,2800,4500,0,,,,,,bukan_konsi,,,,,
LUX TS SOFT TOUCH 85GR,8999999036607,code128,,S0003,Pcs,Pcs,box_144,2900,4000,0,,,,,,bukan_konsi,,,,,
LUX TS WHITE VELVET 85 GR,8999999036638,code128,,S0003,Pcs,Pcs,box_144,2800,4500,6,,,,,,bukan_konsi,,,,,
LUX WHITE IMPRESS 85GR,8999999043667,code128,,S0003,Pcs,Pcs,box_144,2900,3100,288,,,,,,bukan_konsi,,,,,
LUX TS AQUA SPARKLE 85GR,8999999036676,code128,,S0003,Pcs,Pcs,box_144,2600,3500,0,,,,,,bukan_konsi,,,,,
LUX TS MAGICAL SPELL 85GR,8999999036690,code128,,S0003,Pcs,Pcs,box_144,2800,4500,0,,,,,,bukan_konsi,,,,,
LUX TS FRESH SPLASH 85 GR,8999999031107,code128,,S0003,Pcs,Pcs,box_144,2600,4000,0,,,,,,bukan_konsi,,,,,
FRESH NATURAL BAR SOAP 4 X 70 GR,8998866603683,code128,,S0003,Pack,Pack,box_18,5300,5800,0,,,,,,bukan_konsi,,,,,
LIFEBUOY TS MILDCARE 24X(4X110G),8999999045913,code128,,S0003,Pcs,Pcs,box_24,3525,3800,0,,,,,,bukan_konsi,,,,,
LIFEBUOY TS MILDCARE 4X60GR,8999999046989,code128,,S0003,Pcs,Pcs,box_36,7500,7900,72,,,,,,bukan_konsi,,,,,
LIFEBUOY TS TOTAL 4X60GR,8999999046996,code128,,S0003,Pcs,Pcs,box_36,7500,7900,72,,,,,,bukan_konsi,,,,,
DETTOL BAR SOAP SKIN CARE 110GR BAN,8993560024222,code128,,S0003,Pcs,Pcs,box_27,4440,6000,6,,,,,,bukan_konsi,,,,,
DETTOL BAR SOAP FRESH 110GR BANDED ,8993560024154,code128,,S0003,Pcs,Pcs,box_27,4440,6000,6,,,,,,bukan_konsi,,,,,
DETTOL BAR SOAP COOL 110GR BANDED 5,8993560024192,code128,,S0003,Pcs,Pcs,box_27,4440,6000,6,,,,,,bukan_konsi,,,,,
DETTOL SOAP RE ENERGIZE 5X110GR,8993560025120,code128,,S0003,Pcs,Pcs,box_27,4440,6000,6,,,,,,bukan_konsi,,,,,
DETTOL BAR SOAP ORIGINAL 110GR BAND,8993560024451,code128,,S0003,Pcs,Pcs,box_27,4440,4700,0,,,,,,bukan_konsi,,,,,
DETTOL SOAP LASTING FRESH 5X110GR`,8993560025250,code128,,S0003,Pcs,Pcs,box_27,4100,4400,0,,,,,,bukan_konsi,,,,,
FORMULA TB ZIGZAG,8991102024150,code128,,S0003,Pcs,Pcs,box_72,3037,5000,12,,,,,,bukan_konsi,,,,,
FORMULA TB DOUBLE ACTION Pcs S,8991102020152,code128,,S0003,Pcs,Pcs,box_72,2743,5000,12,,,,,,bukan_konsi,,,,,
FORMULA TB TRENDY Pcs M,8991102020473,code128,,S0003,Pcs,Pcs,box_72,3100,3400,0,,,,,,bukan_konsi,,,,,
FORMULA TB DIAMOND Pcs S,8991102022446,code128,,S0003,Pcs,Pcs,box_144,2900,5000,12,,,,,,bukan_konsi,,,,,
FORMULA TB ZAP Pcs M,8991102023139,code128,,S0003,Pcs,Pcs,box_72,3100,3400,0,,,,,,bukan_konsi,,,,,
FORMULA TB SYSTEM Pcs S,8991102021234,code128,,S0003,Pcs,Pcs,box_72,3100,3400,0,,,,,,bukan_konsi,,,,,
FORMULA TB CONFIDENT CURVE,8991102024099,code128,,S0003,Pcs,Pcs,box_72,4000,4400,0,,,,,,bukan_konsi,,,,,
PEPSODENT TB DOUBLE CARE ULTRA SENS,8999999043285,code128,,S0003,Pcs,Pcs,box_48,9700,10300,96,,,,,,bukan_konsi,,,,,
CIPTADENT TOOTH BRUSH MEDIUM 3S,8998866102506,code128,,S0003,Pcs,Pcs,box_6,4500,4900,0,,,,,,bukan_konsi,,,,,
VASELINE MEN HEALTHY WHITE FW 100GR,4800888157966,code128,,S0003,Pcs,Pcs,box_24,23800,25000,48,,,,,,bukan_konsi,,,,,
VASELINE MEN FACIAL FOAM OIL CTRL10,8999999001988,code128,,S0003,Pcs,Pcs,box_24,23800,25000,48,,,,,,bukan_konsi,,,,,
VASELINE MEN FACE WASH A DULLNESS 5,4800888157942,code128,,S0003,Pcs,Pcs,box_24,24100,25400,48,,,,,,bukan_konsi,,,,,
PONDS MEN FC POLLUTION OUT 100GR,8999999041656,code128,,S0003,Pcs,Pcs,box_24,23650,25500,6,,,,,,bukan_konsi,,,,,
PONDS MEN SUN DULLNESS FIGT ICY GEL,8999999057046,code128,,S0003,Pcs,Pcs,box_24,24100,25400,48,,,,,,bukan_konsi,,,,,
PONDS MEN ENERGY CHARGE FACE SCRUB ,8999999034689,code128,,S0003,Pcs,Pcs,box_24,15400,16200,48,,,,,,bukan_konsi,,,,,
PONDS MEN FC POLLUTION OUT 50GR,8999999041663,code128,,S0003,Pcs,Pcs,box_24,15400,16200,48,,,,,,bukan_konsi,,,,,
NIVEA FOR MEN FACIAL FOAM OIL CTRL ,8999777000172,code128,,S0003,Pcs,Pcs,box_36,13000,13700,72,,,,,,bukan_konsi,,,,,
NIVEA FOR MEN WHITE FAC FOAM OC 50M,8999777888374,code128,,S0003,Pcs,Pcs,box_36,12500,13200,72,,,,,,bukan_konsi,,,,,
BIORE MENS FACIAL FOAM WHITE ENERGY,8992727005128,code128,,S0003,Pcs,Pcs,box_6,9700,10200,12,,,,,,bukan_konsi,,,,,
BIORE MENS FF ACNE DEFENSE 40GR,8992727005142,code128,,S0003,Pcs,Pcs,box_6,9700,10200,12,,,,,,bukan_konsi,,,,,
REXONA RO MEN ANTIBACTERIAL 50ML,8999999047092,code128,,S0003,Pcs,Pcs,box_24,14900,18000,0,,,,,,bukan_konsi,,,,,
REXONA MEN RO ICE COOL RL 50ML,8999999049409,code128,,S0003,Pcs,Pcs,box_24,13550,17000,6,,,,,,bukan_konsi,,,,,
REXONA MEN ROLL QUANTUM RL 50ML,8999999049416,code128,,S0003,Pcs,Pcs,box_24,13300,17000,6,,,,,,bukan_konsi,,,,,
REXONA MEN RO INVISIBLE DRY RL 50ML,8999999049669,code128,,S0003,Pcs,Pcs,box_24,13100,17000,6,,,,,,bukan_konsi,,,,,
REXONA MEN RO SPORT DEFENCE RL 50ML,8999999049423,code128,,S0003,Pcs,Pcs,box_24,13550,17000,6,,,,,,bukan_konsi,,,,,
REXONA MEN RO ADVENTURE ID RL 50ML,8999999049393,code128,,S0003,Pcs,Pcs,box_24,13100,17000,6,,,,,,bukan_konsi,,,,,
REXONA MEN RO FERRARI V8 RL 50ML,8999999049430,code128,,S0003,Pcs,Pcs,box_24,13550,17000,0,,,,,,bukan_konsi,,,,,
GATSBY STYLING WAX BRITISH,8992222051606,code128,,S0003,Pcs,Pcs,box_6,15000,15800,0,,,,,,bukan_konsi,,,,,
GATSBY STYLING WAX ULTIMATESHAGGY 7,8992222053129,code128,,S0003,Pcs,Pcs,box_6,15000,15800,12,,,,,,bukan_konsi,,,,,
CLEAR STYLING CREAM 100 GR,8999999720940,code128,,S0003,Pcs,Pcs,box_72,10200,13000,12,,,,,,bukan_konsi,,,,,
BIC 2 ORANGE HC 1S,3086126676074,code128,,S0004,Pcs,Pcs,box_288,3200,3500,0,,,,,,bukan_konsi,,,,,
BIC 1 ORANGE HC 1S,3086123194366,code128,,S0004,Pcs,Pcs,box_288,2525,2800,0,,,,,,bukan_konsi,,,,,
GILLETTE BLUE 3 4S,7702018001538,code128,,S0004,Pack,Pack,box_6,47400,49800,12,,,,,,bukan_konsi,,,,,
GILLETTE MACH 3 TURBO SEN RAZOR 1S,7702018041107,code128,,S0004,Pack,Pack,box_6,55200,58000,12,,,,,,bukan_konsi,,,,,
GILLETTE BLUE 3 ICE 4S,4902430440950,code128,,S0004,Pack,Pack,box_6,47400,49800,12,,,,,,bukan_konsi,,,,,
GILLETTE BLUE 3 COLLECTION  2S,4902430479264,code128,,S0004,Pcs,Pcs,box_12,23900,25100,24,,,,,,bukan_konsi,,,,,
GILLETTE MACH 3 COLLECTION 1S,4902430510455,code128,,S0004,Pack,Pack,box_6,47600,50000,12,,,,,,bukan_konsi,,,,,
SENSODYNE FRESH MINT 100 GR,8991991161332,code128,,S0004,Pcs,Pcs,box_72,20600,21800,144,,,,,,bukan_konsi,,,,,
SENSODYNE GEL 100GR,4800318407739,code128,,S0004,Pcs,Pcs,box_72,20600,21800,144,,,,,,bukan_konsi,,,,,
PEPSODENT TP SENSITIVE EXPERT 100GR,8999999008505,code128,,S0004,Pcs,Pcs,box_36,21000,22200,72,,,,,,bukan_konsi,,,,,
PEPSODENT TP ACTION 123 190GR,8999999030186,code128,,S0004,Pcs,Pcs,box_48,11500,12200,0,,,,,,bukan_konsi,,,,,
SYSTEMA TP MENTHOL BREEZE 190GR,8998866105989,code128,,S0004,Pcs,Pcs,box_24,9000,9600,48,,,,,,bukan_konsi,,,,,
SYSTEMA TP SPRING FRESH 190GR,8998866105996,code128,,S0004,Pcs,Pcs,box_24,9000,9600,48,,,,,,bukan_konsi,,,,,
CLOSE UP DEEP ACTION 65G,8999999707835,code128,,S0004,Pcs,Pcs,box_48,5800,8000,24,,,,,,bukan_konsi,,,,,
CLOSE UP FIRE FREEZE 65GR,8999999008499,code128,,S0004,Pcs,Pcs,box_48,7400,7900,0,,,,,,bukan_konsi,,,,,
PEPSODENT TP WHITE 75 GR,8999999706081,code128,,S0004,Pcs,Pcs,box_144,3775,6000,12,,,,,,bukan_konsi,,,,,
PEPSODENT TP HERBAL 75 GR,8999999710880,code128,,S0004,Pcs,Pcs,box_144,6600,8500,12,,,,,,bukan_konsi,,,,,
SENSODYNE GENTLE WHITENING 100GR,8992695724069,code128,,S0004,Pcs,Pcs,box_72,22300,23600,144,,,,,,bukan_konsi,,,,,
PEPSODENT TP PLUS WHITENING190GR,8999999707781,code128,,S0004,Pcs,Pcs,box_48,13850,16500,36,,,,,,bukan_konsi,,,,,
PEPSODENT TP CENTRE FRESH 160 GR,8999999715588,code128,,S0004,Pcs,Pcs,box_48,14900,18500,10,,,,,,bukan_konsi,,,,,
PEPSODENT TP HERBAL 120GR,8999999710873,code128,,S0004,Pcs,Pcs,box_72,9100,9700,0,,,,,,bukan_konsi,,,,,
PEPSODENT TP WHITE 120 GR,8999999706173,code128,,S0004,Pcs,Pcs,box_72,5650,7500,12,,,,,,bukan_konsi,,,,,
CLOSE UP FIRE FREEZE 160GR,8999999008482,code128,,S0004,Pcs,Pcs,box_48,16600,17600,0,,,,,,bukan_konsi,,,,,
ZACT TOOTH PASTE 150 GR,8998866102636,code128,,S0004,Pcs,Pcs,box_24,8500,9100,0,,,,,,bukan_konsi,,,,,
REXONA WMN RO NATURALS RL 50ML,8999999049478,code128,,S0004,Pcs,Pcs,box_24,14900,18000,0,,,,,,bukan_konsi,,,,,
DOVE DEO ULTIMATE WHITE 40ML,8999999027865,code128,,S0004,Pcs,Pcs,box_24,16100,18500,6,,,,,,bukan_konsi,,,,,
DOVE ROLL ON ORIGINAL 40 ML,8999999005580,code128,,S0004,Pcs,Pcs,box_24,16100,18500,6,,,,,,bukan_konsi,,,,,
REXONA WMN RO FREE SPIRIT RL 50ML,8999999049454,code128,,S0004,Pcs,Pcs,box_24,13550,17000,6,,,,,,bukan_konsi,,,,,
REXONA WMN ROLL ON POWDER DRY RL 50,8999999049492,code128,,S0004,Pcs,Pcs,box_24,13550,17000,0,,,,,,bukan_konsi,,,,,
VASELINE INTENSIVE CARE,8999999003074,code128,,S0004,Pcs,Pcs,box_36,11400,15000,6,,,,,,bukan_konsi,,,,,
VASELINE HBL ALOE FRESH 100ML,8999999020019,code128,,S0004,Pcs,Pcs,box_36,16100,17000,72,,,,,,bukan_konsi,,,,,
VASELINE LOT HEALTY SUN BLOCK 100ML,8999999719081,code128,,S0004,Pcs,Pcs,box_36,28400,29900,72,,,,,,bukan_konsi,,,,,
VASELINE LOTION HEALTHY WHITE 100ML,8999999719395,code128,,S0004,Pcs,Pcs,box_36,11400,15000,6,,,,,,bukan_konsi,,,,,
VASELINE INTENSV CARE ADV STRENGTH ,8999999045562,code128,,S0004,Pcs,Pcs,box_36,15750,19000,6,,,,,,bukan_konsi,,,,,
CITRA HBL JPN WAKAME GEL LOT 120ML,8999999040802,code128,,S0004,Pcs,Pcs,box_36,10800,11400,72,,,,,,bukan_konsi,,,,,
CITRA NATURAL WHITE UV 120ML,8999999003708,code128,,S0004,Pcs,Pcs,box_36,9000,12500,0,,,,,,bukan_konsi,,,,,
CITRA HAND  BODY LST GLOW 120ML,8999999003661,code128,,S0004,Pcs,Pcs,box_36,9000,11500,6,,,,,,bukan_konsi,,,,,
CITRA HAND  BODY FRESH RADIANCE 120,8999999003685,code128,,S0004,Pcs,Pcs,box_36,9600,10100,72,,,,,,bukan_konsi,,,,,
LISTERINE 250 ML** ORIGINAL,8992725910202,code128,,S0004,Pcs,Pcs,box_24,18400,19700,0,,,,,,bukan_konsi,,,,,
LISTERINE GREEN TEA 250ML,8991111152080,code128,,S0004,Pcs,Pcs,box_8,21505,26000,0,,,,,,bukan_konsi,,,,,
LISTERINE MOUTH WASH VANILLA MINT 2,8991111152011,code128,,S0004,Pcs,Pcs,box_24,20500,21700,0,,,,,,bukan_konsi,,,,,
LISTERINE MOUTHWASH CITRUS 250ML,8992725910615,code128,,S0004,Pcs,Pcs,box_24,18400,19500,0,,,,,,bukan_konsi,,,,,
LISTERINE 250 ML** FRESH,8992725910424,code128,,S0004,Pcs,Pcs,box_24,21505,26000,6,,,,,,bukan_konsi,,,,,
LISTERINE 250 ML** COOL MINT,8992725910332,code128,,S0004,Pcs,Pcs,box_24,14900,20500,12,,,,,,bukan_konsi,,,,,
LISTERINE TEETHGUM DEFENSE 250 ML,8992725910561,code128,,S0004,Pcs,Pcs,box_24,20500,21700,0,,,,,,bukan_konsi,,,,,
PEPSODENT MOUTHWASH SENS EXPERT 150,8999999032395,code128,,S0004,Pcs,Pcs,box_18,9800,10400,0,,,,,,bukan_konsi,,,,,
PEPSODENT MOUTHWASH WHITE NOW 150ML,8999999032401,code128,,S0004,Pcs,Pcs,box_18,11000,12500,2,,,,,,bukan_konsi,,,,,
PEPSODENT MOUTHWASH HERBAL NAT 150M,8999999032425,code128,,S0004,Pcs,Pcs,box_18,10499,12000,2,,,,,,bukan_konsi,,,,,
CIPTADENT TOOTH BRUSH 3S DOUBLE ACT,8998866102483,code128,,S0004,Pack,Pack,box_6,4500,4800,0,,,,,,bukan_konsi,,,,,
FRESH NATURAL BAR SOAP 4 X 70 GR,8998866800167,code128,,S0003,Pack,Pack,box_18,5300,5600,0,,,,,,bukan_konsi,,,,,
FRESH NATURAL BAR SOAP 4 X 70 GR,8998866800143,code128,,S0003,Pack,Pack,box_18,5300,5600,0,,,,,,bukan_konsi,,,,,
HEAD&SHOULDERS SHP ITCHY SCALP 75ML,4902430477161,code128,,S0004,Pcs,Pcs,box_48,9500,10000,96,,,,,,bukan_konsi,,,,,
LIFEBUOY BW TOTAL PROTECT REFF 450M,8999999001193,code128,,S0003,Pcs,Pcs,box_48,21700,25500,3,,,,,,bukan_konsi,,,,,
MAMY POKO PANTS BOYS XXXL 24S,8851111416097,code128,,S0003,Pcs,Pcs,box_3,148500,156000,6,,,,,,bukan_konsi,,,,,
VASELINE MEN SERUM SPF 30 CREAM 15G,8999999037857,code128,,S0003,Pcs,Pcs,box_96,23000,23100,0,,,,,,bukan_konsi,,,,,
SO KLIN FLOOR CLEANER P 800 ML**,8998866679633,code128,,S0004,Pcs,Pcs,box_12,9265,13000,6,,,,,,bukan_konsi,,,,,
TEH PUCUK HARUM ORIGINAL 350ML,8996001600146,code128,,S0002,Pcs,Pcs,box_24,2208,4000,24,,,,,,bukan_konsi,,,,,
FANTA STRAWBERRY CAN 330 ML,8992761111045,code128,,S0002,Pcs,Pcs,box_24,5400,7000,0,,,,,,bukan_konsi,,,,,
COCA COLA CAN 330 ML,8992761111014,code128,,S0002,Pcs,Pcs,box_24,5000,7000,0,,,,,,bukan_konsi,,,,,
ISOPLUS BTL 350ML,8998866610377,code128,,S0002,Pcs,Pcs,box_12,2250,4000,12,,,,,,bukan_konsi,,,,,
CHITATO SAPI PANGGANG 35GR,89686598025,code128,,S0005,Pcs,Pcs,box_40,5299,6500,10,,,,,,bukan_konsi,,,,,
POP MIE BASO CUP 75GR,89686060126,code128,,S0005,Pcs,Pcs,box_24,3833,6000,24,,,,,,bukan_konsi,,,,,
POP MIE AYAM 75GR,89686060027,code128,,S0005,Pcs,Pcs,box_24,3833,6000,24,,,,,,bukan_konsi,,,,,
POP MIE KARI AYAM 75GR,89686060461,code128,,S0005,Pcs,Pcs,box_24,3877,6000,24,,,,,,bukan_konsi,,,,,
POP MIE SOTO AYAM 75GR,89686060362,code128,,S0005,Pcs,Pcs,box_24,3833,6000,24,,,,,,bukan_konsi,,,,,
INDOMIE GORENG 85GR,89686010947,code128,,S0005,Pcs,Pcs,box_40,2275,3500,40,,,,,,bukan_konsi,,,,,
INDOMIE SOTO MIE 70GR,89686010343,code128,,S0005,Pcs,Pcs,box_40,2180,3000,40,,,,,,bukan_konsi,,,,,
INDOMIE AYAM BAWANG 69GR,89686010015,code128,,S0005,Pcs,Pcs,box_40,2180,3000,40,,,,,,bukan_konsi,,,,,
INDOMIE KARI AYAM 72GR,89686010527,code128,,S0005,Pcs,Pcs,box_40,2312,3500,40,,,,,,bukan_konsi,,,,,
SEDAAP MINYAK GORENG 2LTR,8998866501033,code128,,S0001,Pcs,Pcs,box_12,25400,26700,24,,,,,,bukan_konsi,,,,,
KUNCI MAS GERIGEN 5LT,8992826112086,code128,,S0001,Pcs,Pcs,box_6,69900,73400,12,,,,,,bukan_konsi,,,,,
ROSE BRAND MINYK GORENG 5LT,8993093664759,code128,,S0001,Pcs,Pcs,box_6,60700,63800,12,,,,,,bukan_konsi,,,,,
SANIA MG BTL 1LT,8993496104012,code128,,S0001,Pcs,Pcs,box_12,14000,14800,24,,,,,,bukan_konsi,,,,,
FILMA MG BTL 1LT,8992826111034,code128,,S0001,Pcs,Pcs,box_12,15400,16200,24,,,,,,bukan_konsi,,,,,
SANIA MYK GRG 1LT,8993496001083,code128,,S0001,Pcs,Pcs,box_12,12691,13400,24,,,,,,bukan_konsi,,,,,
BLUE BAND SRB GN CUP 250GR,8999999034160,code128,,S0001,Pcs,Pcs,box_24,11000,11600,48,,,,,,bukan_konsi,,,,,
ABC SARDEN KLG 425GR,711844330115,code128,,S0001,Pcs,Pcs,box_24,15800,16600,48,,,,,,bukan_konsi,,,,,
MAYA SARDEN 155GR,8992987001014,code128,,S0001,Pcs,Pcs,box_24,6300,6700,48,,,,,,bukan_konsi,,,,,
ABC SARDEN SAUS TMT 155GR,711844330009,code128,,S0001,Pcs,Pcs,box_24,6800,7200,48,,,,,,bukan_konsi,,,,,
BLUE BAND SACHT 200GR,8999999034153,code128,,S0001,Pcs,Pcs,box_24,6500,6900,48,,,,,,bukan_konsi,,,,,
SIKAT TORINA,8998889277205,code128,,S0003,Pcs,Pcs,box_5,23000,25000,5,,,,,,bukan_konsi,,,,,
DORONGAN AIR NGT,8998889321199,code128,,S0003,Pcs,Pcs,box_5,27000,30000,5,,,,,,bukan_konsi,,,,,
DORONGAN AIR NGY,8997020367195,code128,,S0003,Pcs,Pcs,box_5,18000,20000,5,,,,,,bukan_konsi,,,,,
PENGKI SHINPO,pengkishinpo,code128,,S0003,Pcs,Pcs,box_5,14000,15000,5,,,,,,bukan_konsi,,,,,
SAPU LIDI,31,code128,,S0003,Pcs,Pcs,box_5,4000,5000,5,,,,,,bukan_konsi,,,,,
SAPU LIDI GG,32,code128,,S0003,Pcs,Pcs,box_5,8000,10000,5,,,,,,bukan_konsi,,,,,
PEL TANGAN ,,code128,,S0003,Pcs,Pcs,box_20,9000,10000,20,,,,,,bukan_konsi,,,,,
SIKAT WC O,8999979018470,code128,,S0003,Pcs,Pcs,box_5,18000,20000,5,,,,,,bukan_konsi,,,,,
SIKAT NAGOYA,8997020369021,code128,,S0003,Pcs,Pcs,box_5,9000,11000,5,,,,,,bukan_konsi,,,,,
SIKAT LION STAR,8999979018517,code128,,S0003,Pcs,Pcs,box_5,13000,15000,50,,,,,,bukan_konsi,,,,,
SIKAT DRAGON ,SIKATDRAGON,code128,,S0003,Pcs,Pcs,box_6,7500,9000,0,,,,,,bukan_konsi,,,,,
SAPU AREN,33,code128,,S0003,Pcs,Pcs,box_5,13000,15000,5,,,,,,bukan_konsi,,,,,
SAPU DRAGON ,SAPUDRAGON,code128,,S0003,Pcs,Pcs,box_5,18000,20000,5,,,,,,bukan_konsi,,,,,
HSH KESET MOTIF,8994078021598,code128,,S0003,Pcs,Pcs,box_12,19900,21500,24,,,,,,bukan_konsi,,,,,
KEKESET ANYAM,2465105025019,code128,,S0003,Pcs,Pcs,box_19,14900,16500,28,,,,,,bukan_konsi,,,,,
LAP LANTAI PUTIH,28,code128,,S0003,Pcs,Pcs,box_5,9300,10500,5,,,,,,bukan_konsi,,,,,
LAP LANTAI LAVENDER,29,code128,,S0003,Pcs,Pcs,box_5,9300,10500,5,,,,,,bukan_konsi,,,,,
SAMPOERNA MILD16,8999909096004,code128,,S0007,Pcs,Pcs,box_10,22100,25000,10,,,,,,bukan_konsi,,,,,
DJI SAM SOE KRETEK 234,8999909028234,code128,,S0007,Pcs,Pcs,box_200,16100,19000,10,,,,,,bukan_konsi,,,,,
GUDANG GARAM FILTER MERAH,8998989100120,code128,,S0007,Pcs,Pcs,box_200,16600,19000,20,,,,,,bukan_konsi,,,,,
DJARUM SUPER 12,8991906101019,code128,,S0007,Pcs,Pcs,box_200,16500,19000,10,,,,,,bukan_konsi,,,,,
LA LIGHT MERAH,8991906101057,code128,,S0007,Pcs,Pcs,box_100,19600,23000,10,,,,,,bukan_konsi,,,,,
U MILD,8995078803078,code128,,S0007,Pcs,Pcs,box_100,20100,22500,10,,,,,,bukan_konsi,,,,,
MARLBORO RED,76164217,code128,,S0007,Pcs,Pcs,box_100,27800,31000,10,,,,,,bukan_konsi,,,,,
MARLBORO GOLD,76239878,code128,,S0007,Pcs,Pcs,box_100,27800,31000,10,,,,,,bukan_konsi,,,,,
BERAS 10KG BMW,2,code128,,S0001,Pcs,Pcs,Box,120000,125000,2,,,,,,bukan_konsi,,,,,
PAPER ONE F4 70 GREEN,8993242597808,code128,,S0008,Pack,Pack,box_15,43500,49000,5,,,,,,bukan_konsi,,,,,
PAPER ONE A4 70 GREEN,8993242596955,code128,,S0008,Pack,Pack,box_15,39000,46500,50,,,,,,bukan_konsi,,,,,
PAPER ONE F4 80 BLUE,8993242597587,code128,,S0008,Pack,Pack,box_10,50000,56000,50,,,,,,bukan_konsi,,,,,
PAPER ONE A4 80 BLUE,8993242596993,code128,,S0008,Pack,Pack,box_5,42500,49000,0,,,,,,bukan_konsi,,,,,
BOLA DUNIA F4 80,8991389295113,code128,,S0008,Pack,Pack,box_15,48500,54500,5,,,,,,bukan_konsi,,,,,
BOLA DUNIA A4 80,8991389295120,code128,,S0008,Pack,Pack,box_5,43500,49500,45,,,,,,bukan_konsi,,,,,
SNOWMAN SPIDOL RED G12,4970129726524,code128,,S0009,Pcs,Pcs,box_12,4300,6000,0,,,,,,bukan_konsi,,,,,
KENKO HCUTTER APcs300,8998838060032,code128,,S0009,Pcs,Pcs,box_12,3625,6000,10,,,,,,bukan_konsi,,,,,
KENKO WCUTTER LPcs500,8998838060018,code128,,S0009,Pcs,Pcs,box_12,11500,14000,12,,,,,,bukan_konsi,,,,,
LEM FOX 150GR,8994397000021,code128,,S0009,Pcs,Pcs,box_10,7500,12000,0,,,,,,bukan_konsi,,,,,
KENKO CORRECTION PEN KEPcs01,8998838050002,code128,,S0009,Pcs,Pcs,box_24,4200,6500,12,,,,,,bukan_konsi,,,,,
STAEDTLER PENGHAPUS KCL,4007817524206,code128,,S0009,Pcs,Pcs,box_40,1750,3500,40,,,,,,bukan_konsi,,,,,
JOYCO GLUE STICK 8G,8993988111009,code128,,S0009,Pcs,Pcs,box_36,2000,4000,12,,,,,,bukan_konsi,,,,,
JOYKO PENCIL PPcs88,8993988286066,code128,,S0009,Pcs,Pcs,box_60,625,2500,12,,,,,,bukan_konsi,,,,,
JOYCO TRI CLIPS NO.3,8993988065197,code128,,S0009,Pack,Pack,box_24,1450,3000,10,,,,,,bukan_konsi,,,,,
AMPLOP 104PPS,8991389247037,code128,,S0009,Pack,Pack,box_15,12000,15000,60,,,,,,bukan_konsi,,,,,
AMPLOP 90PPS,8991389247013,code128,,S0009,Pack,Pack,Box,17000,21000,20,,,,,,bukan_konsi,,,,,
MAX STAPLER HDPcs10 YELLOW,4902870775704,code128,,S0004,Pcs,Pcs,box_12,10500,11500,24,,,,,,bukan_konsi,,,,,
MAX STAPLER HDPcs10 MAGENTA,4902870775698,code128,,S0004,Pcs,Pcs,box_12,10500,11500,24,,,,,,bukan_konsi,,,,,
KENKO PUNCH NO.30DL,8998838350904,code128,,S0009,Pcs,Pcs,box_6,10500,11500,10,,,,,,bukan_konsi,,,,,
SIDU DOUB FOLIO 10L,8995757234001,code128,,S0009,Pcs,Pcs,box_10,1300,3000,80,,,,,,bukan_konsi,,,,,
ETONA NO.10 STEPLES,4970430100518,code128,,S0009,Pcs,Pcs,box_60,1600,3000,40,,,,,,bukan_konsi,,,,,
TEH BOTOL SOSRO 450ML,8996006855145,code128,,S0002,Pcs,Pcs,box_12,4666,7500,12,,,,,,bukan_konsi,,,,,
YEOS CINCAU 300ML,9556156003385,code128,,S0002,Pcs,Pcs,box_24,4629,6500,24,,,,,,bukan_konsi,,,,,
JOLLY KILOAN 600GR,8992759174113,code128,,S0003,Pack,Pack,box_12,14636,16500,0,,,,,,bukan_konsi,,,,,
DIAMON MILK UHT FULL CREAM 1000ML,8999898962533,code128,,S0003,Pcs,Pcs,box_12,14499,15500,2,,,,,,bukan_konsi,,,,,
JOLLY TISSUE EMB10S,8992759214093,code128,,S0003,Pack,Pack,box_6,25000,28000,12,,,,,,bukan_konsi,,,,,
FRISIAN FLAG SACHET KENTAL MANIS 6S,8992753031900,code128,,S0002,Pack,Pack,box_20,7000,9500,20,,,,,,bukan_konsi,,,,,
FRISIAN FLAG SACHET COKELAT 6S,8992753102303,code128,,S0002,Pack,Pack,box_20,6825,8500,20,,,,,,bukan_konsi,,,,,
NUTRIJELL JELLYPWDR STRWBERRY 15GR,8992933211115,code128,,S0005,Pcs,Pcs,box_12,4500,5500,12,,,,,,bukan_konsi,,,,,
COCACOLA ZERO 330ML,8992761111298,code128,,S0002,Pcs,Pcs,box_24,5000,5500,48,,,,,,bukan_konsi,,,,,
ZODA STRWBERRY CAN 330ML,8999510940000,code128,,S0002,Pcs,Pcs,box_24,5583,5900,48,,,,,,bukan_konsi,,,,,
ZODA LEMON CAN 330ML,8999510933002,code128,,S0002,Pcs,Pcs,box_24,5583,5900,48,,,,,,bukan_konsi,,,,,
TEH GELAS BOTLE 350ML,8991102228121,code128,,S0002,Pcs,Pcs,box_24,2491,4000,48,,,,,,bukan_konsi,,,,,
2 TANG ZESTEA 500ML,8992780030372,code128,,S0002,Pcs,Pcs,box_24,4391,4700,48,,,,,,bukan_konsi,,,,,
Q GUAVA 350ML,8996001600245,code128,,S0002,Pcs,Pcs,box_12,4000,6500,12,,,,,,bukan_konsi,,,,,
MAWAR JAYA GULA PASIR 1KG,8997209190002,code128,,S0001,Pcs,Pcs,box_25,15500,16300,50,,,,,,bukan_konsi,,,,,
GULA PASIR SUS 1KG,8995163400342,code128,,S0001,Pcs,Pcs,box_25,12500,14500,50,,,,,,bukan_konsi,,,,,
SCHWEPPES AIR SODA 330ML,8992761111144,code128,,S0002,Pcs,Pcs,box_24,5762,6100,48,,,,,,bukan_konsi,,,,,
MAMASUKA TEPUNG BUMBU KRISPI 1KG,8995102702056,code128,,S0001,Pcs,Pcs,box_4,17700,18600,8,,,,,,bukan_konsi,,,,,
SASA TEPUNG BUMBU KENTUCHKY 900GR,8992736990163,code128,,S0001,Pcs,Pcs,box_4,19600,20600,8,,,,,,bukan_konsi,,,,,
ZODA 250ML BTL,8999510603004,code128,,S0002,Pcs,Pcs,box_12,7400,7800,24,,,,,,bukan_konsi,,,,,
FRISIAN FLAG GOLD PUNCH 220GR,8992753005970,code128,,S0002,Pcs,Pcs,box_12,10933,13500,18,,,,,,bukan_konsi,,,,,
NESTLE CARNATION 370G,8992696426481,code128,,S0001,Pcs,Pcs,box_12,9000,11000,12,,,,,,bukan_konsi,,,,,
LA PASTA BARBEQUE 57GR,8992933652215,code128,,S0005,Pcs,Pcs,box_24,2895,3500,48,,,,,,bukan_konsi,,,,,
LA PASTA CHESE BOLOGNESE 57GR,8992933651218,code128,,S0005,Pcs,Pcs,box_24,2895,3500,48,,,,,,bukan_konsi,,,,,
NUTRIJELL JELLY POWDER PLAIN 15GR,8992933215113,code128,,S0005,Pcs,Pcs,box_12,4183,4500,24,,,,,,bukan_konsi,,,,,
SWALLOW SANDAL JEPIT ,8,code128,,S0004,Pcs,Pcs,box_10,8000,15000,0,,,,,,bukan_konsi,,,,,
NICE SOFT PACK 250S,8992759313529,code128,,S0003,Pcs,Pcs,box_5,8900,9400,10,,,,,,bukan_konsi,,,,,
NICE TRAVEL 60S,8992759134117,code128,,S0003,Pcs,Pcs,box_8,2175,2300,16,,,,,,bukan_konsi,,,,,
PASEO TRVL 50SHT,paseotravel,code128,,S0003,Pcs,Pcs,box_5,1500,3000,80,,,,,,bukan_konsi,,,,,
ULTRA SARI KACANG HIJAU 250ML,8998009050053,code128,,S0002,Pcs,Pcs,box_24,3241,5000,24,,,,,,bukan_konsi,,,,,
ROMA MALKIST CRAC250G,8996001302354,code128,,S0005,Pcs,Pcs,Box,8200,8700,24,,,,,,bukan_konsi,,,,,
MAYA SARDEN CABE 425GR,8992947834256,code128,,S0005,Pcs,Pcs,box_24,15800,16600,48,,,,,,bukan_konsi,,,,,
MAYA SARDEN TOM SC80G,711844330108,code128,,S0005,Pcs,Pcs,box_24,6800,7200,48,,,,,,bukan_konsi,,,,,
TEH PUCUK HRM 480 ,8996001600207,code128,,S0002,Pcs,Pcs,box_12,4290,6500,12,,,,,,bukan_konsi,,,,,
BUAVITA GUAVA 250ML,8998009020186,code128,,S0002,Pcs,Pcs,box_24,5700,7500,24,,,,,,bukan_konsi,,,,,
BUAVITA MANGGO 250ML,8998009020193,code128,,S0002,Pcs,Pcs,box_24,5700,7500,24,,,,,,bukan_konsi,,,,,
BUAVITA SIRSAK 250ML,8999999038137,code128,,S0002,Pcs,Pcs,box_24,6238,7500,12,,,,,,bukan_konsi,,,,,
NESTLE KOKO CRUNCH 330GR,4800361000239,code128,,S0005,Pcs,Pcs,box_12,32087,35500,6,,,,,,bukan_konsi,,,,,
DELMONTE CHIL EX HOT 24X9G,8998888710505,code128,,S0001,Pack,Pack,box_12,5700,6000,24,,,,,,bukan_konsi,,,,,
MOMOGI ST COKLAT8G,8994075230436,code128,,S0005,Pcs,Pcs,box_6,395,500,0,,,,,,bukan_konsi,,,,,
MOMOGI ST KEJU 8G,8994075230412,code128,,S0005,Pcs,Pcs,box_6,395,500,0,,,,,,bukan_konsi,,,,,
MOMOGI ST CAPUCINO8G,8994075230863,code128,,S0005,Pcs,Pcs,box_6,400,500,0,,,,,,bukan_konsi,,,,,
KAPAL API KRIMER KAFE 500G,8991002105089,code128,,S0002,Pcs,Pcs,box_24,20900,22000,48,,,,,,bukan_konsi,,,,,
SELAMAT WFR COCO 18GR,8991001770417,code128,,S0005,Pcs,Pcs,box_6,765,900,12,,,,,,bukan_konsi,,,,,
KG MALKIST ABON 135G,8888166606227,code128,,S0005,Pcs,Pcs,box_12,5200,7500,20,,,,,,bukan_konsi,,,,,
ROOT BEER 330ML,8999510785212,code128,,S0002,Pcs,Pcs,box_24,5579,7500,24,,,,,,bukan_konsi,,,,,
WIPOL 800ML,8999999407919,code128,,S0002,Pcs,Pcs,box_12,13450,16500,12,,,,,,bukan_konsi,,,,,
ULTRA MILK CHOHO 125ML,8998009010590,code128,,S0002,Pcs,Pcs,box_40,2246,3500,12,,,,,,bukan_konsi,,,,,
MILO BALL 170GR,4800361002974,code128,,S0005,Pcs,Pcs,box_18,19805,20800,26,,,,,,bukan_konsi,,,,,
ULTRA TEH KOTAK 200ML,8998009040023,code128,,S0002,Pcs,Pcs,box_24,2616,4500,24,,,,,,bukan_konsi,,,,,
JOYKO JELLY BIRU PEN100NT,8993988282068,code128,,S0009,Pcs,Pcs,box_60,1583,5000,12,,,,,,bukan_konsi,,,,,
JOYKO JELLY HITAM PEN100NT,8993988282044,code128,,S0004,Pcs,Pcs,box_60,1792,4000,12,,,,,,bukan_konsi,,,,,
SNOWMAN SPIDOL BLCK G12,4970129726517,code128,,S0009,Pcs,Pcs,box_120,4300,6000,10,,,,,,bukan_konsi,,,,,
SNOWMAN SPIDOL BLUE G12,4970129726531,code128,,S0009,Pcs,Pcs,box_96,4300,6000,10,,,,,,bukan_konsi,,,,,
SNOWMAN SPIDOL RED BGPcs12,4970129727521,code128,,S0009,Pcs,Pcs,box_24,5166,6500,0,,,,,,bukan_konsi,,,,,
SNOWMAN SPIDOL BLUE BGPcs12,4970129727538,code128,,S0009,Pcs,Pcs,box_60,5166,6500,0,,,,,,bukan_konsi,,,,,
SNOWMAN SPIDOL BLACK BGPcs12,4970129727514,code128,,S0009,Pcs,Pcs,box_144,5166,6500,10,,,,,,bukan_konsi,,,,,
AQUA WATER BOOTLE 1.5LTR,8886008101091,code128,,S0002,Pcs,Pcs,box_12,4037,6500,12,,,,,,bukan_konsi,,,,,
"2 TANG BTL WATER 1,5LTR",8992780203639,code128,,S0002,Pcs,Pcs,box_12,3458,4000,24,,,,,,bukan_konsi,,,,,
PEN TOSHIRO,6931012327493,code128,,S0009,Pcs,Pcs,box_24,5416,6500,0,,,,,,bukan_konsi,,,,,
TOPLY 50SHT,8992759324105,code128,,S0003,Pcs,Pcs,box_10,3200,3400,5,,,,,,bukan_konsi,,,,,
TRIFELO POST IT,6931034134574,code128,,S0004,Pcs,Pcs,box_40,5500,7500,12,,,,,,bukan_konsi,,,,,
PENGGARIS BESI 30CM,8998838358078,code128,,S0009,Pcs,Pcs,box_12,5000,8500,12,,,,,,bukan_konsi,,,,,
BPcsCLIPS NO 200,5,code128,,S0009,Pcs,Pcs,box_12,833,2500,12,,,,,,bukan_konsi,,,,,
BPcsCLIPS NO 260,4,code128,,S0009,Pcs,Pcs,box_12,1041,1500,0,,,,,,bukan_konsi,,,,,
BENG BENG COKLAT,8886001038011,code128,,S0005,Pcs,Pcs,box_20,1287,2500,20,,,,,,bukan_konsi,,,,,
STELLA AC 80 GR** LEMON,8992745325963,code128,,S0003,Pcs,Pcs,box_72,9543,11500,3,,,,,,bukan_konsi,,,,,
ASTOR DOUBLE CHOCOLATE 40GR,8886001026056,code128,,S0005,Pcs,Pcs,box_36,3850,6000,36,,,,,,bukan_konsi,,,,,
ABC SAMBAL STICK 10GR,711844120310,code128,,S0001,Pack,Pack,box_12,7000,8500,12,,,,,,bukan_konsi,,,,,
SUPER O2 SILVER 330ML,8997011870031,code128,,S0002,Pcs,Pcs,box_24,3000,6000,24,,,,,,bukan_konsi,,,,,
AMPLOP NEURO A4,AMPLOPA4,code128,,S0009,Pcs,Pcs,box_100,270,1000,0,,,,,,bukan_konsi,,,,,
PALMIA MARGARIN 200GR,8992628510158,code128,,S0001,Pcs,Pcs,box_24,4400,4700,48,,,,,,bukan_konsi,,,,,
ADEM SARI 350ML,8992772585026,code128,,S0002,Pcs,Pcs,box_30,5600,8000,24,,,,,,bukan_konsi,,,,,
YOU C ORANGE WATER 500,8997009510123,code128,,S0002,Pcs,Pcs,box_12,6331,8500,0,,,,,,bukan_konsi,,,,,
FORTUNE MYK GRG 1LTR,8993496106504,code128,,S0001,Pcs,Pcs,box_12,12691,13400,24,,,,,,bukan_konsi,,,,,
LAKBAN COKLAT BESAR DAIMARU,LAKBANCOKLAT,code128,,S0009,Pcs,Pcs,box_30,8333,14000,12,,,,,,bukan_konsi,,,,,
LAKBAN BENING DMR 1,LAKBAN6500,code128,,S0009,Pcs,Pcs,box_24,4166,6500,36,,,,,,bukan_konsi,,,,,
BPcsFILE FC,8994259100166,code128,,S0009,Pcs,Pcs,box_12,2458,4500,12,,,,,,bukan_konsi,,,,,
FAX PAPER ROLL,8995068210305,code128,,S0009,Pcs,Pcs,box_5,16000,19500,10,,,,,,bukan_konsi,,,,,
FYPcsFAX PPR ROLL,16,code128,,S0009,Pcs,Pcs,box_5,8000,13500,10,,,,,,bukan_konsi,,,,,
LAKBAN BLACK DMR 1,17,code128,,S0009,Pcs,Pcs,box_6,5850,7500,10,,,,,,bukan_konsi,,,,,
LAKBAN GT KECIL,18,code128,,S0009,Pcs,Pcs,box_12,333,500,10,,,,,,bukan_konsi,,,,,
MAP KABIN,MAPKABITA,code128,,S0004,Pcs,Pcs,box_50,380,1300,100,,,,,,bukan_konsi,,,,,
JOYKO DOUBLE TAPE 1/2,21,code128,,S0004,Pcs,Pcs,box_24,2400,4500,12,,,,,,bukan_konsi,,,,,
JOYKO DOUBLE TAPE 1,22,code128,,S0004,Pcs,Pcs,box_12,4500,6000,0,,,,,,bukan_konsi,,,,,
MAP KANCING,mapkancing,code128,,S0009,Pcs,Pcs,box_12,1875,3500,12,,,,,,bukan_konsi,,,,,
ISOLASI 1X72 DMR,24,code128,,S0004,Pcs,Pcs,box_6,4000,4400,12,,,,,,bukan_konsi,,,,,
SPIDOL KECIL BLACK,25,code128,,S0009,Pcs,Pcs,box_12,750,2000,0,,,,,,bukan_konsi,,,,,
SPIDOL KECIL RED,26,code128,,S0009,Pcs,Pcs,box_12,750,2000,10,,,,,,bukan_konsi,,,,,
SPIDOL KECIL BLUE,27,code128,,S0009,Pcs,Pcs,box_12,750,2000,0,,,,,,bukan_konsi,,,,,
Hansaplast,HANSAPLAST,code128,,S0003,Pcs,Pcs,box_100,240,500,100,,,,,,bukan_konsi,,,,,
BATRAI ABC KECIL,37,code128,,S0004,Pack,Pack,box_24,6250,6600,48,,,,,,bukan_konsi,,,,,
NEO NAPACIN,8998667100169,code128,,S0003,Pack,Pack,box_50,1640,2000,100,,,,,,bukan_konsi,,,,,
TOLAK ANGIN ANAK CAIR,8998898151404,code128,,S0003,Pcs,Pcs,box_12,1400,1500,24,,,,,,bukan_konsi,,,,,
SALONPAS KOYO,8992870310100,code128,,S0003,Pcs,Pcs,box_12,6500,9000,10,,,,,,bukan_konsi,,,,,
COOLANT STAR FRUIT 350ML,8992772485029,code128,,S0002,Pcs,Pcs,box_24,5166,6500,48,,,,,,bukan_konsi,,,,,
COOLANT 350ML,8992772485012,code128,,S0005,Pcs,Pcs,box_24,5166,6500,0,,,,,,bukan_konsi,,,,,
TOLAK ANGIN CAIR,8998898101409,code128,,S0003,Pcs,Pcs,box_12,2750,4000,12,,,,,,bukan_konsi,,,,,
KOYO CABE PLASTER,8993338005033,code128,,S0003,Pcs,Pcs,box_20,8500,12000,20,,,,,,bukan_konsi,,,,,
BATRAI PANASONIC AAA,8887549092442,code128,,S0004,Pack,Pack,box_12,3400,3700,24,,,,,,bukan_konsi,,,,,
BERAS MAKNYUS 5KG,8993118936557,code128,,S0001,Pcs,Pcs,box_10,58880,72500,0,,,,,,bukan_konsi,,,,,
KOPIKO 78'C COFFE LATTE 240ML,8996001600221,code128,,S0002,Pcs,Pcs,box_24,4083,6500,12,,,,,,bukan_konsi,,,,,
KOPIKO 78'C CARAMEL 240ML,8996001600313,code128,,S0005,Pcs,Pcs,box_24,4083,6500,6,,,,,,bukan_konsi,,,,,
BATRAI ABC BESAR,38,code128,,S0004,Pack,Pack,box_12,8250,8700,24,,,,,,bukan_konsi,,,,,
MENTOS ROLL,8990800100012,code128,,S0005,Pcs,Pcs,box_24,2849,5000,24,,,,,,bukan_konsi,,,,,
BENG BENG WHITE,8996001355855,code128,,S0005,Pcs,Pcs,box_20,1325,2000,20,,,,,,bukan_konsi,,,,,
SILVER QUEEN 33 G,8991001111289,code128,,S0005,Pcs,Pcs,box_30,5000,7500,30,,,,,,bukan_konsi,,,,,
SLAI OLAI TWICE,8996001304051,code128,,S0005,Pcs,Pcs,box_12,816,1000,48,,,,,,bukan_konsi,,,,,
SLAI OLAI NANAS,8996001304921,code128,,S0005,Pcs,Pcs,box_12,792,1000,12,,,,,,bukan_konsi,,,,,
KRAF KEJU CAKE,7622300405588,code128,,S0005,Pcs,Pcs,box_12,1454,2500,12,,,,,,bukan_konsi,,,,,
BISKUAT BOLU COKLAT,8992716109172,code128,,S0005,Pcs,Pcs,box_12,1380,1500,48,,,,,,bukan_konsi,,,,,
CLEAR COMPLATE SOFTCARE SHAMPO,9726228029685,code128,,S0003,Pcs,Pcs,Box,19700,20700,0,,,,,,bukan_konsi,,,,,
AHH TRIPLE CHEES 500,8993175532297,code128,,S0005,Pcs,Pcs,box_20,410,1000,48,,,,,,bukan_konsi,,,,,
NABATI KEJU,8993175531863,code128,,S0005,Pcs,Pcs,box_20,410,1000,48,,,,,,bukan_konsi,,,,,
GOOD DAY MOCACINO 250ML,8991002121010,code128,,S0002,Pcs,Pcs,box_24,4958,7500,24,,,,,,bukan_konsi,,,,,
SILVER QUEEN 75GR,8991001121615,code128,,S0005,Pcs,Pcs,box_25,14000,16000,25,,,,,,bukan_konsi,,,,,
LVPcsMFOLD TOWEL,8993053435511,code128,,S0003,Pack,Pack,box_24,5666,6500,48,,,,,,bukan_konsi,,,,,
LIVI FACIAL 600SHT,8993053175073,code128,,S0003,Pack,Pack,box_24,15500,20000,24,,,,,,bukan_konsi,,,,,
LVPcsPOP UP,8993053245080,code128,,S0003,Pack,Pack,box_60,1966,2300,120,,,,,,bukan_konsi,,,,,
LVPcsNAPKIN COCTAIL,8993053315073,code128,,S0003,Pack,Pack,box_60,3750,5500,50,,,,,,bukan_konsi,,,,,
AQUA GALON 19L,39,code128,,S0002,Pcs,Pcs,box_50,15800,19500,80,,,,,,bukan_konsi,,,,,
AQUA GELAS 1 DUS,aquagelas,code128,,S0002,Pack,Pack,box_24,28500,35000,10,,,,,,bukan_konsi,,,,,
MIZONE ORANGE LEMON 500ML,8992752118107,code128,,S0002,Pcs,Pcs,box_12,2875,4500,12,,,,,,bukan_konsi,,,,,
SARI ROTI TAWAR SPECIAL,8992907110017,code128,,S0005,Pcs,Pcs,Box,1500,12500,0,,,,,,bukan_konsi,,,,,
SARI ROTI SANDWICH COKLAT,8992907952327,code128,,S0005,Pcs,Pcs,Box,3850,4500,0,,,,,,bukan_konsi,,,,,
SARI ROTI SANDWICH KACANG,8992907952358,code128,,S0005,Pcs,Pcs,Box,3520,5000,0,,,,,,bukan_konsi,,,,,
SARI ROTI SANDWICH KEJU,8992907952334,code128,,S0005,Pcs,Pcs,Box,3800,5000,0,,,,,,bukan_konsi,,,,,
SARI ROTI ISI COKLAT,8992907230012,code128,,S0005,Pcs,Pcs,Box,5500,6000,0,,,,,,bukan_konsi,,,,,
SARI ROTI ISI COKLAT KEJU,8992907952037,code128,,S0005,Pcs,Pcs,Box,4840,6000,2,,,,,,bukan_konsi,,,,,
SARI ROTI SOBEK COKLAT SARIKAYA,8992907730017,code128,,S0005,Pcs,Pcs,Box,13500,15500,0,,,,,,bukan_konsi,,,,,
SARI ROTI KRIM COKLAT,8992907420017,code128,,S0005,Pcs,Pcs,Box,3960,5000,0,,,,,,bukan_konsi,,,,,
SARI ROTI KRIM KEJU,8992907952143,code128,,S0005,Pcs,Pcs,Box,3960,5000,0,,,,,,bukan_konsi,,,,,
SARI ROTI SOBEK COKLAT,8992907710019,code128,,S0005,Pcs,Pcs,Box,13500,15500,0,,,,,,bukan_konsi,,,,,
SARI ROTI SOBEK COKLAT KEJU,8992907720018,code128,,S0005,Pcs,Pcs,Box,11880,15500,0,,,,,,bukan_konsi,,,,,
SARI ROTI KRIM MOKA,8992907440015,code128,,S0005,Pcs,Pcs,Box,3960,5000,0,,,,,,bukan_konsi,,,,,
VICKS VAPORUB 50,4987176000552,code128,,S0003,Pcs,Pcs,box_6,27325,31000,6,,,,,,bukan_konsi,,,,,
NEO RHEUMACYL 20 S,8999908000101,code128,,S0003,Sachet,Sachet,box_24,8500,19500,0,,,,,,bukan_konsi,,,,,
ALKOHOL 70 100,8991003040013,code128,,S0003,Pcs,Pcs,Box,16600,17500,1,,,,,,bukan_konsi,,,,,
BETADINE M WASH 190,8992843101902,code128,,S0003,Pcs,Pcs,Box,18900,19900,1,,,,,,bukan_konsi,,,,,
FRESHCARE MYK LAVENDER,8997021870090,code128,,S0003,Pcs,Pcs,box_12,11500,14000,6,,,,,,bukan_konsi,,,,,
FRESHCARE MYK GREEN TEA,8997021870052,code128,,S0003,Pcs,Pcs,box_12,11500,15000,12,,,,,,bukan_konsi,,,,,
FRESHCARE MYK  SPLASH FRUITY,8997021870137,code128,,S0003,Pcs,Pcs,box_12,12100,16000,6,,,,,,bukan_konsi,,,,,
FRESHCARE MYK AROMATHERAPY,8997021870014,code128,,S0003,Pcs,Pcs,box_12,12100,16000,0,,,,,,bukan_konsi,,,,,
SWALLOW GB AGAR 7G ORANGE,8991689168049,code128,,S0005,Pcs,Pcs,box_12,575,2500,12,,,,,,bukan_konsi,,,,,
SWALLOW GB AGAR 7G NETRAL,8991689168001,code128,,S0005,Pcs,Pcs,box_12,575,2500,12,,,,,,bukan_konsi,,,,,
SWALLOW GB AGAR 7G HIJAU,8991689168025,code128,,S0005,Pcs,Pcs,box_12,575,2500,12,,,,,,bukan_konsi,,,,,
SWALLOW GB AGAR 7G COKLAT,8991689168032,code128,,S0005,Pcs,Pcs,box_12,575,2500,12,,,,,,bukan_konsi,,,,,
SWALLOW GB AGAR 7G MERAH,8991689168018,code128,,S0005,Pcs,Pcs,box_12,575,2500,0,,,,,,bukan_konsi,,,,,
SAFE CARE AROMATERAPHY,8995102800448,code128,,S0003,Pcs,Pcs,box_12,14280,17000,24,,,,,,bukan_konsi,,,,,
MIXAGRIP FLU & BATUK,8995858192620,code128,,S0003,Pcs,Pcs,box_25,2020,3500,10,,,,,,bukan_konsi,,,,,
ROHTO COOL 7ML,8992821100026,code128,,S0003,Pcs,Pcs,box_12,11000,15000,6,,,,,,bukan_konsi,,,,,
BETADINE 30ML,8992843100301,code128,,S0003,Pcs,Pcs,Box,20800,21900,1,,,,,,bukan_konsi,,,,,
BRAITO TETES MATA,8998667400559,code128,,S0003,Pcs,Pcs,Box,6900,7500,1,,,,,,bukan_konsi,,,,,
HEMAVITON CAPSUL,8999908205506,code128,,S0003,Sachet,Sachet,box_10,5700,6000,1,,,,,,bukan_konsi,,,,,
FEMINAX,8998667100046,code128,,S0003,Sachet,Sachet,box_50,1574,2000,0,,,,,,bukan_konsi,,,,,
CEREBROVIT XCEL,8992858418316,code128,,S0003,Sachet,Sachet,box_10,14800,15600,1,,,,,,bukan_konsi,,,,,
VICKS INHALER,4902430393126,code128,,S0003,Pcs,Pcs,box_6,13500,17000,10,,,,,,bukan_konsi,,,,,
INZA 4S,8998667100732,code128,,S0003,Sachet,Sachet,box_25,2808,3000,5,,,,,,bukan_konsi,,,,,
HANSAPLAST SC,8999777090579,code128,,S0003,Sachet,Sachet,box_30,5400,7500,2,,,,,,bukan_konsi,,,,,
FATIGON 4'S,8995858899888,code128,,S0003,Sachet,Sachet,box_15,3177,5500,15,,,,,,bukan_konsi,,,,,
DECOLGEN,8992112025021,code128,,S0003,Sachet,Sachet,box_25,1900,3500,0,,,,,,bukan_konsi,,,,,
PROMAG TABLET,8992858664706,code128,,S0003,Sachet,Sachet,box_3,6500,8500,12,,,,,,bukan_konsi,,,,,
PROMAG GAZERO,8992858564006,code128,,S0003,Pcs,Pcs,Box,1801,3500,6,,,,,,bukan_konsi,,,,,
KONIDIN,8998667100084,code128,,S0003,Sachet,Sachet,box_30,2050,3000,10,,,,,,bukan_konsi,,,,,
FATIGON SPIRIT,8995858111010,code128,,S0003,Sachet,Sachet,box_25,5950,8000,6,,,,,,bukan_konsi,,,,,
NEOZEP TABLET,8992112014018,code128,,S0003,Sachet,Sachet,box_25,2160,4500,24,,,,,,bukan_konsi,,,,,
BETADINE 60ML,8992843100608,code128,,S0003,Pcs,Pcs,Box,37200,39100,1,,,,,,bukan_konsi,,,,,
NEO RHEUMACYL NEURO,8999908071408,code128,,S0003,Sachet,Sachet,box_12,9400,10400,1,,,,,,bukan_konsi,,,,,
ENTROSTOP 4'S,8992858623802,code128,,S0003,Sachet,Sachet,box_24,2000,3500,10,,,,,,bukan_konsi,,,,,
PARAMEX,8998667100206,code128,,S0003,Sachet,Sachet,box_50,1900,3500,50,,,,,,bukan_konsi,,,,,
BISOLVON TABLET,8992799140116,code128,,S0003,Sachet,Sachet,box_8,7900,8700,1,,,,,,bukan_konsi,,,,,
BODREX MIGRA,8999908071903,code128,,S0003,Sachet,Sachet,box_25,1900,3500,25,,,,,,bukan_konsi,,,,,
BODREX EXTRA,8999908285003,code128,,S0003,Sachet,Sachet,box_25,1750,3500,25,,,,,,bukan_konsi,,,,,
HANSAPLAST KOMPRES DEMAM,8999777005375,code128,,S0003,Sachet,Sachet,box_5,10100,11000,1,,,,,,bukan_konsi,,,,,
BINTANG 7 MASUK ANGIN,8993058304201,code128,,S0003,Sachet,Sachet,box_6,1833,3500,12,,,,,,bukan_konsi,,,,,
MIXAGRIP FLU,8995858999991,code128,,S0003,Sachet,Sachet,box_25,1785,3500,25,,,,,,bukan_konsi,,,,,
ABC JUICE SIRSAK 250ML,711844160095,code128,,S0002,Pcs,Pcs,box_24,4654,5500,0,,,,,,bukan_konsi,,,,,
SINDE LARUTAN PENYEGAR LEMON CAN ,8999988887111,code128,,S0002,Pcs,Pcs,box_24,5225,7500,24,,,,,,bukan_konsi,,,,,
SUNLIGHT  JERK NIPIS 780ML,8999999390198,code128,,S0004,Pcs,Pcs,box_12,13500,17000,12,,,,,,bukan_konsi,,,,,
KRATINGDAENG BTL 150ML,8886057883665,code128,,S0002,Pcs,Pcs,box_50,4833,6500,0,,,,,,bukan_konsi,,,,,
VITACIMIN STRIP ISI 2,8991771200329,code128,,S0003,Sachet,Sachet,box_50,1500,2500,50,,,,,,bukan_konsi,,,,,
XONCE STRIP ISI 2,8992858690200,code128,,S0003,Sachet,Sachet,box_50,1350,2500,50,,,,,,bukan_konsi,,,,,
CDR 4600ML,8994591010017,code128,,S0003,Pcs,Pcs,box_10,38665,43000,6,,,,,,bukan_konsi,,,,,
"KUKUBIMA ENERGI RASA ANGGUR 4,5GR",8998898830125,code128,,S0002,Sachet,Sachet,box_10,4200,5000,20,,,,,,bukan_konsi,,,,,
"KUKUBIMA ENERGI RASA JAMBU 4,5GR",8998898831122,code128,,S0002,Sachet,Sachet,box_10,4200,5000,20,,,,,,bukan_konsi,,,,,
"KUKUBIMA ENERGI RASA KOPI 4,5GR",8998898845129,code128,,S0002,Sachet,Sachet,box_10,4650,5500,20,,,,,,bukan_konsi,,,,,
KOREK TOKAI ,40,code128,,S0004,Pcs,Pcs,box_50,1580,3000,50,,,,,,bukan_konsi,,,,,
SIKAT SEPATU,sikatsepatu,code128,,S0004,Pcs,Pcs,box_12,1666,2500,24,,,,,,bukan_konsi,,,,,
SEMIR KIWI BESAR 45ML ,4968306479585,code128,,S0004,Pcs,Pcs,box_12,13050,16000,6,,,,,,bukan_konsi,,,,,
GATSBY TISSUE ISI 5LEMBAR,8992222050302,code128,,S0004,Pack,Pack,box_24,3833,4500,48,,,,,,bukan_konsi,,,,,
PILKITA 700MG ISI 2 TABLET,8997013070019,code128,,S0006,Sachet,Sachet,box_25,1200,2000,5,,,,,,bukan_konsi,,,,,
SANGOBION LEMBAR,8994573000807,code128,,S0006,Sachet,Sachet,box_10,13500,17000,6,,,,,,bukan_konsi,,,,,
"SEMIR KIWI KECIL 17,5ML 14GR",4968306479653,code128,,S0004,Pcs,Pcs,box_12,6050,9500,6,,,,,,bukan_konsi,,,,,
GOOD DAY ORIGINAL SAC,8991002103535,code128,,S0002,Sachet,Sachet,box_50,9920,11500,10,,,,,,bukan_konsi,,,,,
SASA TB ORIENTAL 80G,8992736980140,code128,,S0001,Pcs,Pcs,box_12,2041,3000,24,,,,,,bukan_konsi,,,,,
SASA TB PISANG GORENG 8G,8992736010168,code128,,S0001,Pcs,Pcs,box_12,2041,3000,24,,,,,,bukan_konsi,,,,,
SASA TB BAKWAN 80G,8992736290409,code128,,S0001,Pcs,Pcs,box_12,2041,3000,24,,,,,,bukan_konsi,,,,,
SASA TB AYAM KENTUCHKY 80G,8992736980164,code128,,S0001,Pcs,Pcs,box_12,2041,3000,24,,,,,,bukan_konsi,,,,,
SASA TB HOT & SIPCY 80G,8992736980157,code128,,S0001,Pcs,Pcs,box_12,2300,3500,12,,,,,,bukan_konsi,,,,,
SASA TB ORIGINAL 80G,8992736980133,code128,,S0001,Pcs,Pcs,box_12,2316,3500,18,,,,,,bukan_konsi,,,,,
SAGU TANI,8993093665091,code128,,S0001,Pcs,Pcs,box_20,4650,5600,40,,,,,,bukan_konsi,,,,,
SAGU GUNUNG 500GR,8993093105009,code128,,S0001,Pcs,Pcs,box_20,3200,4300,40,,,,,,bukan_konsi,,,,,
LADA PUTIH BUNGA 85GR,8992984710117,code128,,S0001,Pcs,Pcs,box_6,11666,12600,12,,,,,,bukan_konsi,,,,,
LADA PUTIH BUBUK KOEPOEPcsKOEPOE 85GR,8992984810114,code128,,S0001,Pcs,Pcs,box_6,26166,27500,12,,,,,,bukan_konsi,,,,,
BAMBOE BUMBU INSTANT GULE,8992735210019,code128,,S0001,Sachet,Sachet,box_24,4083,5000,48,,,,,,bukan_konsi,,,,,
BAMBOE BUMBU INSTANT SOTO AYAM,8992735210064,code128,,S0001,Sachet,Sachet,box_24,4083,5000,48,,,,,,bukan_konsi,,,,,
BAMBOE BUMBU INSTANT OPOR,8992735210033,code128,,S0001,Sachet,Sachet,box_24,4083,5000,48,,,,,,bukan_konsi,,,,,
BAMBOE BUMBU INSTANT RENDANG,8992735210057,code128,,S0001,Sachet,Sachet,box_24,4083,5000,48,,,,,,bukan_konsi,,,,,
BAMBOE BUMBU INSTANT BUMBU BALADO,8992735248692,code128,,S0001,Sachet,Sachet,box_24,4083,5000,48,,,,,,bukan_konsi,,,,,
BAMBOE BUMBU INSTANT NASI GORENG,8992735210095,code128,,S0001,Sachet,Sachet,box_24,4083,5000,48,,,,,,bukan_konsi,,,,,
BAMBOE BUMBU INSTANT SEMUR,8992735210149,code128,,S0001,Sachet,Sachet,box_24,4083,5000,48,,,,,,bukan_konsi,,,,,
BAMBOE BUMBU INSTANT SOTO DAGING,8992735210071,code128,,S0001,Sachet,Sachet,box_24,4083,5000,48,,,,,,bukan_konsi,,,,,
BAMBOE BUMBU INSTANT RAWON,8992735210040,code128,,S0001,Sachet,Sachet,box_24,4083,5000,48,,,,,,bukan_konsi,,,,,
BAMBOE BUMBU INSTANT RAWON,rtdhotcocoa,code128,,S0001,Sachet,Sachet,box_24,4083,5000,48,,,,,,bukan_konsi,,,,,
SASA 100GR,8991188943024,code128,,S0001,Pcs,Pcs,box_120,3145,4500,10,,,,,,bukan_konsi,,,,,
LEGIKU SPcs500,8997019170041,code128,,S0001,Pcs,Pcs,box_30,5966,7000,60,,,,,,bukan_konsi,,,,,
LEGIKU SPcs1000,8997019170058,code128,,S0001,Pcs,Pcs,box_15,11933,13000,30,,,,,,bukan_konsi,,,,,
TEPUNG KETAN PUTIH ROSE BRAND 500GR,8993093135006,code128,,S0001,Pcs,Pcs,box_20,6950,8500,20,,,,,,bukan_konsi,,,,,
NATA DELCOCO 1000GR,8993093665435,code128,,S0002,Pcs,Pcs,box_12,8833,13000,0,,,,,,bukan_konsi,,,,,
SUN KARA SANTAN KELAPA 65ML,8992717781025,code128,,S0001,Pcs,Pcs,box_36,2222,3500,72,,,,,,bukan_konsi,,,,,
TORABIKA SUSU 28GR,8996001402023,code128,,S0002,Pcs,Pcs,box_12,9250,11000,10,,,,,,bukan_konsi,,,,,
ABC MOCCA 27GR,8991002101746,code128,,S0002,Pack,Pack,box_12,10500,14000,6,,,,,,bukan_konsi,,,,,
MAXTEA PEACH TEA ,9311931241204,code128,,S0002,Pack,Pack,box_12,10000,12500,2,,,,,,bukan_konsi,,,,,
TEPUNG BERAS PUTIH ROSE BRAND 500GR,8993093115008,code128,,S0001,Pcs,Pcs,box_20,5425,7500,10,,,,,,bukan_konsi,,,,,
MASAKO RASA AYAM RENCENG 6,8992770033178,code128,,S0001,Pcs,Pcs,box_48,5000,6000,3,,,,,,bukan_konsi,,,,,
MAXTEA APPLE TEA,9311931250206,code128,,S0002,Pack,Pack,box_12,10000,12500,2,,,,,,bukan_konsi,,,,,
SARI ROTI SISIR MENTEGA,8992907750015,code128,,S0005,Pcs,Pcs,box_6,7480,10500,0,,,,,,bukan_konsi,,,,,
SARI ROTI TAWAR KUPAS,8992907952136,code128,,S0005,Pcs,Pcs,box_4,12760,15000,0,,,,,,bukan_konsi,,,,,
SARI ROTI ISI SRIKAYA,8992907210014,code128,,S0005,Pcs,Pcs,box_4,5500,6000,0,,,,,,bukan_konsi,,,,,
BAWANG MERAH,BAWANGMERAH,code128,,S0010,Pack,Pack,Box,8000,9000,0,,,,,,bukan_konsi,,,,,
WORTEL KECIL,WORTELKECIL,code128,,S0005,Pack,Pack,Box,5000,6000,0,,,,,,bukan_konsi,,,,,
BUNCIS MINI,BUNCISKECIL,code128,,S0005,Pack,Pack,Box,8000,10000,2,,,,,,bukan_konsi,,,,,
BUNCIS BESAR,buncisbesar,code128,,S0005,Pack,Pack,Box,6000,7000,0,,,,,,bukan_konsi,,,,,
OYONG,57,code128,,S0005,Pack,Pack,Box,3500,4500,1,,,,,,bukan_konsi,,,,,
JAHE,JAHE,code128,,S0005,Pcs,Pcs,Box,5000,6000,0,,,,,,bukan_konsi,,,,,
LENGKUAS,60,code128,,S0005,Pcs,Pcs,Box,2000,3000,1,,,,,,bukan_konsi,,,,,
TERONG BULAT,TERONGBULAT,code128,,S0005,Pcs,Pcs,Box,5000,6000,0,,,,,,bukan_konsi,,,,,
KENTANG,KENTANG,code128,,S0005,Pack,Pack,Box,18000,20000,0,,,,,,bukan_konsi,,,,,
UBI MERAH,67,code128,,S0005,Pack,Pack,Box,9000,10000,0,,,,,,bukan_konsi,,,,,
LABU SIAM,labusiam,code128,,S0005,Pcs,Pcs,Box,2000,2500,0,,,,,,bukan_konsi,,,,,
ALPUKAT 7500,69,code128,,S0005,Pack,Pack,Box,6750,7500,0,,,,,,bukan_konsi,,,,,
ALPUKAT 9000,70,code128,,S0005,Pack,Pack,Box,8100,9000,0,,,,,,bukan_konsi,,,,,
LABU 3000,LABU3000,code128,,S0005,Pcs,Pcs,Box,2000,3000,0,,,,,,bukan_konsi,,,,,
LABU 5000,LABU5000,code128,,S0005,Pcs,Pcs,Box,4500,5000,0,,,,,,bukan_konsi,,,,,
LABU 6000,LABU6000,code128,,S0005,Pcs,Pcs,Box,5000,6000,0,,,,,,bukan_konsi,,,,,
LABU 7500,labu7500,code128,,S0005,Pcs,Pcs,Box,6300,7500,1,,,,,,bukan_konsi,,,,,
LABU 8000,85,code128,,S0005,Pcs,Pcs,Box,7200,8000,0,,,,,,bukan_konsi,,,,,
TEMUKUNCI,94,code128,,S0005,Pcs,Pcs,Box,5000,6000,0,,,,,,bukan_konsi,,,,,
LIVI TISSUE ROLL,8993053215632,code128,,S0003,Pcs,Pcs,Box (150),2150,4000,150,,,,,,bukan_konsi,,,,,
SARI ROTI MINI SRIKAYA,8992907952754,code128,,S0005,Pcs,Pcs,Box (2),3000,4000,2,,,,,,bukan_konsi,,,,,
SARI ROTI MINI COKLAT,8992907952730,code128,,S0005,Pcs,Pcs,Box (2),3000,4000,2,,,,,,bukan_konsi,,,,,
SARI ROTI MINI KEJU,8992907952747,code128,,S0005,Pcs,Pcs,Box,3000,4000,2,,,,,,bukan_konsi,,,,,
SARI ROTI MINI STRAWBERRY,8992907952860,code128,,S0005,Pcs,Pcs,Box,3000,4000,3,,,,,,bukan_konsi,,,,,
SARI ROTI ISI KEJU,8992907240011,code128,,S0005,Pcs,Pcs,Box,6000,6500,0,,,,,,bukan_konsi,,,,,
AQUA 330ML BTL 1 DUS,330,code128,,S0002,Pack,Pack,box_24,34500,40000,10,,,,,,bukan_konsi,,,,,
ROMA BISKUIT KELAPA 300G,8996001301142,code128,,S0005,Pcs,Pcs,Box,7507,9500,24,,,,,,bukan_konsi,,,,,
GUNTING KAPcs838,8994292080029,code128,,S0009,Pcs,Pcs,box_6,4583,10500,10,,,,,,bukan_konsi,,,,,
NUTRIJELL JELLYPWDR GRASS JELY 15GR,8992933219111,code128,,S0005,Pcs,Pcs,box_12,4183,4500,24,,,,,,bukan_konsi,,,,,
NUTRIJELL JELLYPWDR LYCHEE 15GR,8992933213119,code128,,S0005,Pcs,Pcs,box_12,4183,4500,24,,,,,,bukan_konsi,,,,,
NUTRIJELL JELLYPWDR MELON 15GR,8992933214116,code128,,S0005,Pcs,Pcs,box_12,4183,4500,24,,,,,,bukan_konsi,,,,,
NUTRIJELL JELLYPWDR GREEN TEA 15GR,8992933210118,code128,,S0005,Pcs,Pcs,box_12,4183,4500,24,,,,,,bukan_konsi,,,,,
NUTRIJELL JELLYPWDR GUAVA 15GR,8992933217117,code128,,S0005,Pcs,Pcs,box_12,3666,5500,12,,,,,,bukan_konsi,,,,,
NUTRIJELL JELLYPWDR MANGGO 15GR,8992933216110,code128,,S0005,Pcs,Pcs,box_12,4183,4500,24,,,,,,bukan_konsi,,,,,
NUTRIJELL JELLYPWDR CHOCO 15GR,8992933241112,code128,,S0005,Pcs,Pcs,box_12,4500,6500,12,,,,,,bukan_konsi,,,,,
GALON AQUA ,95,code128,,S0002,Pcs,Pcs,box_12,30000,34000,50,,,,,,bukan_konsi,,,,,
TOMAT HIJAU,TOMATHIJAU,code128,,S0005,Pcs,Pcs,Box,8000,9000,0,,,,,,bukan_konsi,,,,,
JAHE MERAH,104,code128,,S0005,Pcs,Pcs,Box,8000,9000,0,,,,,,bukan_konsi,,,,,
TWISTER CHOCO 45GR,8991001780140,code128,,S0005,Pcs,Pcs,box_24,3520,4200,24,,,,,,bukan_konsi,,,,,
KRIPIK SINGKONG PEDAS,107,code128,,S0005,Pcs,Pcs,box_24,7500,8500,24,,,,,,bukan_konsi,,,,,
MIXTURE SNACK,106,code128,,S0005,Pcs,Pcs,box_30,12500,13500,31,,,,,,bukan_konsi,,,,,
SAMPOERNA AVOLUTION MERAH,8999909000377,code128,,S0007,Pcs,Pcs,box_10,26500,29000,10,,,,,,bukan_konsi,,,,,
SAMPOERNA MILD12,8999909982000,code128,,S0007,Pcs,Pcs,box_10,15900,18000,10,,,,,,bukan_konsi,,,,,
DJI SAM SOE REFILL,8999909028999,code128,,S0007,Pcs,Pcs,box_10,19400,22000,10,,,,,,bukan_konsi,,,,,
MARLBORO ICE BURST,8997018460150,code128,,S0007,Pcs,Pcs,box_10,27800,31000,10,,,,,,bukan_konsi,,,,,
DUNHILL MILD 20,8998127514123,code128,,S0007,Pcs,Pcs,box_10,22000,24000,10,,,,,,bukan_konsi,,,,,
DUNHILL MILD ULTRA 16,8998181941170,code128,,S0007,Pcs,Pcs,box_100,16800,19500,10,,,,,,bukan_konsi,,,,,
CLASS MILD 16,8993989311699,code128,,S0007,Pcs,Pcs,box_10,20000,22500,10,,,,,,bukan_konsi,,,,,
KOMIX RASA JERUK NIPIS,8993058300807,code128,,S0003,Pcs,Pcs,box_30,1250,2500,30,,,,,,bukan_konsi,,,,,
BALSEM LANG 20GR,8993176120028,code128,,S0003,Pcs,Pcs,box_5,7000,10000,10,,,,,,bukan_konsi,,,,,
INZANA,8998667100947,code128,,S0003,Pcs,Pcs,box_25,800,1500,10,,,,,,bukan_konsi,,,,,
MADURASA,8993014730112,code128,,S0003,Pcs,Pcs,box_12,833,2500,10,,,,,,bukan_konsi,,,,,
BODREXIN,8999908000705,code128,,S0003,Pack,Pack,box_12,4000,6500,1,,,,,,bukan_konsi,,,,,
MINYAK KAYU PUTIH 60ML,8993176110074,code128,,S0003,Pcs,Pcs,box_12,19000,23000,12,,,,,,bukan_konsi,,,,,
TESSA TISSUE 250SHT,8992931005013,code128,,S0003,Pcs,Pcs,box_32,14350,17000,32,,,,,,bukan_konsi,,,,,
SUNLIGHT JERK NIPIS 400,8999999390181,code128,,S0004,Pcs,Pcs,box_24,8125,11000,10,,,,,,bukan_konsi,,,,,
KAPAS SWAN,8995234500490,code128,,S0003,Pcs,Pcs,box_12,2916,5500,12,,,,,,bukan_konsi,,,,,
SSP,ssp,code128,,S0004,Pcs,Pcs,box_10,9000,11500,10,,,,,,bukan_konsi,,,,,
TAPE DISPENSER NO.50,108,code128,,S0009,Pcs,Pcs,box_6,16500,20000,0,,,,,,bukan_konsi,,,,,
BANTEX 1391Pcs01,5702231391012,code128,,S0009,Pcs,Pcs,box_15,45000,49000,10,,,,,,bukan_konsi,,,,,
CHEETOS 1000,89686600223,code128,,S0005,Pcs,Pcs,box_60,875,1000,120,,,,,,bukan_konsi,,,,,
TARO NET 9GR,8999999000059,code128,,S0005,Pcs,Pcs,box_40,866,1500,60,,,,,,bukan_konsi,,,,,
BANTEX 8522Pcs07,8992238522077,code128,,S0009,Pcs,Pcs,box_20,23000,25500,10,,,,,,bukan_konsi,,,,,
SEMIR KIWI CAIR BROWN 30ML,8998899940564,code128,,S0004,Pcs,Pcs,box_6,10000,14000,12,,,,,,bukan_konsi,,,,,
SEMIR KIWI CAIR NEUTRAL 30ML,8998899940571,code128,,S0004,Pcs,Pcs,box_6,10000,14000,12,,,,,,bukan_konsi,,,,,
S0008 KADO KOKI NO 50,8995757503008,code128,,S0009,Pcs,Pcs,Box,950,2000,10,,,,,,bukan_konsi,,,,,
NOTA KONTAN K2,8991389248034,code128,,S0009,Pcs,Pcs,box_10,2200,4500,10,,,,,,bukan_konsi,,,,,
NOTA KONTAN K1,8991389248010,code128,,S0009,Pcs,Pcs,box_10,1550,3500,10,,,,,,bukan_konsi,,,,,
BUKU KWITANSI KECIL,8995757244000,code128,,S0009,Pcs,Pcs,box_10,1600,3500,10,,,,,,bukan_konsi,,,,,
LABEL 103 TOM&JERY,LABEL103,code128,,S0009,Pcs,Pcs,box_25,4000,8000,75,,,,,,bukan_konsi,,,,,
PEPSODENT TP 190GR,8999999706180,code128,,S0003,Pcs,Pcs,box_48,9100,11500,12,,,,,,bukan_konsi,,,,,
SINDE LARUTAN PENYEGAR CAN ORANG 32,8999988888811,code128,,S0002,Pcs,Pcs,box_24,5225,7500,24,,,,,,bukan_konsi,,,,,
LARUTAN PENYEGAR KLG LECHI ,8999988888866,code128,,S0002,Pcs,Pcs,box_24,5225,7500,24,,,,,,bukan_konsi,,,,,
KACANG KULIT GARUDA 200G,8992775110140,code128,,S0005,Pcs,Pcs,box_40,10549,14000,10,,,,,,bukan_konsi,,,,,
FOXS FRUITS CRYSTAL BAG 125GR,8992696415324,code128,,S0005,Pcs,Pcs,Box,5000,8000,0,,,,,,bukan_konsi,,,,,
BAGUS TOILET BALL,8886020033479,code128,,S0003,Pcs,Pcs,Box,16568,18000,12,,,,,,bukan_konsi,,,,,
SO KLIN LIQUID ANTI BACTERIAL 800ML,8998866608992,code128,,S0003,Pcs,Pcs,Box,14825,18500,3,,,,,,bukan_konsi,,,,,
SO KLIN LIQ BACTERIAL SOFTRGN PINK ,8998866609180,code128,,S0003,Pcs,Pcs,box_6,14825,18500,3,,,,,,bukan_konsi,,,,,
TONG TJI CELUP MELATI 25X2GR,8992936115021,code128,,S0002,Pcs,Pcs,box_30,7320,9500,50,,,,,,bukan_konsi,,,,,
RINSO MOLTO ULTRA BLCK PCH8 EA,8999999042608,code128,,S0003,Pcs,Pcs,box_12,16500,18500,3,,,,,,bukan_konsi,,,,,
TEH PUCUK HARUM 1500ML,8996001600382,code128,,S0002,Pcs,Pcs,box_6,9208,14500,6,,,,,,bukan_konsi,,,,,
KOPIKO 78'C MOCHARETTA 250ML,8996001600306,code128,,S0002,Pcs,Pcs,box_24,4083,6500,6,,,,,,bukan_konsi,,,,,
SARI ROTI MINI COKLAT KEJU,8992907952778,code128,,S0005,Pcs,Pcs,Box,3000,4000,0,,,,,,bukan_konsi,,,,,
LE MINERALE BTL 330ML,8996001600375,code128,,S0002,Pcs,Pcs,box_24,1208,2500,48,,,,,,bukan_konsi,,,,,
LE MINERALE 330ML 1 DUS,mineraledus,code128,,S0002,Pcs,Pcs,box_24,30000,40000,0,,,,,,bukan_konsi,,,,,
CNI GINGSENG COFFE SACHET,cni,code128,,S0002,Pcs,Pcs,box_20,5000,7000,20,,,,,,bukan_konsi,,,,,
COFS0018 & TEA PACKAGE,,code128,,S0002,Pcs,Pcs,Box,3000,10000,0,,,,,,bukan_konsi,,,,,
FIESTA SARDEN SAUCE TOMAT 155GR,8993374322767,code128,,S0005,Pcs,Pcs,box_24,8690,10500,24,,,,,,bukan_konsi,,,,,
FIESTA SARDEN SAUCE CABAI 155GR,8993374322781,code128,,S0005,Pcs,Pcs,box_24,8690,10500,24,,,,,,bukan_konsi,,,,,
FIESTA SARDEN SAUCE TOMAT 425GR,8993374322774,code128,,S0005,Pcs,Pcs,box_24,11123,13000,24,,,,,,bukan_konsi,,,,,
NARAYA OAT CHOCO COKLAT 400GR,8997002053900,code128,,S0005,Pcs,Pcs,box_40,36000,39500,2,,,,,,bukan_konsi,,,,,
NARAYA OAT CHOCO VANILA 400GR,8997002052491,code128,,S0005,Pcs,Pcs,box_40,36000,40000,1,,,,,,bukan_konsi,,,,,
FASTER CPcs600,FASTERC600,code128,,S0009,Pcs,Pcs,box_12,1833,4000,12,,,,,,bukan_konsi,,,,,
LAURIER  SPR MAX LONG 8S,8992727000048,code128,,S0004,Pcs,Pcs,box_12,3750,6500,12,,,,,,bukan_konsi,,,,,
WINDEX FRESH POUCH 425 ML,8992779255403,code128,,S0004,Pcs,Pcs,Box,2772,5000,4,,,,,,bukan_konsi,,,,,
MITU GANTI POPOK WHITE 50SHEET,8992745400103,code128,,S0004,Pcs,Pcs,Box,9500,15000,18,,,,,,bukan_konsi,,,,,
MAMY POKO WPS LBUAYA 48SHEET,8993189320446,code128,,S0004,Pcs,Pcs,Box,8181,9600,12,,,,,,bukan_konsi,,,,,
CIPTADENT SG SOFT 3S,8998866105705,code128,,S0004,Pcs,Pcs,Box,3939,5400,18,,,,,,bukan_konsi,,,,,
ADIDAS BODY SRAY ICE DIVE 150 ML,3607345387321,code128,,S0004,Pcs,Pcs,Box,32544,33900,6,,,,,,bukan_konsi,,,,,
ADIDAS BODY SPRAY PURE GAME 150ML,3607345401119,code128,,S0004,Pcs,Pcs,Box,32454,33900,6,,,,,,bukan_konsi,,,,,
AXE BODY SPRAY SCORE 150 ML,4800888137319,code128,,S0004,Pcs,Pcs,Box,34540,37500,0,,,,,,bukan_konsi,,,,,
AXE DEO SPRAY APOLO 150 ML,9300830007813,code128,,S0004,Pcs,Pcs,Box,34540,37500,0,,,,,,bukan_konsi,,,,,
ADIDAS BODY SPRAY DEEP ENERGY 150ML,3607345380049,code128,,S0004,Pcs,Pcs,Box,32454,34100,6,,,,,,bukan_konsi,,,,,
PANTENE CON SILKY SMOTH 165 ML,4902430400961,code128,,S0004,Pcs,Pcs,Box,20090,21600,6,,,,,,bukan_konsi,,,,,
PANTENE CON DAMAGE CARE 156ML,4902430399425,code128,,S0004,Pcs,Pcs,Box,20090,21600,6,,,,,,bukan_konsi,,,,,
SARIAYU FF PTH LANGSAT 75ML,8990090311501,code128,,S0004,Pcs,Pcs,Box,12090,13600,6,,,,,,bukan_konsi,,,,,
CLEAN & CLEAR FACIAL F WASH 100ML,8991111111971,code128,,S0004,Pcs,Pcs,Box,15500,18500,4,,,,,,bukan_konsi,,,,,
PONDS CLR SOLS SHKE&CLN 100 ML,8999999719760,code128,,S0004,Pcs,Pcs,Box,16200,18500,6,,,,,,bukan_konsi,,,,,
PUCELLE MIST COLOGNE AUTM RUN 100ML,8992222092081,code128,,S0004,Pcs,Pcs,Box,11000,12500,6,,,,,,bukan_konsi,,,,,
ESKULIN COL GEL THURSDAY 100ML,8993417212246,code128,,S0004,Pcs,Pcs,Box,10818,12300,6,,,,,,bukan_konsi,,,,,
SUNSILK CON SOFT&SMOTH 170 ML,8999999048235,code128,,S0004,Pcs,Pcs,Box,17818,19300,6,,,,,,bukan_konsi,,,,,
SUNSILK HIJAB REFRESH 170ML,8999999048501,code128,,S0004,Pcs,Pcs,Box,14900,19500,3,,,,,,bukan_konsi,,,,,
PANTENE SHP LONG BLACK 170ML,4902430418300,code128,,S0004,Pcs,Pcs,Box,17454,18900,6,,,,,,bukan_konsi,,,,,
PANTENE SHP FULLNESS&LIFE AVO 170ML,4902430400909,code128,,S0004,Pcs,Pcs,Box,22000,23500,4,,,,,,bukan_konsi,,,,,
CASABALANCA D SPRAY RED 100ML,8992832601499,code128,,S0004,Pcs,Pcs,Box,15000,19000,2,,,,,,bukan_konsi,,,,,
CASABALANCA D SPRAY BLACK 100ML,8992832601444,code128,,S0004,Pcs,Pcs,Box,18181,19600,6,,,,,,bukan_konsi,,,,,
CASABALANCA D SPRAY WHITE 100ML,8992832601451,code128,,S0004,Pcs,Pcs,Box,15000,19000,2,,,,,,bukan_konsi,,,,,
PONDS WHITE BEAUTY MILK 150ML,8999999719746,code128,,S0004,Pcs,Pcs,Box,17600,20500,6,,,,,,bukan_konsi,,,,,
CITRA PP KOREAN ORCHID 100GR,8999999040185,code128,,S0004,Pcs,Pcs,Box,20000,21500,6,,,,,,bukan_konsi,,,,,
BIORE BF LIVELY REFRESH 100ML,8992727003858,code128,,S0004,Pcs,Pcs,Box,9600,12500,6,,,,,,bukan_konsi,,,,,
BIORE BF ANTISEPTIC 100ML,8992727000543,code128,,S0004,Pcs,Pcs,Box,7366,11000,9,,,,,,bukan_konsi,,,,,
MARINA HBL NAT P&C 100ML,8999908060600,code128,,S0004,Pcs,Pcs,Box,3227,4700,6,,,,,,bukan_konsi,,,,,
MARINA HBL NAT SMT&GLW 100ML,8999908060808,code128,,S0004,Pcs,Pcs,Box,3500,5000,6,,,,,,bukan_konsi,,,,,
MARINA HBL NAT N&H 100ML,8999908060709,code128,,S0004,Pcs,Pcs,Box,3500,5000,6,,,,,,bukan_konsi,,,,,
POSH MAN BLACK GOLD 150ML,8998866107150,code128,,S0004,Pcs,Pcs,Box,17181,22500,0,,,,,,bukan_konsi,,,,,
PONDS CREAM W&B SPOTLESS 20G,8999999717506,code128,,S0004,Pcs,Pcs,Box,15272,16700,6,,,,,,bukan_konsi,,,,,
PONDS W&B BEAUSH&CLN 100ML,8999999719753,code128,,S0004,Pcs,Pcs,Box,16363,17800,10,,,,,,bukan_konsi,,,,,
CLEAN & CLEAR PORE CLEANSER 100G,8991111112091,code128,,S0004,Pcs,Pcs,Box,17818,19300,6,,,,,,bukan_konsi,,,,,
OVALE F LOTION LEMON 100ML,8993417010033,code128,,S0004,Pcs,Pcs,Box,14549,17000,6,,,,,,bukan_konsi,,,,,
MR MUSCLE P KACA LEMON 440ML,8992779252303,code128,,S0004,Pcs,Pcs,Box,3799,6500,6,,,,,,bukan_konsi,,,,,
WINDEX LEMON POUCH 425ML,8992779256400,code128,,S0004,Pcs,Pcs,Box,2772,5000,6,,,,,,bukan_konsi,,,,,
VITALIS SPRAY BIZARRE 175ML,8992856897304,code128,,S0004,Pcs,Pcs,Box,20909,22500,6,,,,,,bukan_konsi,,,,,
PANTENE SHP ANTIDUNRUF 170ML,4902430400947,code128,,S0004,Pcs,Pcs,Box,19500,22500,3,,,,,,bukan_konsi,,,,,
EXTREAM SPL COLOGNE R CHLGE 150ML,8998103006543,code128,,S0004,Pcs,Pcs,Box,9727,11200,6,,,,,,bukan_konsi,,,,,
EXTREME SPL COL ROCK 150ML,8998103006529,code128,,S0004,Pcs,Pcs,Box,9727,11200,6,,,,,,bukan_konsi,,,,,
RESIKPcsV SASIR WANGI 90ML,8993417162145,code128,,S0004,Pcs,Pcs,Box,7649,10500,3,,,,,,bukan_konsi,,,,,
ESKULIN COL GEL MONDAY 100ML,8993417212215,code128,,S0004,Pcs,Pcs,Box,11681,15000,3,,,,,,bukan_konsi,,,,,
VIXAL PORCELENE HIJAU 800ML,8992747180201,code128,,S0004,Pcs,Pcs,Box,15000,17500,3,,,,,,bukan_konsi,,,,,
VIXAL PORCELENE BIRU 800ML,8992747180225,code128,,S0004,Pcs,Pcs,Box,15000,17500,3,,,,,,bukan_konsi,,,,,
PEPSODENT SG GUM CARE ,8999999043254,code128,,S0004,Pcs,Pcs,Box,9000,10500,8,,,,,,bukan_konsi,,,,,
MITU BABY FRESH&CLEAN BLUE REFILL,8992750540511,code128,,S0004,Pcs,Pcs,Box,11653,14500,0,,,,,,bukan_konsi,,,,,
MAMY POKO WIPES PARFUME 53SHEET,8993189271915,code128,,S0003,Pcs,Pcs,Box,8181,9600,3,,,,,,bukan_konsi,,,,,
PEPSODENT PG PLS WHITENING 75GR,8999999707774,code128,,S0003,Pcs,Pcs,Box,5900,8000,36,,,,,,bukan_konsi,,,,,
CHARM BF NIGHT WING 35CM 6PAD,8993189320279,code128,,S0004,Pcs,Pcs,Box,6909,8400,2,,,,,,bukan_konsi,,,,,
SELECTION KAPAS 75GR,8991038111757,code128,,S0004,Pcs,Pcs,Box,9727,11200,48,,,,,,bukan_konsi,,,,,
MR MUSCLE P KACA LEMON PUMP 500ML,8992779252402,code128,,S0004,Pcs,Pcs,Box,7954,9600,4,,,,,,bukan_konsi,,,,,
WINDEX LEMON PUMP 500ML,8992779256509,code128,,S0004,Pcs,Pcs,Box,7954,9600,6,,,,,,bukan_konsi,,,,,
YURI PORSTEX REG 1000ML,8886030323904,code128,,S0004,Pcs,Pcs,Box,12545,14100,6,,,,,,bukan_konsi,,,,,
HARPIC CLEAN GEL GREEN 450ML,8993560033019,code128,,S0004,Pcs,Pcs,Box,14272,15700,3,,,,,,bukan_konsi,,,,,
HARPIC POWER PLUS ROSE 450ML,8993560033071,code128,,S0004,Pcs,Pcs,Box,14272,15700,3,,,,,,bukan_konsi,,,,,
HARPIC POWER 200ML,8993560033040,code128,,S0004,Pcs,Pcs,Box,7085,10500,6,,,,,,bukan_konsi,,,,,
BEBEK CLOSET EXTRA KUAT BTL 450ML,8992779228407,code128,,S0004,Pcs,Pcs,Box,10636,12100,5,,,,,,bukan_konsi,,,,,
YURI PORSTEX CLOSET BTL 500ML,8886030322709,code128,,S0004,Pcs,Pcs,Box,9909,11600,5,,,,,,bukan_konsi,,,,,
WING PORSELEN HIJAU 800ML,8998866601788,code128,,S0004,Pcs,Pcs,Box,9600,13000,3,,,,,,bukan_konsi,,,,,
PANTENE CON NAT CARE 165ML,4902430400985,code128,,S0004,Pcs,Pcs,Box,22727,24200,6,,,,,,bukan_konsi,,,,,
RINSO ANTI NODA 900 GR,8999999401238,code128,,S0004,Pcs,Pcs,Box,17500,20000,12,,,,,,bukan_konsi,,,,,
SUPER PELL PL APPLE 800ML,8999999406929,code128,,S0004,Pcs,Pcs,Box,10900,14500,3,,,,,,bukan_konsi,,,,,
SUPER PELL PL LEMON 800ML,8999999406943,code128,,S0003,Pcs,Pcs,Box,10900,14500,3,,,,,,bukan_konsi,,,,,
SUPER PELL PL CERRY ROSE 800ML,8999999406912,code128,,S0004,Pcs,Pcs,Box,8727,10500,3,,,,,,bukan_konsi,,,,,
CLING REFIL BIRU 425ML,8998866605137,code128,,S0004,Pcs,Pcs,Box,3075,6000,4,,,,,,bukan_konsi,,,,,
CLING REFIL KUNING 425ML,8998866605144,code128,,S0004,Pcs,Pcs,Box,3075,6000,4,,,,,,bukan_konsi,,,,,
MR MUSCLE P KACA PUMP APPLE 500ML,8992779253409,code128,,S0004,Pcs,Pcs,Box,8591,10100,2,,,,,,bukan_konsi,,,,,
GUDANG GARAM SURYA PRO 16 MERAH,8998989121163,code128,,S0007,Pcs,Pcs,Box,17600,20000,10,,,,,,bukan_konsi,,,,,
SAMPOERNA AVOLUTION MENTHOL ,8999909000483,code128,,S0007,Pcs,Pcs,Box,26500,29000,10,,,,,,bukan_konsi,,,,,
DJI SAM SOE MAGNUM HITAM,8999909001909,code128,,S0007,Pcs,Pcs,Box,16250,20000,10,,,,,,bukan_konsi,,,,,
NAGATA SIKAT WC,8998889030145,code128,,S0004,Pcs,Pcs,Box,18000,19500,4,,,,,,bukan_konsi,,,,,
KESET HAMDUK SMS,,code128,,S0004,Pcs,Pcs,Box,17000,20000,6,,,,,,bukan_konsi,,,,,
KESET HAMDUK SMS,116,code128,,S0004,Pcs,Pcs,Box,17000,20000,12,,,,,,bukan_konsi,,,,,
KESET CENDOL LOVE,117,code128,,S0004,Pcs,Pcs,Box,35000,37500,10,,,,,,bukan_konsi,,,,,
TEMPAT TISSUE KOTAK,119,code128,,S0004,Pcs,Pcs,Box,9000,15000,6,,,,,,bukan_konsi,,,,,
EMBER EXCELLENT ,120,code128,,S0004,Pcs,Pcs,Box,22000,25500,6,,,,,,bukan_konsi,,,,,
EMBER SHINPO BESAR,8998889560024,code128,,S0004,Pcs,Pcs,Box,45000,50000,4,,,,,,bukan_konsi,,,,,
"HANGER WARNA 10""S",121,code128,,S0004,Pcs,Pcs,Box,12500,15500,6,,,,,,bukan_konsi,,,,,
CENTONG NASI PTH,122,code128,,S0004,Pcs,Pcs,Box,1666,3000,12,,,,,,bukan_konsi,,,,,
"GELAS PLASTIK 1""S",GELASPLASTIK,code128,,S0004,Pcs,Pcs,Box,1458,3400,12,,,,,,bukan_konsi,,,,,
"MUG CANGKIR TUTUP 1""S",124,code128,,S0004,Pcs,Pcs,Box,4000,5500,6,,,,,,bukan_konsi,,,,,
CANGKIR 1Pcsa,125,code128,,S0004,Pcs,Pcs,Box,3500,4500,6,,,,,,bukan_konsi,,,,,
TUTUP GELAS 1Pcs,tutupgelas,code128,,S0004,Pcs,Pcs,Box,625,1500,24,,,,,,bukan_konsi,,,,,
GAYUNG SHINPO ,8998889521001,code128,,S0004,Pcs,Pcs,Box,8000,12500,6,,,,,,bukan_konsi,,,,,
LION STAR SIKAT GAGANG PNJG,8999979023641,code128,,S0004,Pcs,Pcs,Box,18000,20500,6,,,,,,bukan_konsi,,,,,
HANGER LION ITEM 6'S,8999979012768,code128,,S0004,Pcs,Pcs,Box,13000,16500,6,,,,,,bukan_konsi,,,,,
NAGATA SEDOT KOP WC,8998889469006,code128,,S0004,Pcs,Pcs,Box,18000,22500,6,,,,,,bukan_konsi,,,,,
LS KERANJANG SMPH KECIL,8999979018081,code128,,S0004,Pcs,Pcs,Box,18000,22500,6,,,,,,bukan_konsi,,,,,
NAGATA KEMOCENG BIRD,8998889201378,code128,,S0004,Pcs,Pcs,Box,27000,29500,6,,,,,,bukan_konsi,,,,,
LS KERANJANG SMPH BESAR,8999979034395,code128,,S0004,Pcs,Pcs,Box,30000,33500,6,,,,,,bukan_konsi,,,,,
HANGER BESI POLOS 10'S,128,code128,,S0004,Pcs,Pcs,Box,7000,9500,6,,,,,,bukan_konsi,,,,,
DRAGON SIKAT WC,129,code128,,S0004,Pcs,Pcs,Box,7500,9000,12,,,,,,bukan_konsi,,,,,
KAPSTOK STENLIS BESAR,130,code128,,S0004,Pcs,Pcs,Box,13000,17500,6,,,,,,bukan_konsi,,,,,
KAPSTOK STENLIS KECIL,6954247560572,code128,,S0004,Pcs,Pcs,Box,7916,12500,12,,,,,,bukan_konsi,,,,,
KANEBO SHOGUN,,code128,,S0004,Pcs,Pcs,Box,18000,21000,6,,,,,,bukan_konsi,,,,,
KANEBO SHOGUN,131,code128,,S0004,Pcs,Pcs,Box,18000,21000,6,,,,,,bukan_konsi,,,,,
KANEBO KOBE,132,code128,,S0004,Pcs,Pcs,Box,13000,17500,6,,,,,,bukan_konsi,,,,,
TEMPAT SMPH BOX CAR,8998889521735,code128,,S0004,Pcs,Pcs,Box,23000,25500,6,,,,,,bukan_konsi,,,,,
"JEPITAN BAJU 20""S/PAK",JEPITANBAJU,code128,,S0004,Pack,Pack,Box,7000,8500,12,,,,,,bukan_konsi,,,,,
KESET TEBAL 5 WARNA,134,code128,,S0004,Pcs,Pcs,Box,12500,16500,12,,,,,,bukan_konsi,,,,,
SIKAT BAJU ETERNA,4142114473168,code128,,S0004,Pcs,Pcs,Box,4000,5500,6,,,,,,bukan_konsi,,,,,
LAP GANTUNG KARAKTER,LAPGANTUNGKARAKTER,code128,,S0004,Pcs,Pcs,Box,17500,22500,12,,,,,,bukan_konsi,,,,,
QUAKER INSTANT OATMEAL INSTAN 35GR,8997020180015,code128,,S0001,Pcs,Pcs,box_24,1916,3500,48,,,,,,bukan_konsi,,,,,
YEOS LYCHEE 300ML,9556156033597,code128,,S0002,Pcs,Pcs,box_24,4500,6000,48,,,,,,bukan_konsi,,,,,
KIRANTI SEHAT DTNGBLN 150ML,8991102800020,code128,,S0003,Pcs,Pcs,box_6,5095,7500,24,,,,,,bukan_konsi,,,,,
KIRANTI PEGAL LINU 150ML,8991102900591,code128,,S0003,Pcs,Pcs,box_6,4899,7500,0,,,,,,bukan_konsi,,,,,
HAPPYDENT PROTEX ,89301562,code128,,S0005,Pcs,Pcs,box_15,2496,4000,30,,,,,,bukan_konsi,,,,,
SUGUS STICK ORANGE 30GR,8992919856026,code128,,S0005,Pcs,Pcs,box_48,2166,3500,24,,,,,,bukan_konsi,,,,,
SUGUS STICK STRAWBERRY 30GR,8992919856033,code128,,S0005,Pcs,Pcs,box_48,2166,3500,24,,,,,,bukan_konsi,,,,,
HAPPYDENT WHITE,8991115040093,code128,,S0005,Pcs,Pcs,box_15,2750,5000,3,,,,,,bukan_konsi,,,,,
MENTOS FRUIT ROLL 37G,8990800100050,code128,,S0005,Pcs,Pcs,box_24,2849,5000,24,,,,,,bukan_konsi,,,,,
WRIGLEY DOUBLE MINT,9555192501107,code128,,S0005,Pcs,Pcs,box_20,2098,3500,20,,,,,,bukan_konsi,,,,,
Country Choice Guava 250ml,8994116101190,code128,,S0002,Pcs,Pcs,box_24,4083,6500,24,,,,,,bukan_konsi,,,,,
YEOS CHRYSANTMUM TEA 300ML,9556156003354,code128,,S0002,Pcs,Pcs,box_24,4500,6000,48,,,,,,bukan_konsi,,,,,
FANTA STRAWBERRY CAN 250 ML,8992761111540,code128,,S0002,Pcs,Pcs,box_24,4284,7000,24,,,,,,bukan_konsi,,,,,
SPRITE CAN 250ML,8992761111533,code128,,S0002,Pcs,Pcs,box_24,4291,6500,24,,,,,,bukan_konsi,,,,,
Q TELLA BARBEQUE 60GR,89686611618,code128,,S0005,Pcs,Pcs,box_30,3727,7000,30,,,,,,bukan_konsi,,,,,
PIATOS SEA WEED 85GR,8996196002954,code128,,S0005,Pcs,Pcs,box_15,7599,9500,12,,,,,,bukan_konsi,,,,,
TARO FAM BBQ 40G,8999999000066,code128,,S0005,Pcs,Pcs,box_24,3433,6000,30,,,,,,bukan_konsi,,,,,
NU MILK TEA 330ML,8992388133017,code128,,S0002,Pcs,Pcs,box_24,4666,7000,24,,,,,,bukan_konsi,,,,,
COCOBIT SPLASH LYCHEE 300ML,89686827798,code128,,S0002,Pcs,Pcs,box_12,4199,5500,0,,,,,,bukan_konsi,,,,,
HEXOS MINT 12.5G,8998685011003,code128,,S0005,Pcs,Pcs,box_50,1300,3500,24,,,,,,bukan_konsi,,,,,
KRUPUK UDANG ,136,code128,,S0005,Pcs,Pcs,Box,4000,5000,10,,,,,,bukan_konsi,,,,,
CITRA SUN PROTECT WHITE 120ml,8999999035846,code128,,S0003,Pcs,Pcs,Box,11000,12500,0,,,,,,bukan_konsi,,,,,
PIRING PLASTIK ,PIRINGPLASTIK,code128,,S0004,Pcs,Pcs,box_12,3333,4500,24,,,,,,bukan_konsi,,,,,
ROMA MALKIST ABON 135GR ,8996001302323,code128,,S0005,Pcs,Pcs,box_30,4700,7000,30,,,,,,bukan_konsi,,,,,
ROMA MALKIST CRACKERS 135GR ,8996001302026,code128,,S0005,Pcs,Pcs,box_30,4000,6500,30,,,,,,bukan_konsi,,,,,
ROMA CREAM CRACKER 135GR,8996001302033,code128,,S0005,Pcs,Pcs,box_20,4400,7000,20,,,,,,bukan_konsi,,,,,
ROMA MARIE SUSU 115GR,8886001012233,code128,,S0005,Pcs,Pcs,box_20,4200,6500,40,,,,,,bukan_konsi,,,,,
ROMA SANDWICH COKLAT 115GR,8996001304990,code128,,S0005,Pcs,Pcs,box_24,5000,6500,24,,,,,,bukan_konsi,,,,,
CHOKIPcsCHOKI bukan_konsiEW 11GR,139,code128,,S0005,Pcs,Pcs,box_20,800,1500,40,,,,,,bukan_konsi,,,,,
SUPERSTAR TRIPLE CHOCOLATE 18GR,8996001355046,code128,,S0005,Pcs,Pcs,box_72,804,2000,12,,,,,,bukan_konsi,,,,,
ASTOR DOUBLLE CHOCOLATE 330GR,8886001038028,code128,,S0005,Pcs,Pcs,box_6,20899,27000,6,,,,,,bukan_konsi,,,,,
ASTOR DOUBLE CHOCOLATE 150GR,8886001026025,code128,,S0005,Pcs,Pcs,box_18,8400,12000,24,,,,,,bukan_konsi,,,,,
ROMA SARI GANDUM COKLAT 39GR,8996001308059,code128,,S0005,Pcs,Pcs,box_72,1600,2000,12,,,,,,bukan_konsi,,,,,
KOPIKO COFFE SHOT CAPUCINO 150G,8996001320136,code128,,S0005,Pcs,Pcs,Box,5445,7500,12,,,,,,bukan_konsi,,,,,
"KISS CHEWY2 MINT ORANGE 97,5GR",8996001326428,code128,,S0005,Pcs,Pcs,Box,3563,5500,10,,,,,,bukan_konsi,,,,,
TAMARIN 135G,8996001338056,code128,,S0005,Pcs,Pcs,Box,4950,7000,6,,,,,,bukan_konsi,,,,,
DK SUKRO 140G,8995077600166,code128,,S0005,Pcs,Pcs,Box,6273,7500,40,,,,,,bukan_konsi,,,,,
NESTLE HONEY STARS 150G,,code128,,S0005,Pcs,Pcs,box_6,18409,19900,6,,,,,,bukan_konsi,,,,,
BIG BABOL STICK STRAW 20G,8991115012106,code128,,S0005,Pcs,Pcs,box_20,1950,3500,20,,,,,,bukan_konsi,,,,,
TWISTKO BBQ PREM 30GR,8886013402206,code128,,S0005,Pcs,Pcs,box_4,2450,4000,24,,,,,,bukan_konsi,,,,,
MINTZ FRUITYCHERRY MINT EA ,8991102283380,code128,,S0005,Pcs,Pcs,Box,4410,6500,0,,,,,,bukan_konsi,,,,,
MINTZ PEPPERMINT 115G,8991102281416,code128,,S0005,Pcs,Pcs,Box,4409,6500,10,,,,,,bukan_konsi,,,,,
 MINTZ DOUBLEMINT 115G,8991102281430,code128,,S0005,Pcs,Pcs,Box,4409,6500,6,,,,,,bukan_konsi,,,,,
GARUDA KACANG ATOM JATIM 46G,8992775204054,code128,,S0005,Pcs,Pcs,box_4,1760,3000,0,,,,,,bukan_konsi,,,,,
KAYAKING GARLIC PNT 80G,8991102160032,code128,,S0005,Pcs,Pcs,box_15,9099,11000,10,,,,,,bukan_konsi,,,,,
DELFI CHA CHA MILK CHO 80G,8991001503114,code128,,S0005,Pcs,Pcs,box_15,4630,7000,20,,,,,,bukan_konsi,,,,,
KAYAKING HONEYROAST 77G,8991102167031,code128,,S0005,Pcs,Pcs,box_10,9099,11000,10,,,,,,bukan_konsi,,,,,
BIG STRAW 300ML,8997025060206,code128,,S0002,Pcs,Pcs,box_12,1727,3000,24,,,,,,bukan_konsi,,,,,
BIG COLA 300ML,8997025060190,code128,,S0002,Pcs,Pcs,box_12,1727,3000,24,,,,,,bukan_konsi,,,,,
SPIX MIE GRG PRM 50GR,8886013366485,code128,,S0005,Pcs,Pcs,box_24,2074,4000,48,,,,,,bukan_konsi,,,,,
LAYS ASIN KLASIK 68G,89686596250,code128,,S0005,Pcs,Pcs,box_10,8454,10000,20,,,,,,bukan_konsi,,,,,
LAYS BARBEQUE 68G,,code128,,S0005,Pcs,Pcs,box_10,8454,10000,20,,,,,,bukan_konsi,,,,,
LAYS SAUS KRIM 68G,,code128,,S0005,Pcs,Pcs,box_10,6272,8000,20,,,,,,bukan_konsi,,,,,
OOPS CRACK LOBSTER BAKAR 50,8991102792424,code128,,S0005,Pcs,Pcs,box_10,2572,4500,30,,,,,,bukan_konsi,,,,,
CHITATO SAPI PANGGANG 68G,89686598056,code128,,S0005,Pcs,Pcs,box_10,9900,12000,10,,,,,,bukan_konsi,,,,,
CHITATO SAPI BUMBU BAKAR 68GR,89686598599,code128,,S0005,Pcs,Pcs,box_10,8166,12000,30,,,,,,bukan_konsi,,,,,
DUA KELINCI KC KULIT 400GR,,code128,,S0005,Pcs,Pcs,box_10,25000,26500,20,,,,,,bukan_konsi,,,,,
TARO NET COWBOY STEAK 40G,8999999002497,code128,,S0005,Pcs,Pcs,box_10,3272,5000,20,,,,,,bukan_konsi,,,,,
LAYS FIESTA CLAS SALT 35G,,code128,,S0011,Pcs,Pcs,box_10,4636,6000,0,,,,,,bukan_konsi,,,,,
LAYS FIESTA NORI SEAWD 35GR,,code128,,S0011,Pcs,Pcs,box_10,4363,6000,0,,,,,,bukan_konsi,,,,,
KAPAL API MANTAP KP+GL 25G,8991002105645,code128,,S0002,Pcs,Pcs,box_10,7954,9500,20,,,,,,bukan_konsi,,,,,
NESCAFE WHITE COFFE 200ML,8992696428812,code128,,S0002,Pcs,Pcs,box_16,3777,6000,36,,,,,,bukan_konsi,,,,,
NESCAFE UHT COFS0018 CREAM 200ML,8992696419742,code128,,S0002,Pcs,Pcs,box_16,3777,6000,36,,,,,,bukan_konsi,,,,,
ABC KOPI SUSU 10X31G,8991002101630,code128,,S0002,Pcs,Pcs,box_12,10500,14000,10,,,,,,bukan_konsi,,,,,
BENDERA SKM GOLD SACH 6'S,8992753100309,code128,,S0002,Pack,Pack,Box,6106,7500,20,,,,,,bukan_konsi,,,,,
LAYS SAPI PGG 68GR,89686596564,code128,,S0005,Pcs,Pcs,Box,8454,10000,20,,,,,,bukan_konsi,,,,,
LAYS RUMPUT LAUT 35GR,89686596441,code128,,S0005,Pcs,Pcs,Box,5299,6500,20,,,,,,bukan_konsi,,,,,
LAYS SAUS KRIM & BWG 55GR,89686596892,code128,,S0005,Pcs,Pcs,Box,6272,8000,20,,,,,,bukan_konsi,,,,,
NESTLE HONEY STAR 150GR,4800361002936,code128,,S0005,Pcs,Pcs,Box,18409,19900,6,,,,,,bukan_konsi,,,,,
DK KACANG KULIT400GR,11747233040,code128,,S0005,Pcs,Pcs,Box,25090,26600,12,,,,,,bukan_konsi,,,,,
KRUPUK RATU PEDAS,140,code128,,S0005,Pcs,Pcs,Box,4000,5000,5,,,,,,bukan_konsi,,,,,
GERY SALUT MALKIST SWEET CHEESE 110,8992775315095,code128,,S0005,Pcs,Pcs,box_20,5568,7500,0,,,,,,bukan_konsi,,,,,
GERY SALUT MALKIST COKLAT 110G,8992775315057,code128,,S0005,Pcs,Pcs,box_20,5061,7500,20,,,,,,bukan_konsi,,,,,
MYTEA BOTOL ORIGINAL 450ML,8992775712603,code128,,S0002,Pcs,Pcs,box_24,3882,5000,48,,,,,,bukan_konsi,,,,,
GERY PASTA COKELAT MEDE 11G,141,code128,,S0005,Pcs,Pcs,box_120,690,1500,20,,,,,,bukan_konsi,,,,,
CLEVO SUSU RASA COKLAT 125ML,8992775717004,code128,,S0002,Pcs,Pcs,box_30,2122,3500,30,,,,,,bukan_konsi,,,,,
CLEVO SUSU RASA STRAWBERRY 125ML,8992775717011,code128,,S0002,Pcs,Pcs,box_30,2121,3500,10,,,,,,bukan_konsi,,,,,
KACANG TELUR GARUDA 100G,8992775212110,code128,,S0005,Pcs,Pcs,box_50,5818,8000,10,,,,,,bukan_konsi,,,,,
CHOCOLATOS DARK 16GR,8992775311479,code128,,S0005,Pcs,Pcs,box_120,836,1500,0,,,,,,bukan_konsi,,,,,
CHOCOLATOS GRANDE 16GR,8992775311981,code128,,S0005,Pcs,Pcs,box_120,836,1500,0,,,,,,bukan_konsi,,,,,
ABC ALKALINE A2,8886022971298,code128,,S0004,Pcs,Pcs,box_24,9500,13000,24,,,,,,bukan_konsi,,,,,
ABC ALKALINE A3,8886022941512,code128,,S0004,Pcs,Pcs,box_24,9750,13000,24,,,,,,bukan_konsi,,,,,
POWER GLUE ,8992875110309,code128,,S0004,Pcs,Pcs,box_12,3333,6000,12,,,,,,bukan_konsi,,,,,
PAKU PAYUNG 50'S,PAKUPAYUNG,code128,,S0004,Pcs,Pcs,box_5,1900,3000,10,,,,,,bukan_konsi,,,,,
FAKTUR PAJAK,145,code128,,S0009,Pcs,Pcs,box_10,7500,12000,5,,,,,,bukan_konsi,,,,,
RIVERO WATER BOTTLE 600 ML DUS,aquadus,code128,,S0002,Pack,Pack,Box,41000,70000,0,,,,,,bukan_konsi,,,,,
SARI ROTI SOBEK COKLAT BLUEBERRY ,8992907952273,code128,,S0005,Pcs,Pcs,Box,13200,15000,0,,,,,,bukan_konsi,,,,,
SARI ROTI SOBEK COKLAT STRAWBERRY,8992907740016,code128,,S0005,Pcs,Pcs,Box,11880,15000,0,,,,,,bukan_konsi,,,,,
POCARI SWEAT BTL 500ML,8997035563414,code128,,S0002,Pcs,Pcs,Box,5550,8000,24,,,,,,bukan_konsi,,,,,
MOISTA ROTI KERING 8000,146,code128,,S0005,Pcs,Pcs,Box,6000,8000,0,,,,,,bukan_konsi,,,,,
MOISTA 6000,147,code128,,S0005,Pcs,Pcs,Box,5000,6000,0,,,,,,bukan_konsi,,,,,
MOISTA 5000,148,code128,,S0005,Pcs,Pcs,Box,4000,5000,10,,,,,,bukan_konsi,,,,,
TAS DEKOPAGE BESAR,149,code128,,S0004,Pcs,Pcs,Box,185000,200000,0,,,,,,konsi,,,,,
TAS DEKOPAGE MOTIF KECIL,150,code128,,S0004,Pcs,Pcs,Box,75000,80000,0,,,,,,konsi,,,,,
DOMPET MINT BESAR,151,code128,,S0004,Pcs,Pcs,Box,45000,55000,0,,,,,,konsi,,,,,
DOMPET KECILS POLOS,,code128,,S0004,Pcs,Pcs,Box,35000,45000,0,,,,,,konsi,,,,,
DOMPET PLUS BESAR,153,code128,,S0004,Pcs,Pcs,Box,65000,80000,0,,,,,,konsi,,,,,
DOMPET PLUS KECIL,154,code128,,S0004,Pcs,Pcs,box_24,55000,65000,0,,,,,,konsi,,,,,
TAS DOMPET,155,code128,,S0004,Pcs,Pcs,Box,35000,45000,0,,,,,,konsi,,,,,
STARTER KIT,156,code128,,S0004,Pcs,Pcs,Box,50000,60000,0,,,,,,bukan_konsi,,,,,
CAT ARKRILIK,157,code128,,S0004,Pcs,Pcs,Box,20000,25000,0,,,,,,konsi,,,,,
CAT ARKRILIK GOLD,158,code128,,S0004,Pcs,Pcs,Box,30000,35000,0,,,,,,konsi,,,,,
TISSUE MOTIF,159,code128,,S0004,Pcs,Pcs,Box,7000,10000,0,,,,,,bukan_konsi,,,,,
LEM DECOUPAGE,160,code128,,S0004,Pcs,Pcs,Box,15000,20000,2,,,,,,bukan_konsi,,,,,
VERNISH DECOUPAGE,161,code128,,S0004,Pcs,Pcs,Box,30000,35000,2,,,,,,bukan_konsi,,,,,
RTD ABC MOCCA SACH,rtdabc,code128,,S0002,Pcs,Pcs,Box,1,4000,10,,,,,,bukan_konsi,,,,,
RTD KAPAL API GULA,RTDKAPALAPIGULA,code128,,S0002,Pcs,Pcs,Box,1,4000,0,,,,,,bukan_konsi,,,,,
RTD LUWAKWHITE COFFE,rtdluwak,code128,,S0002,Pcs,Pcs,Box,1,4000,0,,,,,,bukan_konsi,,,,,
RTD ABC KOPI SUSU,RTDABCKS,code128,,S0002,Pcs,Pcs,Box,1,4000,0,,,,,,bukan_konsi,,,,,
