Name,Code,Barcode Symbology,Brand,Category Code,Unit Code,Sale Unit Code, Purchase Unit Code,Cost,Price,Alert Quantity, Tax Rate Name,Tax Method,Image,Subcategory Code,Product Variants Separated by |,Custom Field 1,Custom Field 2,Custom Field 3,Custom Field 4,Custom Field 5,Custom Field 6
GULAKU TEBU KUNING 1KG,8995177102058,code128,,S0001,Pcs,Pcs,Box (24),11800,16000,24,,,,,,bukan_konsi,,,,,
Sania Myk Grg 2lt,8993496001076,code128,,S0001,Pcs,Pcs,Box (6),22900,24000,6,,,,,,bukan_konsi,,,,,
Fortune Myk Grg 2lt,8998225800043,code128,,S0001,Pcs,Pcs,Box (6),21900,22500,12,,,,,,bukan_konsi,,,,,
BENDERA SUSU KENTAL MANIS CHOCO 375,8992753102204,code128,,S0001,Pcs,Pcs,Box (48),9500,12000,10,,,,,,bukan_konsi,,,,,
BENDERA KENTAL MANIS CAN  375,8992753101207,code128,,S0001,Pcs,Pcs,Box (48),8999,11500,48,,,,,,bukan_konsi,,,,,
BENDERA SKM PUTIH GOLD  375,8992753100101,code128,,S0001,Pcs,Pcs,Box (48),13500,15500,10,,,,,,bukan_konsi,,,,,
LARUTAN PENYEGAR KAKI TIGA BTL 200M,8995227500124,code128,,S0002,Pcs,Pcs,Box (48),2937,5000,48,,,,,,bukan_konsi,,,,,
MIZONE APPLE GUAVA 500ML,8992752116233,code128,,S0002,Pcs,Pcs,Box (12),3700,4500,12,,,,,,bukan_konsi,,,,,
MIZONE ACTIVE BTL 500ML,8992752111818,code128,,S0002,Pcs,Pcs,Box (12),3600,4500,12,,,,,,bukan_konsi,,,,,
MIZONE LYCHEE LEMON 500ML,8992752119104,code128,,S0002,Pcs,Pcs,Box (12),3700,4500,12,,,,,,bukan_konsi,,,,,
COCA COLA PET 390 ML`,8992761002015,code128,,S0002,Pcs,Pcs,Box (12),3799,5000,12,,,,,,bukan_konsi,,,,,
COCA COLA PET 390 ML`,8992761002015,code128,,S0002,Pcs,Pcs,Box (12),3799,5000,12,,,,,,bukan_konsi,,,,,
SPRITE PET 390 ML`,8992761002022,code128,,S0002,Pcs,Pcs,Box (12),3875,5000,12,,,,,,bukan_konsi,,,,,
FANTA STRAWBERRY 390 ML`,8992761002039,code128,,S0002,Pcs,Pcs,Box (12),3875,5000,12,,,,,,bukan_konsi,,,,,
SOSRO TEH BOTOL KOTAK TP 250ML`,8996006142511,code128,,S0002,Pcs,Pcs,Box (24),2416,4000,24,,,,,,bukan_konsi,,,,,
SOSRO TEH BOTOL KOTAK  TP 330ML,8996006856869,code128,,S0002,Pcs,Pcs,Box (24),2833,5000,24,,,,,,bukan_konsi,,,,,
PUCUK HARUM LESS SUGAR PET 350M,8996001600252,code128,,S0002,Pcs,Pcs,Box (24),2600,3500,10,,,,,,bukan_konsi,,,,,
S-TEE BIG PACK 330ML,8996006856876,code128,,S0002,Pcs,Pcs,Box (24),2500,4500,10,,,,,,bukan_konsi,,,,,
JAVANA TEH MELATI BOTTLE 350 ML,8998866610087,code128,,S0002,Pcs,Pcs,Box (12),2104,4000,12,,,,,,bukan_konsi,,,,,
TEH ZEGAR 330 ML,8992780030730,code128,,S0002,Pcs,Pcs,Box (12),2250,4000,0,,,,,,bukan_konsi,,,,,
FRUIT TEA APPLE 200 ML,8996006120014,code128,,S0002,Pcs,Pcs,Box (24),2416,4000,12,,,,,,bukan_konsi,,,,,
FRUIT TEA STRAWBERRY 200ML,8996006742025,code128,,S0002,Pcs,Pcs,Box (24),2416,4000,24,,,,,,bukan_konsi,,,,,
FRUIT TEA GUAVA 200 ML,8996006742032,code128,,S0002,Pcs,Pcs,Box (24),2500,4000,0,,,,,,bukan_konsi,,,,,
FRUIT TEA BLACKCURRANT 200ML,8996006841018,code128,,S0002,Pcs,Pcs,Box (24),2416,4000,24,,,,,,bukan_konsi,,,,,
NESCAFE MOCHA CAN 240ML,9556001054005,code128,,S0002,Pcs,Pcs,Box (24),9716,11500,24,,,,,,bukan_konsi,,,,,
NESCAFE LATTE CAN 240 ML,9556001025272,code128,,S0002,Pcs,Pcs,Box (24),9716,11500,24,,,,,,bukan_konsi,,,,,
MILO ACTIGEN-E RTD HI CAL CAN 240ML,9556001051509,code128,,S0002,Pcs,Pcs,Box (24),8541,11000,24,,,,,,bukan_konsi,,,,,
FATIGON HYDRO ORIGINAL 250 ML,8992858527308,code128,,S0002,Pcs,Pcs,Box (24),4942,7000,24,,,,,,bukan_konsi,,,,,
POCARI SWEAT CAN 330ML`,8997035111110,code128,,S0002,Pcs,Pcs,Box (24),4749,6500,24,,,,,,bukan_konsi,,,,,
POCARI SWEAT PET 350ML`,8997035563544,code128,,S0002,Pcs,Pcs,Box (24),4704,7000,24,,,,,,bukan_konsi,,,,,
MONY CINCAU CAN 300 ML`,8991234416816,code128,,S0002,Pcs,Pcs,Box (24),4250,6500,24,,,,,,bukan_konsi,,,,,
YOU C 1000 LEMON 140 ML`,8997009510017,code128,,S0002,Pcs,Pcs,Box (30),5391,7500,0,,,,,,bukan_konsi,,,,,
YOU C 1000 ORANGE 140ML**`,8997009510055,code128,,S0002,Pcs,Pcs,Box (30),5391,7500,0,,,,,,bukan_konsi,,,,,
LARUTAN PENYEGAR CAP BADAK MELONCAN,8999988888835,code128,,S0002,Pcs,Pcs,Box (24),5225,7500,24,,,,,,bukan_konsi,,,,,
LARUTAN PENYEGAR KLG ANGGUR 320ML,8999988888859,code128,,S0002,Pcs,Pcs,Box (24),5225,7500,24,,,,,,bukan_konsi,,,,,
ADEM SARI CHING KU CAN 320 ML,8992772586016,code128,,S0002,Pcs,Pcs,Box (24),5729,8000,24,,,,,,bukan_konsi,,,,,
MINUTE MAID PULPY TROPICAL PET 350M,8992761166113,code128,,S0002,Pcs,Pcs,Box (12),4291,6000,12,,,,,,bukan_konsi,,,,,
FLORIDINA ORANGE JUICE 360 ML,8998866500708,code128,,S0002,Pcs,Pcs,Box (12),2375,3500,12,,,,,,bukan_konsi,,,,,
MINUTE MAID NUTRIBOOST ORANGE 300ML,8992761164539,code128,,S0002,Pcs,Pcs,Box (24),4815,6500,12,,,,,,bukan_konsi,,,,,
MINUTE MAID PULPY ALOEVERA 350ML,8992761166199,code128,,S0002,Pcs,Pcs,Box (12),4291,6000,12,,,,,,bukan_konsi,,,,,
MINUTE MAID NUTRIBOOST STW 300M,8992761164546,code128,,S0002,Pcs,Pcs,Box (24),5099,7000,12,,,,,,bukan_konsi,,,,,
ULTRA SARI ASEM  250 ML`,8998009030031,code128,,S0002,Pcs,Pcs,Box (24),4054,6000,24,,,,,,bukan_konsi,,,,,
ABC KACANG HIJAU SLIM 250 ML,711844162419,code128,,S0002,Pcs,Pcs,Box (24),3504,5500,0,,,,,,bukan_konsi,,,,,
AQUA KIDS BOYS BTL 330ML,8992752131090,code128,,S0002,Pcs,Pcs,Box (24),2700,4000,24,,,,,,bukan_konsi,,,,,
AQUA WATER BOTTLE 330 ML,8886008101336,code128,,S0002,Pcs,Pcs,Box (24),1590,2500,0,,,,,,bukan_konsi,,,,,
2 TANG BTL WATER 380ML`,8992780020182,code128,,S0002,Pcs,Pcs,Box (24),2500,2500,0,,,,,,bukan_konsi,,,,,
AQUA WATER BOTTLE  600 ML,8886008101053,code128,,S0002,Pcs,Pcs,Box (24),1852,3500,24,,,,,,bukan_konsi,,,,,
LE MINERALE BTL 600ML,8996001600269,code128,,S0002,Pcs,Pcs,Box (24),1658,3500,24,,,,,,bukan_konsi,,,,,
SO KLIN PL LEMON 800ML,8998866679664,code128,,S0003,Pcs,Pcs,Box (12),7500,12500,0,,,,,,bukan_konsi,,,,,
SO KLIN PL APPLE 800ML,8998866679602,code128,,S0003,Pcs,Pcs,Box (12),9265,13000,6,,,,,,bukan_konsi,,,,,
VIT BOTTLE WATER 600 ML`,8992752011033,code128,,S0002,Pcs,Pcs,Box (12),1197,3000,24,,,,,,bukan_konsi,,,,,
SO KLIN PL LAVENDER 800M,8998866603539,code128,,S0003,Pcs,Pcs,Box (12),9265,13000,6,,,,,,bukan_konsi,,,,,
DAIA POWDER DETERGENT WHITE ,8998866607353,code128,,S0004,Pcs,Pcs,Box (12),14480,17000,0,,,,,,bukan_konsi,,,,,
DAIA SOFTERGENT VIOLET 900GR,8998866610223,code128,,S0004,Pcs,Pcs,Box (12),14480,17000,12,,,,,,bukan_konsi,,,,,
EKONOMI LEMON CREL900 540GR,8998866600101,code128,,S0004,Pcs,Pcs,Box (10),4700,5500,20,,,,,,bukan_konsi,,,,,
EKONOMI CREAM E900 540GR,8998866671736,code128,,S0004,Pcs,Pcs,Box (10),4700,5500,0,,,,,,bukan_konsi,,,,,
EKONOMI PUTIH CREAM DETERGENT900 54,8998866608329,code128,,S0004,Pcs,Pcs,Box (10),4700,4935,20,,,,,,bukan_konsi,,,,,
LAURIER ACTIVE DAY SUPER MAXI 30S,8992727002714,code128,,S0004,Pcs,Pcs,Box (24),10500,11025,48,,,,,,bukan_konsi,,,,,
CHARM BODY FIT EXTRA MAXI WING 20S,8993189270345,code128,,S0004,Pcs,Pcs,Box (24),12150,14000,4,,,,,,bukan_konsi,,,,,
CHARM BODY FIT EXTRA MAXI WING 10S`,8993189270338,code128,,S0003,Pcs,Pcs,Box (6),6750,9000,10,,,,,,bukan_konsi,,,,,
CHARM BODY FIT US WING NIGHT 10S,8993189320934,code128,,S0004,Pcs,Pcs,Box (48),14545,15500,0,,,,,,bukan_konsi,,,,,
MAMY POKO PANTS STD M 30S,8993189271656,code128,,S0003,Pack,Pack,Box (6),49200,51660,12,,,,,,bukan_konsi,,,,,
MAMY POKO PANTS STANDART XXL 6S`,8993189270857,code128,,S0004,Pack,Pack,Box (12),15500,16275,24,,,,,,bukan_konsi,,,,,
MAMY POKO PANTS STANDART L 30S,8993189212141,code128,,S0004,Pack,Pack,Box (4),55100,58000,2,,,,,,bukan_konsi,,,,,
MAMY POKO PANTS GIRL  XXXL 24S,8851111416103,code128,,S0004,Pack,Pack,Box (3),148500,155925,6,,,,,,bukan_konsi,,,,,
CAP BOTOL TEH BIRU 40G,8886007811038,code128,,S0001,Pack,Pack,Box (200),2200,2400,0,,,,,,bukan_konsi,,,,,
CAP BOTOL TEH HIJAU 40G,8886007811021,code128,,S0001,Pack,Pack,Box (200),2200,2400,0,,,,,,bukan_konsi,,,,,
SOSRO TEH CELUP 30X2GR,8886007811076,code128,,S0001,Pack,Pack,Box (100),5000,7000,50,,,,,,bukan_konsi,,,,,
TONGTJI CELUP BLACK 25X2GR,8992936115045,code128,,S0001,Pack,Pack,Box (50),4700,7500,50,,,,,,bukan_konsi,,,,,
POCI TEH CELUP ASLI 25'S,8886007811410,code128,,S0001,Pack,Pack,Box (50),4100,6500,9,,,,,,bukan_konsi,,,,,
SARIWANGI TB ASLI 1.9GR X 25,8999999195649,code128,,S0001,Pack,Pack,Box (48),4583,6500,10,,,,,,bukan_konsi,,,,,
KAPAL API SPECIAL 165 GR,8991002105423,code128,,S0002,Pack,Pack,Box (20),11250,15000,20,,,,,,bukan_konsi,,,,,
KAPAL API SPECIAL MIX 10 X 25 GR,8991002105485,code128,,S0002,Pack,Pack,Box (12),10500,13500,0,,,,,,bukan_konsi,,,,,
INDOCAFE COFS0018 MIX 10 X 20 GR,9311931024036,code128,,S0002,Pack,Pack,Box (5),10538,13500,50,,,,,,bukan_konsi,,,,,
LUWAK WHITE KOFFIE 10X20GR,8994171101289,code128,,S0002,Pack,Pack,Box (20),10890,13000,30,,,,,,bukan_konsi,,,,,
HONEY STAR CUP 32GR,8992696428300,code128,,S0005,Pcs,Pcs,Box (48),7000,9500,16,,,,,,bukan_konsi,,,,,
MILO CEREAL COMBO PACK 2016 GR X 40,8992696428287,code128,,S0005,Pcs,Pcs,Box (48),7000,9500,16,,,,,,bukan_konsi,,,,,
KOKO KRUNCH COMBO CUP,8992696428263,code128,,S0005,Pcs,Pcs,Box (48),7000,9500,16,,,,,,bukan_konsi,,,,,
ENERGEN JAGUNG 10X25GR,8996001440575,code128,,S0002,Pack,Pack,Box (12),10000,13500,10,,,,,,bukan_konsi,,,,,
CHIKI BALL COKELAT 10,89686591231,code128,,S0005,Pcs,Pcs,Box (60),1000,1100,120,,,,,,bukan_konsi,,,,,
CHIKI BALL KEJU 10,89686590036,code128,,S0005,Pcs,Pcs,Box (60),875,1200,0,,,,,,bukan_konsi,,,,,
CHIKI BALL KALDU AYAM 10,89686590135,code128,,S0005,Pcs,Pcs,Box (60),900,1500,60,,,,,,bukan_konsi,,,,,
CHITATO AYAM BUMBU 35 GR,89686598421,code128,,S0005,Pcs,Pcs,Box (40),5100,5400,80,,,,,,bukan_konsi,,,,,
LAYS FIESTA BARBEQUE 35GR`,89686596540,code128,,S0005,Pcs,Pcs,Box (40),5299,6500,12,,,,,,bukan_konsi,,,,,
LAYS CLASSIC 35GR`,89686596236,code128,,S0005,Pcs,Pcs,Box,4818,6000,10,,,,,,bukan_konsi,,,,,
PIATTOS RASA SAPI PANGGANG BAG 85GR,8996196000950,code128,,S0005,Pcs,Pcs,Box (30),6979,9500,30,,,,,,bukan_konsi,,,,,
PIATOS BARBEQUE 50GR,8996196000257,code128,,S0005,Pcs,Pcs,Box (30),5099,7500,15,,,,,,bukan_konsi,,,,,
JETZ STICK CHOCO FIESTA 12`,89686604443,code128,,S0005,Pcs,Pcs,Box (60),1000,1100,120,,,,,,bukan_konsi,,,,,
CHEETOS NET BBQ 10,89686600513,code128,,S0005,Pcs,Pcs,Box (60),1000,1100,120,,,,,,bukan_konsi,,,,,
GOOD TIME CLASSIC CHOCOCHIPS 80GR,8886015201111,code128,,S0005,Pcs,Pcs,Box (48),7000,8500,20,,,,,,bukan_konsi,,,,,
TANGO WAFER CHOCO 176 GR,8991102300421,code128,,S0005,Pcs,Pcs,Box (24),9799,12500,12,,,,,,bukan_konsi,,,,,
TANGO WAFER CHOCOLATE 76GR,8991102302609,code128,,S0005,Pcs,Pcs,Box (36),3821,5500,12,,,,,,bukan_konsi,,,,,
TANGO WAFER STRAWBERRY 76GR,8991102303200,code128,,S0005,Pcs,Pcs,Box (36),3821,5500,12,,,,,,bukan_konsi,,,,,
TANGO WAFER VANILA 76GR,8991102302708,code128,,S0005,Pcs,Pcs,Box (36),3821,5500,12,,,,,,bukan_konsi,,,,,
TANGO WAFER CHOCOLATE 114/145GR,8991102384841,code128,,S0005,Pcs,Pcs,Box (36),5487,7500,6,,,,,,bukan_konsi,,,,,
RICHEESE NBT WAFER CHEESE CRM ,8993175532457,code128,,S0005,Pcs,Pcs,Box (120),1000,1100,240,,,,,,bukan_konsi,,,,,
BELVITA MILK & CEREAL 80GR,7622210609359,code128,,S0005,Pcs,Pcs,Box (24),6081,8500,24,,,,,,bukan_konsi,,,,,
OREO ICE CREAM BLUEBERRY 137 GR,7622300442507,code128,,S0005,Pcs,Pcs,Box (24),6318,8500,0,,,,,,bukan_konsi,,,,,
OREO STRAWBERRY CREME 137GR,7622300136055,code128,,S0005,Pcs,Pcs,Box (24),6210,8500,24,,,,,,bukan_konsi,,,,,
TIM TAM WFR COKLT 95GR,8886015428136,code128,,S0005,Pcs,Pcs,Box (24),7012,9000,12,,,,,,bukan_konsi,,,,,
TIM TAM WAFER 80GR,8886015428105,code128,,S0005,Pcs,Pcs,Box (24),6100,6500,48,,,,,,bukan_konsi,,,,,
OREO DOUBLE D LIGHT 137 GR,8992760121090,code128,,S0005,Pcs,Pcs,Box (24),7500,9000,24,,,,,,bukan_konsi,,,,,
ROMA MALKIST COKELAT 120GR,8996001302637,code128,,S0005,Pcs,Pcs,Box (30),5000,7000,30,,,,,,bukan_konsi,,,,,
ROMA SARI GANDUM PEANUT 115GR,8996001305003,code128,,S0005,Pcs,Pcs,Box (24),5000,6500,0,,,,,,bukan_konsi,,,,,
ROMA SLAI OLAI STRAWBERRY ROLL128GR,8996001304426,code128,,S0005,Pcs,Pcs,Box (24),3500,6000,0,,,,,,bukan_konsi,,,,,
ROMA SLAI OLAI TWICE ROLL STRWBERRY,8996001304075,code128,,S0005,Pcs,Pcs,Box (24),6800,7000,1,,,,,,bukan_konsi,,,,,
FOXS FRUITS CRYSTAL BAG 90GR,8992696418936,code128,,S0005,Pcs,Pcs,Box (24),6400,8000,6,,,,,,bukan_konsi,,,,,
FOX PASSION MINTS BAG 90GR,8992696416611,code128,,S0005,Pcs,Pcs,Box (24),5090,8500,4,,,,,,bukan_konsi,,,,,
KISS CHEWY MINT LEMON 97.5 GR,8996001326435,code128,,S0005,Pcs,Pcs,Box (24),4950,5200,48,,,,,,bukan_konsi,,,,,
KIS MINT CHERRY 125GR,8996001326220,code128,,S0005,Pack,Pack,Box (24),4500,6500,0,,,,,,bukan_konsi,,,,,
KIS MINT GRAPE BAG 125GR,8996001326275,code128,,S0005,Pack,Pack,Box (24),4500,6500,0,,,,,,bukan_konsi,,,,,
KIS MINT BARLEY 125GR,8886001100855,code128,,S0005,Pack,Pack,Box (24),4500,7500,6,,,,,,bukan_konsi,,,,,
KIS MINT APPLE PEACH 125GR,8996001326404,code128,,S0005,Pack,Pack,Box (24),4500,6500,0,,,,,,bukan_konsi,,,,,
KOPIKO COFS0018 CANDY 150GR,8996001320051,code128,,S0005,Pack,Pack,Box (24),5500,7500,0,,,,,,bukan_konsi,,,,,
KAPAL API CANDY COFS0018 50 S ,8991002307209,code128,,S0005,Pack,Pack,Box (20),6100,6500,40,,,,,,bukan_konsi,,,,,
RELAXA BAG 140GR** BARLEY,8991002304017,code128,,S0005,Pack,Pack,Box (24),5900,7400,48,,,,,,bukan_konsi,,,,,
RELAXA BAG 140GR** GRAPE,8991002304413,code128,,S0005,Pack,Pack,Box (24),5900,6200,48,,,,,,bukan_konsi,,,,,
RELAXA BAG 125GR**LEMON FUNZ,8991002303829,code128,,S0005,Pack,Pack,Box (24),5900,6200,48,,,,,,bukan_konsi,,,,,
MILA TEPUNG TERIGU 1KG,8997019490019,code128,,S0001,Pcs,Pcs,Box (10),7900,8300,20,,,,,,bukan_konsi,,,,,
BOGASARI CAKRA KEMBAR PREMIUM 1KG,8993296715012,code128,,S0001,Pcs,Pcs,Box (20),10300,10900,40,,,,,,bukan_konsi,,,,,
BOGASARI LENCANA MERAH ECO 1 KG,8993296220004,code128,,S0001,Pcs,Pcs,Box (12),6500,6900,24,,,,,,bukan_konsi,,,,,
BANGO KECAP MANIS REFILL 600 ML,8999999100506,code128,,S0001,Pcs,Pcs,Box (12),24249,26500,12,,,,,,bukan_konsi,,,,,
ABC KECAP MANIS REFILL 520 ML,7118441101378,code128,,S0001,Pcs,Pcs,Box (12),15300,19500,6,,,,,,bukan_konsi,,,,,
SEDAAP KECAP MANIS REFILL 600 ML,8998866608084,code128,,S0001,Pcs,Pcs,Box (12),17500,18400,24,,,,,,bukan_konsi,,,,,
ABC SAMBAL EXTRA PEDAS SACHET ,711844120365,code128,,S0001,Pcs,Pcs,Box (30),5834,8000,0,,,,,,bukan_konsi,,,,,
ABC SAMBAL ASLI 20G,711844120327,code128,,S0001,Pcs,Pcs,Box (30),5751,8000,0,,,,,,bukan_konsi,,,,,
SAORI SAUS TERIYAKI BOTOL 275ML,8992770096234,code128,,S0001,Pcs,Pcs,Box (12),15900,16700,24,,,,,,bukan_konsi,,,,,
SAORI SAUS TIRAM BOTOL 270 ML,8992770096135,code128,,S0001,Pcs,Pcs,Box (12),15900,16700,24,,,,,,bukan_konsi,,,,,
MAESTRO MAYONNAISE SACHET 100GR,8998888461117,code128,,S0001,Pcs,Pcs,Box (40),3250,6000,10,,,,,,bukan_konsi,,,,,
DM SAMBAL BOTOL340,8998888710215,code128,,S0001,Pcs,Pcs,Box (24),10600,11200,48,,,,,,bukan_konsi,,,,,
DM TOMAT BTL 340GR,8998888710116,code128,,S0001,Pcs,Pcs,Box (24),9200,9700,48,,,,,,bukan_konsi,,,,,
DOLPHIN GARAM MEJA 500 GR,11747234191,code128,,S0001,Pcs,Pcs,Box (24),4200,4500,48,,,,,,bukan_konsi,,,,,
SASA 250GR,8991188943062,code128,,S0001,Pcs,Pcs,Box (48),9800,12500,10,,,,,,bukan_konsi,,,,,
AJINOMOTO 250 GR,8992770011091,code128,,S0001,Pcs,Pcs,Box (40),8700,9200,80,,,,,,bukan_konsi,,,,,
SASA TEPUNG BUMBU ORIGINAL 250GR,8992736925134,code128,,S0001,Pcs,Pcs,Box (24),5282,7500,6,,,,,,bukan_konsi,,,,,
SASA TP BAKWAN SPECIAL 250GR,8992736225401,code128,,S0001,Pcs,Pcs,Box (24),5282,7500,3,,,,,,bukan_konsi,,,,,
SASA TEPUNG GORENG PISANG 225GR,8992736025162,code128,,S0001,Pcs,Pcs,Box (24),5282,7500,6,,,,,,bukan_konsi,,,,,
SAJIKU TEPUNG BUMBU 250 GR,8992770084064,code128,,S0001,Pcs,Pcs,Box (24),5174,7500,10,,,,,,bukan_konsi,,,,,
ROYCO BUMBU PELEZAT R SAPI 240GR,8999999034351,code128,,S0001,Pcs,Pcs,Box (24),8900,9400,48,,,,,,bukan_konsi,,,,,
ROYCO BUMBU PELEZAT R AYAM 240GR,8999999034368,code128,,S0001,Pcs,Pcs,Box (24),8900,9400,48,,,,,,bukan_konsi,,,,,
ABC BLACK GOLD KECAP MANIS BOTTLE 2,711844110397,code128,,S0001,Pcs,Pcs,Box (24),13300,14000,48,,,,,,bukan_konsi,,,,,
ABC KECAP MANIS TANGGUNG 275ML,711844110083,code128,,S0001,Pcs,Pcs,Box (24),12511,15000,12,,,,,,bukan_konsi,,,,,
ABC TOMAT BOTTLE 140 ML,711844130111,code128,,S0001,Pcs,Pcs,Box (48),4400,4700,96,,,,,,bukan_konsi,,,,,
ABC SAMBAL BOTOL  135 ML,711844120037,code128,,S0001,Pcs,Pcs,Box (48),5309,7500,12,,,,,,bukan_konsi,,,,,
INDOMILK SUSU CAIR CHOCO BTL 190ML,8992702005945,code128,,S0002,Pcs,Pcs,Box (24),2954,4500,24,,,,,,bukan_konsi,,,,,
INDOMILK SUSU CAIR STRAWBERRY 190ML,8992702005976,code128,,S0002,Pcs,Pcs,Box (24),2954,4500,24,,,,,,bukan_konsi,,,,,
INDOMILK SKM PUTIH SACHET 120 N  40,8993007001694,code128,,S0002,Pcs,Pcs,Box (20),6545,8500,10,,,,,,bukan_konsi,,,,,
INDOMILK SKM COKLAT SACHET 120 N  4,8993007001700,code128,,S0002,Pack,Pack,Box (20),6900,7500,20,,,,,,bukan_konsi,,,,,
DIAMOND MILK UHT STRAWBERRY 200ML T,8999898962571,code128,,S0002,Pcs,Pcs,Box (24),4233,5500,18,,,,,,bukan_konsi,,,,,
DIAMOND MILK UHT CHOCO 200ML T/P,8999898962564,code128,,S0002,Pcs,Pcs,Box (24),3000,4500,48,,,,,,bukan_konsi,,,,,
DIAMOND UHT LOW FAT HI CAL 200ML,8999898968474,code128,,S0002,Pcs,Pcs,Box (24),3816,5500,18,,,,,,bukan_konsi,,,,,
ULTRA MILK SLIM CHOCO T/P 250 ML,8998009010231,code128,,S0002,Pcs,Pcs,Box (24),4658,6500,24,,,,,,bukan_konsi,,,,,
ULTRA SLIM PLAIN T/P 250 ML,8998009010224,code128,,S0002,Pcs,Pcs,Box (24),4658,6500,24,,,,,,bukan_konsi,,,,,
DIAMOND MILK UHT FULL CREAM 200ML T,8999898962540,code128,,S0002,Pcs,Pcs,Box (24),3833,5500,18,,,,,,bukan_konsi,,,,,
ULTRA MILK PLAIN T/P 1 LT,8998009010613,code128,,S0002,Pcs,Pcs,Box (12),15650,18500,6,,,,,,bukan_konsi,,,,,
ULTRA MILK CHOCO T/P 1 LT,8998009010620,code128,,S0002,Pcs,Pcs,Box (12),15208,18500,3,,,,,,bukan_konsi,,,,,
INDOMIE GORENG RENDANG 91 GR,89686910704,code128,,S0005,Pcs,Pcs,Box (40),2200,2400,80,,,,,,bukan_konsi,,,,,
INDOMIE REAL MEAT RENDANG 110GR,89686045017,code128,,S0005,Pcs,Pcs,Box (12),7500,7900,24,,,,,,bukan_konsi,,,,,
BAKMI MEWAH AYAM ASLI 110 GR,8996001520291,code128,,S0005,Pcs,Pcs,Box (24),7000,7400,48,,,,,,bukan_konsi,,,,,
SEDAAP MIE GORENG 90 GR,8998866200301,code128,,S0005,Pcs,Pcs,Box (40),2222,3500,40,,,,,,bukan_konsi,,,,,
SEDAAP MIE WHITE CURRY 81GR,8998866201346,code128,,S0005,Pcs,Pcs,Box (40),1950,2100,80,,,,,,bukan_konsi,,,,,
3 AYAM MIE TELOR 210GR KUNING,89686000061,code128,,S0005,Pcs,Pcs,Box (20),3399,5500,20,,,,,,bukan_konsi,,,,,
3 AYAM MIE TELOR 210GR MERAH,89686000016,code128,,S0005,Pcs,Pcs,Box (20),3800,4000,40,,,,,,bukan_konsi,,,,,
ABC MIE CUP GRG SPC,8992388112654,code128,,S0005,Pcs,Pcs,Box (24),4541,6500,10,,,,,,bukan_konsi,,,,,
DAHLIA NAPTH WARNA K330 300GR,8886012803301,code128,,S0003,Pcs,Pcs,Box (24),16800,17700,48,,,,,,bukan_konsi,,,,,
DAHLIA TOILET BALL K-33 250GR,8886012800331,code128,,S0003,Pcs,Pcs,Box (72),10900,11500,144,,,,,,bukan_konsi,,,,,
STELLA MATIC GREEN REFILL 225ML,8992745326229,code128,,S0003,Pcs,Pcs,Box (12),26661,29500,3,,,,,,bukan_konsi,,,,,
STELLA MATIC WILD FLOWER REFILL 225,8992745325550,code128,,S0003,Pcs,Pcs,Box (12),25600,26900,24,,,,,,bukan_konsi,,,,,
STELLA MATIC REFILL 225 GR LEMON,8992745325420,code128,,S0003,Pcs,Pcs,Box (12),26661,29500,3,,,,,,bukan_konsi,,,,,
STELLA MATIC ORANGE REFILL 225 ML,8992745325437,code128,,S0003,Pcs,Pcs,Box (12),26664,29500,0,,,,,,bukan_konsi,,,,,
STELLA MATIC REFILL 225 ML FRS CLN,8992745320692,code128,,S0003,Pcs,Pcs,Box (12),26127,29500,3,,,,,,bukan_konsi,,,,,
STELLA AC 80 GR** TROPICAL ORANGE,8992745325949,code128,,S0003,Pcs,Pcs,Box (72),9352,11500,3,,,,,,bukan_konsi,,,,,
STELLA TP AR CAN 250ML ORANGE,8992745320326,code128,,S0003,Pcs,Pcs,Box (12),12181,15500,3,,,,,,bukan_konsi,,,,,
STELLA TP AR CAN 250ML LEMON,8992745320302,code128,,S0003,Pcs,Pcs,Box (12),12181,15500,3,,,,,,bukan_konsi,,,,,
STELLA TP AR CAN 250ML APPLE,8992745320289,code128,,S0003,Pcs,Pcs,Box (12),12181,15500,3,,,,,,bukan_konsi,,,,,
STELLA TP AR CAN 250ML JASMINE,8992745320296,code128,,S0003,Pcs,Pcs,Box (12),11363,13500,3,,,,,,bukan_konsi,,,,,
STELLA TROPICAL AEROSOL CAN 250 ML*,,code128,,S0003,Pcs,Pcs,Box (12),11300,12100,24,,,,,,bukan_konsi,,,,,
STELLA AEROSOL ORANGE 400ML,8992745320241,code128,,S0004,Pcs,Pcs,Box (12),18578,22500,3,,,,,,bukan_konsi,,,,,
STELLA AEROSOL LEMON 400ML,8992745320166,code128,,S0004,Pcs,Pcs,Box (12),18578,22500,3,,,,,,bukan_konsi,,,,,
STELLA A THERAFY 400 ML JASMINE,8992745320173,code128,,S0003,Pcs,Pcs,Box (12),18584,22000,3,,,,,,bukan_konsi,,,,,
STELLA A THERAPY APPLE 400ML,8992745320197,code128,,S0003,Pcs,Pcs,Box,17648,20500,3,,,,,,bukan_konsi,,,,,
GLADE 2 IN 1 ROOM FRESHNER WILD LV ,8992779139406,code128,,S0003,Pcs,Pcs,Box (24),19600,20600,48,,,,,,bukan_konsi,,,,,
GLADE 2 IN 1 ROOM FRESHNER LEMON 40,8992779140402,code128,,S0003,Pcs,Pcs,Box (24),19600,20600,48,,,,,,bukan_konsi,,,,,
GLADE 2 IN 1 ROOM FRESHNER ORANGE 4,8992779141409,code128,,S0003,Pcs,Pcs,Box (24),19600,20600,48,,,,,,bukan_konsi,,,,,
HIT AEROSOL POMEGRANATE 600ML,8992745705307,code128,,S0003,Pcs,Pcs,Box (12),33012,36500,3,,,,,,bukan_konsi,,,,,
HIT LEMON AEROSOL 600ML,8992745120964,code128,,S0003,Pcs,Pcs,Box (12),32700,34400,24,,,,,,bukan_konsi,,,,,
HIT AEROSOL LILY BLOSSOM 600ML,8992745140962,code128,,S0003,Pcs,Pcs,Box (12),33693,37000,2,,,,,,bukan_konsi,,,,,
HIT AEROSOL ORANGE 600 ML,8992745120476,code128,,S0003,Pcs,Pcs,Box (12),33693,37000,0,,,,,,bukan_konsi,,,,,
HIT AEROSOL GREEN TEA 600ML,8992745120421,code128,,S0003,Pcs,Pcs,Box (12),30623,33500,3,,,,,,bukan_konsi,,,,,
BAYGON WATERBASE AEROSOL 275ml,8998899400372,code128,,S0003,Pcs,Pcs,Box (12),19017,22500,3,,,,,,bukan_konsi,,,,,
BAYGON AEROSOL LAVENDER 275 ML,8998899400358,code128,,S0003,Pcs,Pcs,Box (12),13826,16000,3,,,,,,bukan_konsi,,,,,
EMERON SHP SOFT  SMOOTH 170 ML,8998866100649,code128,,S0004,Pcs,Pcs,Box (12),12200,13000,24,,,,,,bukan_konsi,,,,,
EMERON SHP HAIRFALL CONTROL 170 ML,8998866100601,code128,,S0004,Pcs,Pcs,Box (12),10000,13500,3,,,,,,bukan_konsi,,,,,
EMERON SHP ANTIDANDRUFF COTROL 170 ,8998866103121,code128,,S0004,Pcs,Pcs,Box (12),12200,12900,24,,,,,,bukan_konsi,,,,,
EMERON SHP NATURE SHINE 170 ML,8998866104104,code128,,S0004,Pcs,Pcs,Box (12),12200,12900,24,,,,,,bukan_konsi,,,,,
EMERON SHP DAMAGE CONTROL 170 ML,8998866103282,code128,,S0004,Pcs,Pcs,Box (12),12200,12900,24,,,,,,bukan_konsi,,,,,
SUNSILK SHP BLK SHINE SD 170ML,8999999048181,code128,,S0004,Pcs,Pcs,Box (36),15900,22000,2,,,,,,bukan_konsi,,,,,
SUNSILK HIJAB AD 170ML,8999999048525,code128,,S0004,Pcs,Pcs,Box (36),16400,18500,6,,,,,,bukan_konsi,,,,,
SUNSILK SHP SOFT&SMTH SD 170ML,8999999048266,code128,,S0004,Pcs,Pcs,Box (36),15900,22000,2,,,,,,bukan_konsi,,,,,
CLEAR SHP MAN HAIR FALL 170 ML,8999999029746,code128,,S0004,Pcs,Pcs,Box (36),21300,22400,72,,,,,,bukan_konsi,,,,,
CLEAR SHP HAIRFALL DEFENS 170ML,8999999029715,code128,,S0004,Pcs,Pcs,Box (36),19700,20700,72,,,,,,bukan_konsi,,,,,
CLEAR SHP MEN ICE COOL MNTOL 170 ML,8999999029579,code128,,S0004,Pcs,Pcs,Box (36),20500,22500,11,,,,,,bukan_konsi,,,,,
CLEAR SHP ADD SUPERFRESH APPLE 170M,8999999038830,code128,,S0004,Pcs,Pcs,Box (36),18950,22500,10,,,,,,bukan_konsi,,,,,
CLEAR SHP SOFT  SHINY 170ML,,code128,,S0004,Pcs,Pcs,Box (36),19700,20700,72,,,,,,bukan_konsi,,,,,
LIFEBUOY SHP ANTI DANDRUFF 180 ML,8999999033217,code128,,S0004,Pcs,Pcs,Box (36),14450,17500,6,,,,,,bukan_konsi,,,,,
LIFEBUOY SHP STRONG SHINY 170ML,8999999033170,code128,,S0003,Pcs,Pcs,Box (36),14450,17500,6,,,,,,bukan_konsi,,,,,
LIFEBUOY SHP HAIRFALL 170ML,8999999033132,code128,,S0003,Pcs,Pcs,Box (36),14400,17500,3,,,,,,bukan_konsi,,,,,
LIFEBUOY SHP HAIRFALL 70ML,8999999033125,code128,,S0003,Pcs,Pcs,Box (48),6850,9500,6,,,,,,bukan_konsi,,,,,
LIFEBUOY SHP STRONG SHINY 70ML,8999999033163,code128,,S0003,Pcs,Pcs,Box (48),6850,9500,6,,,,,,bukan_konsi,,,,,
CLEAR SHAMPOO HAIRFALL DEFENS 80ML,8999999043773,code128,,S0003,Pcs,Pcs,Box (48),8900,9400,96,,,,,,bukan_konsi,,,,,
CLEAR SHP HERBAL FUSION 80ML,8999999043759,code128,,S0003,Pcs,Pcs,Box (48),8900,10500,12,,,,,,bukan_konsi,,,,,
CLEAR SHAMPOO COMP SOFT CARE 80 ML,8999999043780,code128,,S0003,Pcs,Pcs,Box (48),8900,9400,48,,,,,,bukan_konsi,,,,,
CLEAR SHAMPOO ICE COOL 80 ML,8999999043797,code128,,S0003,Pcs,Pcs,Box (48),8900,9400,96,,,,,,bukan_konsi,,,,,
ZINC SHP HAIR FALL TREATMENT 170ML,8998866105736,code128,,S0003,Pcs,Pcs,Box (24),14800,15600,48,,,,,,bukan_konsi,,,,,
ZINC SHP RE FRESHING COOL 170ML`,8998866105743,code128,,S0003,Pcs,Pcs,Box (24),10900,16500,4,,,,,,bukan_konsi,,,,,
DOVE SHP NOURISHING OIL CARE 70ML,8999999041267,code128,,S0003,Pcs,Pcs,Box (48),9300,11500,6,,,,,,bukan_konsi,,,,,
DOVE SHP DAILY SHINE 70ML,8999999041168,code128,,S0003,Pcs,Pcs,Box (48),9800,12500,3,,,,,,bukan_konsi,,,,,
DOVE SHP DAILY SHINE 70ML,8999999039103,code128,,S0003,Pcs,Pcs,Box (48),9800,12500,3,,,,,,bukan_konsi,,,,,
ZINC SHP BLACK & SHINE 170ML,8998866105781,code128,,S0003,Pcs,Pcs,Box (24),14800,16000,0,,,,,,bukan_konsi,,,,,
ZINC SHP BLACK & SHINE 170ML,,code128,,S0003,Pcs,Pcs,Box (24),14800,15600,48,,,,,,bukan_konsi,,,,,
ZINC MEN SHP ANTI HAIR FALL 170ML,8998866106382,code128,,S0003,Pcs,Pcs,Box (24),14400,15200,48,,,,,,bukan_konsi,,,,,
ZINC MEN SHP ACTIVE COOL 170ML,8998866106375,code128,,S0003,Pcs,Pcs,Box (24),14800,15600,48,,,,,,bukan_konsi,,,,,
CLEAR MEN DEEP CLEANSE 80 ML,8999999035822,code128,,S0003,Pcs,Pcs,Box (48),9700,10200,96,,,,,,bukan_konsi,,,,,
HS SHP ITCHY SCALP 75ML`,,code128,,S0003,Pcs,Pcs,Box (48),7800,8200,96,,,,,,bukan_konsi,,,,,
HEAD&SHOULDERS SHP COOL MENTHOL 70M,4902430414296,code128,,S0003,Pcs,Pcs,Box (48),10148,13000,4,,,,,,bukan_konsi,,,,,
HEAD&SHOULDERS SHP COOL BLAST 70ML,4902430507493,code128,,S0003,Pcs,Pcs,Box (48),8700,9200,96,,,,,,bukan_konsi,,,,,
HEAD&SHOULDERS SHP ANTI HAIRFALL 70,4902430433082,code128,,S0003,Pcs,Pcs,Box (48),10149,13000,3,,,,,,bukan_konsi,,,,,
HEAD&SHOULDERS SHP SMOTH & SILKY 70,4902430433167,code128,,S0003,Pcs,Pcs,Box (48),9000,9500,96,,,,,,bukan_konsi,,,,,
SELECTION 50 GR`,8991038110514,code128,,S0004,Pcs,Pcs,Box (96),5900,6200,192,,,,,,bukan_konsi,,,,,
YURI FOAM HS PREMIUM AB POUCH 375ML,8886030819957,code128,,S0004,Pcs,Pcs,Box (24),14700,15600,0,,,,,,bukan_konsi,,,,,
YURI HAND SOAP POUCH 375 ML** LEMON,8886030229947,code128,,S0004,Pcs,Pcs,Box (24),12500,13200,48,,,,,,bukan_konsi,,,,,
YURI FOAM HS PREMIUM AB POUCH 375ML,8886030819933,code128,,S0003,Pcs,Pcs,Box (24),14700,15600,0,,,,,,bukan_konsi,,,,,
YURI FOAM HS PREMIUM AB POUCH 375ML,8886030819940,code128,,S0003,Pcs,Pcs,Box (24),14700,15500,48,,,,,,bukan_konsi,,,,,
YURI FOAM HS PREMIUM AB PUMP 410ML ,8886030812835,code128,,S0003,Pcs,Pcs,Box (12),25500,26800,24,,,,,,bukan_konsi,,,,,
YURI FOAM HS PREMIUM AB PUMP 410ML ,8886030233012,code128,,S0004,Pcs,Pcs,Box (12),25500,26800,24,,,,,,bukan_konsi,,,,,
YURI FOAM HS PREMIUM AB PUMP 410ML ,8886030812842,code128,,S0006,Pcs,Pcs,Box (12),25500,26800,24,,,,,,bukan_konsi,,,,,
DETTOL HAND SANITASER REFRESH 50 ML,8993560027247,code128,,S0003,Pcs,Pcs,Box (48),10848,14000,6,,,,,,bukan_konsi,,,,,
CITRA LULUR PEARLY WHITE BTL 220ML,8999999500535,code128,,S0003,Pcs,Pcs,Box (24),14900,15700,48,,,,,,bukan_konsi,,,,,
CITRA LULUR NATURAL WHITE BTL 220ML,8999999500542,code128,,S0003,Pcs,Pcs,Box (24),14900,15700,96,,,,,,bukan_konsi,,,,,
CITRA LULUR SPOTLESS WHITE BTL 220M,8999999024000,code128,,S0003,Pcs,Pcs,Box (24),14900,15700,0,,,,,,bukan_konsi,,,,,
DOVE BW GO FRESH NOURISHING BTL 200,8999999030582,code128,,S0003,Pcs,Pcs,Box (24),16300,17200,48,,,,,,bukan_konsi,,,,,
DETTOL SHOWER FOAM SENSITIVE SKIN 3,9556111621517,code128,,S0003,Pcs,Pcs,Box (12),24300,25600,24,,,,,,bukan_konsi,,,,,
DETTOL SHOWER 300 ML* SKINCARE,8993560026080,code128,,S0003,Pcs,Pcs,Box (12),24300,25600,24,,,,,,bukan_konsi,,,,,
DETTOL SHOWER RADIANDE BTL 300ML,8993560026745,code128,,S0003,Pcs,Pcs,Box (12),24300,25600,24,,,,,,bukan_konsi,,,,,
LIFEBUOY BW TOTALPROTECT BTL 100ML,8999999001230,code128,,S0003,Pcs,Pcs,Box (36),8250,12000,4,,,,,,bukan_konsi,,,,,
LIFEBUOY BW MILDCARE BTL 100ML,8999999001247,code128,,S0003,Pcs,Pcs,Box (36),8250,12000,4,,,,,,bukan_konsi,,,,,
LIFEBUOY BW LEMON FRESH BTL 100ML,8999999027254,code128,,S0003,Pcs,Pcs,Box,10900,13000,4,,,,,,bukan_konsi,,,,,
LIFEBUOY BW NATUREPURE BTL 100ML,8999999001223,code128,,S0003,Pcs,Pcs,Box (36),8250,10500,6,,,,,,bukan_konsi,,,,,
LIFEBUOY BW ACTIVFRESH BTL 100ML,8999999001216,code128,,S0003,Pcs,Pcs,Box (36),10900,13000,4,,,,,,bukan_konsi,,,,,
LIFEBUOY BW LEMON FRESH BTL 300ML,8999999027247,code128,,S0003,Pcs,Pcs,Box (24),19800,22500,0,,,,,,bukan_konsi,,,,,
LIFEBUOY BW MILDCARE BTL 300ML,8999999001162,code128,,S0003,Pcs,Pcs,Box (24),19800,22500,4,,,,,,bukan_konsi,,,,,
LIFEBUOY BW TOTAL PROTECT BTL 300ML,8999999001155,code128,,S0003,Pcs,Pcs,Box (24),19800,22500,4,,,,,,bukan_konsi,,,,,
LIFEBUOY BW  ACTIVEFRESH BTL 300ML,8999999001131,code128,,S0003,Pcs,Pcs,Box (24),19800,22500,4,,,,,,bukan_konsi,,,,,
LIFEBUOY BW NATURALPURE BTL 300ML,8999999001148,code128,,S0003,Pcs,Pcs,Box (24),19800,22500,4,,,,,,bukan_konsi,,,,,
DETTOL RE ENERGIZE POUCH 250ML,8993560026714,code128,,S0003,Pcs,Pcs,Box (24),14099,16600,4,,,,,,bukan_konsi,,,,,
DETTOL SHOWER FOAM 250ML* FRESH,8993560026011,code128,,S0003,Pcs,Pcs,Box (24),14099,16600,4,,,,,,bukan_konsi,,,,,
DETTOL SHOWER FOAM PINK POUCH 250ML,8993560026103,code128,,S0003,Pcs,Pcs,Box (24),14099,16600,4,,,,,,bukan_konsi,,,,,
SHINZUI BODY CLEAN REF MYORI 200ML,8992946522253,code128,,S0003,Pcs,Pcs,Box (48),13100,13800,96,,,,,,bukan_konsi,,,,,
SHINZUI BODY CLEAN REF SAKURA 200ML,8992946522260,code128,,S0003,Pcs,Pcs,Box (48),13100,13800,96,,,,,,bukan_konsi,,,,,
LUX BW PURPLE MAGIC REFF250ML,8999999036942,code128,,S0003,Pcs,Pcs,Box (24),12850,15000,3,,,,,,bukan_konsi,,,,,
LUX BW BLUE AQUA REF250ML,8999999036911,code128,,S0003,Pcs,Pcs,Box (24),12500,13200,48,,,,,,bukan_konsi,,,,,
LUX BW WHITE IMPRESS REFF 24X250ML,8999999043681,code128,,S0003,Pcs,Pcs,Box (24),12850,15000,6,,,,,,bukan_konsi,,,,,
LUX BW WHITE VELVET REF 250ML,8999999036904,code128,,S0003,Pcs,Pcs,Box (24),12850,15000,3,,,,,,bukan_konsi,,,,,
DOVE BW GO FRESH NOURISHING POUCH 2,8999999030636,code128,,S0003,Pcs,Pcs,Box (24),13200,13900,48,,,,,,bukan_konsi,,,,,
NUVO REFILL POUCH 250ML* GOLD,8998866602990,code128,,S0003,Pcs,Pcs,Box (12),9300,12500,6,,,,,,bukan_konsi,,,,,
NUVO REFILL POUCH 250ML* BALANCE,8998866602976,code128,,S0003,Pcs,Pcs,Box (12),9200,12000,3,,,,,,bukan_konsi,,,,,
NUVO REFILL POUCH 250ML* ACTIVE,8998866602983,code128,,S0003,Pcs,Pcs,Box (12),9300,12500,6,,,,,,bukan_konsi,,,,,
NUVO REFILL POUCH 250ML* GENTLE,8998866602969,code128,,S0003,Pcs,Pcs,Box (12),9700,12000,2,,,,,,bukan_konsi,,,,,
LUX BW GREEN FRESH REF 250ML,8999999030933,code128,,S0003,Pcs,Pcs,Box (24),12500,14000,10,,,,,,bukan_konsi,,,,,
LUX BW PINK SOFT REF 250ML,8999999036898,code128,,S0003,Pcs,Pcs,Box (24),12850,15000,3,,,,,,bukan_konsi,,,,,
BIORE BODY FOAM BRIGHT CARE REFILL ,8992727005043,code128,,S0003,Pcs,Pcs,Box (24),10100,10700,48,,,,,,bukan_konsi,,,,,
BIORE BODY FOAM HYGIENIC COOL POUCH,8992727005005,code128,,S0003,Pcs,Pcs,Box (24),10100,10700,48,,,,,,bukan_konsi,,,,,
BIORE BODY FOAM LIVELY REFRESH 250 ,8992727003872,code128,,S0003,Pcs,Pcs,Box (24),15200,17500,4,,,,,,bukan_konsi,,,,,
BIORE BODY FOAM ANTISEPTIC REFILL 2,8992727001328,code128,,S0003,Pcs,Pcs,Box (24),10100,10800,48,,,,,,bukan_konsi,,,,,
LIFEBUOY BW LEMON FRESH REF 450ML,8999999027261,code128,,S0003,Pcs,Pcs,Box (24),21700,25500,3,,,,,,bukan_konsi,,,,,
LIFEBUOY BW NATURE PURE REFF 450ML,8999999001186,code128,,S0003,Pcs,Pcs,Box (24),21700,25500,3,,,,,,bukan_konsi,,,,,
LIFEBUOY BW ORANGE REF 450ML,8999999005481,code128,,S0003,Pcs,Pcs,Box (24),21700,25500,3,,,,,,bukan_konsi,,,,,
LIFEBUOY BW MILD CARE REFF 450ML,8999999001209,code128,,S0003,Pcs,Pcs,Box (24),20500,21600,48,,,,,,bukan_konsi,,,,,
BIORE BODY FOAM RELAXING AROMATIC 4,8992727002592,code128,,S0003,Pcs,Pcs,Box (12),19200,20200,24,,,,,,bukan_konsi,,,,,
BIORE BODY FOAM PURE MILD POUCH 450,8992727001700,code128,,S0003,Pcs,Pcs,Box (12),17500,26500,3,,,,,,bukan_konsi,,,,,
Shinzui Soap 90Gr Reguler,8992946511790,code128,,S0003,Pcs,Pcs,Box (144),3900,5500,12,,,,,,bukan_konsi,,,,,
Shinzui Soap 90 Gr Kirey,8992946512285,code128,,S0003,Pcs,Pcs,Box (144),3900,5500,12,,,,,,bukan_konsi,,,,,
NIVEA SOAP 100 GR* NORMAL,8999777806958,code128,,S0003,Pcs,Pcs,Box (48),6000,6500,96,,,,,,bukan_konsi,,,,,
DOVE WHITE BEAUTY BAR SEA 90GR,8999999026370,code128,,S0003,Pcs,Pcs,Box (48),5800,8500,5,,,,,,bukan_konsi,,,,,
GIV SOAP PURPLE 85 GR,8998866602389,code128,,S0003,Pcs,Pcs,Box (72),1700,3000,12,,,,,,bukan_konsi,,,,,
GIV SOAP BROWN 85 GR,8998866888653,code128,,S0003,Pcs,Pcs,Box (72),1800,1900,144,,,,,,bukan_konsi,,,,,
GIV SOAP MULBERRY SILK 80GR,8998866609142,code128,,S0003,Pcs,Pcs,Box (72),1900,2100,144,,,,,,bukan_konsi,,,,,
GIV PEARL WHITE BEAUTY BAR SOAP 80 ,8998866608602,code128,,S0003,Pcs,Pcs,Box (72),1800,1900,144,,,,,,bukan_konsi,,,,,
LUX TS WHITE IMPRESS 85GR,8999999500399,code128,,S0003,Pcs,Pcs,Box (96),2800,4500,0,,,,,,bukan_konsi,,,,,
LUX TS SOFT TOUCH 85GR,8999999036607,code128,,S0003,Pcs,Pcs,Box (144),2900,4000,0,,,,,,bukan_konsi,,,,,
LUX TS WHITE VELVET 85 GR,8999999036638,code128,,S0003,Pcs,Pcs,Box (144),2800,4500,6,,,,,,bukan_konsi,,,,,
LUX WHITE IMPRESS 85GR,8999999043667,code128,,S0003,Pcs,Pcs,Box (144),2900,3100,288,,,,,,bukan_konsi,,,,,
LUX TS AQUA SPARKLE 85GR,8999999036676,code128,,S0003,Pcs,Pcs,Box (144),2600,3500,0,,,,,,bukan_konsi,,,,,
LUX TS MAGICAL SPELL 85GR,8999999036690,code128,,S0003,Pcs,Pcs,Box (144),2800,4500,0,,,,,,bukan_konsi,,,,,
LUX TS FRESH SPLASH 85 GR,8999999031107,code128,,S0003,Pcs,Pcs,Box (144),2600,4000,0,,,,,,bukan_konsi,,,,,
FRESH NATURAL BAR SOAP 4 X 70 GR,8998866603683,code128,,S0003,Pack,Pack,Box (18),5300,5800,0,,,,,,bukan_konsi,,,,,
LIFEBUOY TS MILDCARE 24X(4X110G),8999999045913,code128,,S0003,Pcs,Pcs,Box (24),3525,3800,0,,,,,,bukan_konsi,,,,,
LIFEBUOY TS MILDCARE 4X60GR,8999999046989,code128,,S0003,Pcs,Pcs,Box (36),7500,7900,72,,,,,,bukan_konsi,,,,,
LIFEBUOY TS TOTAL 4X60GR,8999999046996,code128,,S0003,Pcs,Pcs,Box (36),7500,7900,72,,,,,,bukan_konsi,,,,,
DETTOL BAR SOAP SKIN CARE 110GR BAN,8993560024222,code128,,S0003,Pcs,Pcs,Box (27),4440,6000,6,,,,,,bukan_konsi,,,,,
DETTOL BAR SOAP FRESH 110GR BANDED ,8993560024154,code128,,S0003,Pcs,Pcs,Box (27),4440,6000,6,,,,,,bukan_konsi,,,,,
DETTOL BAR SOAP COOL 110GR BANDED 5,8993560024192,code128,,S0003,Pcs,Pcs,Box (27),4440,6000,6,,,,,,bukan_konsi,,,,,
DETTOL SOAP RE ENERGIZE 5X110GR,8993560025120,code128,,S0003,Pcs,Pcs,Box (27),4440,6000,6,,,,,,bukan_konsi,,,,,
DETTOL BAR SOAP ORIGINAL 110GR BAND,8993560024451,code128,,S0003,Pcs,Pcs,Box (27),4440,4700,0,,,,,,bukan_konsi,,,,,
DETTOL SOAP LASTING FRESH 5X110GR`,8993560025250,code128,,S0003,Pcs,Pcs,Box (27),4100,4400,0,,,,,,bukan_konsi,,,,,
FORMULA TB ZIGZAG,8991102024150,code128,,S0003,Pcs,Pcs,Box (72),3037,5000,12,,,,,,bukan_konsi,,,,,
FORMULA TB DOUBLE ACTION - S,8991102020152,code128,,S0003,Pcs,Pcs,Box (72),2743,5000,12,,,,,,bukan_konsi,,,,,
FORMULA TB TRENDY - M,8991102020473,code128,,S0003,Pcs,Pcs,Box (72),3100,3400,0,,,,,,bukan_konsi,,,,,
FORMULA TB DIAMOND - S,8991102022446,code128,,S0003,Pcs,Pcs,Box (144),2900,5000,12,,,,,,bukan_konsi,,,,,
FORMULA TB ZAP - M,8991102023139,code128,,S0003,Pcs,Pcs,Box (72),3100,3400,0,,,,,,bukan_konsi,,,,,
FORMULA TB SYSTEM - S,8991102021234,code128,,S0003,Pcs,Pcs,Box (72),3100,3400,0,,,,,,bukan_konsi,,,,,
FORMULA TB CONFIDENT CURVE,8991102024099,code128,,S0003,Pcs,Pcs,Box (72),4000,4400,0,,,,,,bukan_konsi,,,,,
PEPSODENT TB DOUBLE CARE ULTRA SENS,8999999043285,code128,,S0003,Pcs,Pcs,Box (48),9700,10300,96,,,,,,bukan_konsi,,,,,
CIPTADENT TOOTH BRUSH MEDIUM 3S,8998866102506,code128,,S0003,Pcs,Pcs,Box (6),4500,4900,0,,,,,,bukan_konsi,,,,,
VASELINE MEN HEALTHY WHITE FW 100GR,4800888157966,code128,,S0003,Pcs,Pcs,Box (24),23800,25000,48,,,,,,bukan_konsi,,,,,
VASELINE MEN FACIAL FOAM OIL CTRL10,8999999001988,code128,,S0003,Pcs,Pcs,Box (24),23800,25000,48,,,,,,bukan_konsi,,,,,
VASELINE MEN FACE WASH A DULLNESS 5,4800888157942,code128,,S0003,Pcs,Pcs,Box (24),24100,25400,48,,,,,,bukan_konsi,,,,,
PONDS MEN FC POLLUTION OUT 100GR,8999999041656,code128,,S0003,Pcs,Pcs,Box (24),23650,25500,6,,,,,,bukan_konsi,,,,,
PONDS MEN SUN DULLNESS FIGT ICY GEL,8999999057046,code128,,S0003,Pcs,Pcs,Box (24),24100,25400,48,,,,,,bukan_konsi,,,,,
PONDS MEN ENERGY CHARGE FACE SCRUB ,8999999034689,code128,,S0003,Pcs,Pcs,Box (24),15400,16200,48,,,,,,bukan_konsi,,,,,
PONDS MEN FC POLLUTION OUT 50GR,8999999041663,code128,,S0003,Pcs,Pcs,Box (24),15400,16200,48,,,,,,bukan_konsi,,,,,
NIVEA FOR MEN FACIAL FOAM OIL CTRL ,8999777000172,code128,,S0003,Pcs,Pcs,Box (36),13000,13700,72,,,,,,bukan_konsi,,,,,
NIVEA FOR MEN WHITE FAC FOAM OC 50M,8999777888374,code128,,S0003,Pcs,Pcs,Box (36),12500,13200,72,,,,,,bukan_konsi,,,,,
BIORE MENS FACIAL FOAM WHITE ENERGY,8992727005128,code128,,S0003,Pcs,Pcs,Box (6),9700,10200,12,,,,,,bukan_konsi,,,,,
BIORE MENS FF ACNE DEFENSE 40GR,8992727005142,code128,,S0003,Pcs,Pcs,Box (6),9700,10200,12,,,,,,bukan_konsi,,,,,
REXONA RO MEN ANTIBACTERIAL 50ML,8999999047092,code128,,S0003,Pcs,Pcs,Box (24),14900,18000,0,,,,,,bukan_konsi,,,,,
REXONA MEN RO ICE COOL RL 50ML,8999999049409,code128,,S0003,Pcs,Pcs,Box (24),13550,17000,6,,,,,,bukan_konsi,,,,,
REXONA MEN ROLL QUANTUM RL 50ML,8999999049416,code128,,S0003,Pcs,Pcs,Box (24),13300,17000,6,,,,,,bukan_konsi,,,,,
REXONA MEN RO INVISIBLE DRY RL 50ML,8999999049669,code128,,S0003,Pcs,Pcs,Box (24),13100,17000,6,,,,,,bukan_konsi,,,,,
REXONA MEN RO SPORT DEFENCE RL 50ML,8999999049423,code128,,S0003,Pcs,Pcs,Box (24),13550,17000,6,,,,,,bukan_konsi,,,,,
REXONA MEN RO ADVENTURE ID RL 50ML,8999999049393,code128,,S0003,Pcs,Pcs,Box (24),13100,17000,6,,,,,,bukan_konsi,,,,,
REXONA MEN RO FERRARI V8 RL 50ML,8999999049430,code128,,S0003,Pcs,Pcs,Box (24),13550,17000,0,,,,,,bukan_konsi,,,,,
GATSBY STYLING WAX BRITISH,8992222051606,code128,,S0003,Pcs,Pcs,Box (6),15000,15800,0,,,,,,bukan_konsi,,,,,
GATSBY STYLING WAX ULTIMATESHAGGY 7,8992222053129,code128,,S0003,Pcs,Pcs,Box (6),15000,15800,12,,,,,,bukan_konsi,,,,,
CLEAR STYLING CREAM 100 GR,8999999720940,code128,,S0003,Pcs,Pcs,Box (72),10200,13000,12,,,,,,bukan_konsi,,,,,
BIC 2 ORANGE HC 1S,3086126676074,code128,,S0004,Pcs,Pcs,Box (288),3200,3500,0,,,,,,bukan_konsi,,,,,
BIC 1 ORANGE HC 1S,3086123194366,code128,,S0004,Pcs,Pcs,Box (288),2525,2800,0,,,,,,bukan_konsi,,,,,
GILLETTE BLUE 3 4S,7702018001538,code128,,S0004,Pack,Pack,Box (6),47400,49800,12,,,,,,bukan_konsi,,,,,
GILLETTE MACH 3 TURBO SEN RAZOR 1S,7702018041107,code128,,S0004,Pack,Pack,Box (6),55200,58000,12,,,,,,bukan_konsi,,,,,
GILLETTE BLUE 3 ICE 4S,4902430440950,code128,,S0004,Pack,Pack,Box (6),47400,49800,12,,,,,,bukan_konsi,,,,,
GILLETTE BLUE 3 COLLECTION  2S,4902430479264,code128,,S0004,Pcs,Pcs,Box (12),23900,25100,24,,,,,,bukan_konsi,,,,,
GILLETTE MACH 3 COLLECTION 1S,4902430510455,code128,,S0004,Pack,Pack,Box (6),47600,50000,12,,,,,,bukan_konsi,,,,,
SENSODYNE FRESH MINT 100 GR,8991991161332,code128,,S0004,Pcs,Pcs,Box (72),20600,21800,144,,,,,,bukan_konsi,,,,,
SENSODYNE GEL 100GR,4800318407739,code128,,S0004,Pcs,Pcs,Box (72),20600,21800,144,,,,,,bukan_konsi,,,,,
PEPSODENT TP SENSITIVE EXPERT 100GR,8999999008505,code128,,S0004,Pcs,Pcs,Box (36),21000,22200,72,,,,,,bukan_konsi,,,,,
PEPSODENT TP ACTION 123 190GR,8999999030186,code128,,S0004,Pcs,Pcs,Box (48),11500,12200,0,,,,,,bukan_konsi,,,,,
SYSTEMA TP MENTHOL BREEZE 190GR,8998866105989,code128,,S0004,Pcs,Pcs,Box (24),9000,9600,48,,,,,,bukan_konsi,,,,,
SYSTEMA TP SPRING FRESH 190GR,8998866105996,code128,,S0004,Pcs,Pcs,Box (24),9000,9600,48,,,,,,bukan_konsi,,,,,
CLOSE UP DEEP ACTION 65G,8999999707835,code128,,S0004,Pcs,Pcs,Box (48),5800,8000,24,,,,,,bukan_konsi,,,,,
CLOSE UP FIRE FREEZE 65GR,8999999008499,code128,,S0004,Pcs,Pcs,Box (48),7400,7900,0,,,,,,bukan_konsi,,,,,
PEPSODENT TP WHITE 75 GR,8999999706081,code128,,S0004,Pcs,Pcs,Box (144),3775,6000,12,,,,,,bukan_konsi,,,,,
PEPSODENT TP HERBAL 75 GR,8999999710880,code128,,S0004,Pcs,Pcs,Box (144),6600,8500,12,,,,,,bukan_konsi,,,,,
SENSODYNE GENTLE WHITENING 100GR,8992695724069,code128,,S0004,Pcs,Pcs,Box (72),22300,23600,144,,,,,,bukan_konsi,,,,,
PEPSODENT TP PLUS WHITENING190GR,8999999707781,code128,,S0004,Pcs,Pcs,Box (48),13850,16500,36,,,,,,bukan_konsi,,,,,
PEPSODENT TP CENTRE FRESH 160 GR,8999999715588,code128,,S0004,Pcs,Pcs,Box (48),14900,18500,10,,,,,,bukan_konsi,,,,,
PEPSODENT TP HERBAL 120GR,8999999710873,code128,,S0004,Pcs,Pcs,Box (72),9100,9700,0,,,,,,bukan_konsi,,,,,
PEPSODENT TP WHITE 120 GR,8999999706173,code128,,S0004,Pcs,Pcs,Box (72),5650,7500,12,,,,,,bukan_konsi,,,,,
CLOSE UP FIRE FREEZE 160GR,8999999008482,code128,,S0004,Pcs,Pcs,Box (48),16600,17600,0,,,,,,bukan_konsi,,,,,
ZACT TOOTH PASTE 150 GR,8998866102636,code128,,S0004,Pcs,Pcs,Box (24),8500,9100,0,,,,,,bukan_konsi,,,,,
REXONA WMN RO NATURALS RL 50ML,8999999049478,code128,,S0004,Pcs,Pcs,Box (24),14900,18000,0,,,,,,bukan_konsi,,,,,
DOVE DEO ULTIMATE WHITE 40ML,8999999027865,code128,,S0004,Pcs,Pcs,Box (24),16100,18500,6,,,,,,bukan_konsi,,,,,
DOVE ROLL ON ORIGINAL 40 ML,8999999005580,code128,,S0004,Pcs,Pcs,Box (24),16100,18500,6,,,,,,bukan_konsi,,,,,
REXONA WMN RO FREE SPIRIT RL 50ML,8999999049454,code128,,S0004,Pcs,Pcs,Box (24),13550,17000,6,,,,,,bukan_konsi,,,,,
REXONA WMN ROLL ON POWDER DRY RL 50,8999999049492,code128,,S0004,Pcs,Pcs,Box (24),13550,17000,0,,,,,,bukan_konsi,,,,,
VASELINE INTENSIVE CARE,8999999003074,code128,,S0004,Pcs,Pcs,Box (36),11400,15000,6,,,,,,bukan_konsi,,,,,
VASELINE HBL ALOE FRESH 100ML,8999999020019,code128,,S0004,Pcs,Pcs,Box (36),16100,17000,72,,,,,,bukan_konsi,,,,,
VASELINE LOT HEALTY SUN BLOCK 100ML,8999999719081,code128,,S0004,Pcs,Pcs,Box (36),28400,29900,72,,,,,,bukan_konsi,,,,,
VASELINE LOTION HEALTHY WHITE 100ML,8999999719395,code128,,S0004,Pcs,Pcs,Box (36),11400,15000,6,,,,,,bukan_konsi,,,,,
VASELINE INTENSV CARE ADV STRENGTH ,8999999045562,code128,,S0004,Pcs,Pcs,Box (36),15750,19000,6,,,,,,bukan_konsi,,,,,
CITRA HBL JPN WAKAME GEL LOT 120ML,8999999040802,code128,,S0004,Pcs,Pcs,Box (36),10800,11400,72,,,,,,bukan_konsi,,,,,
CITRA NATURAL WHITE UV 120ML,8999999003708,code128,,S0004,Pcs,Pcs,Box (36),9000,12500,0,,,,,,bukan_konsi,,,,,
CITRA HAND  BODY LST GLOW 120ML,8999999003661,code128,,S0004,Pcs,Pcs,Box (36),9000,11500,6,,,,,,bukan_konsi,,,,,
CITRA HAND  BODY FRESH RADIANCE 120,8999999003685,code128,,S0004,Pcs,Pcs,Box (36),9600,10100,72,,,,,,bukan_konsi,,,,,
LISTERINE 250 ML** ORIGINAL,8992725910202,code128,,S0004,Pcs,Pcs,Box (24),18400,19700,0,,,,,,bukan_konsi,,,,,
LISTERINE GREEN TEA 250ML,8991111152080,code128,,S0004,Pcs,Pcs,Box (8),21505,26000,0,,,,,,bukan_konsi,,,,,
LISTERINE MOUTH WASH VANILLA MINT 2,8991111152011,code128,,S0004,Pcs,Pcs,Box (24),20500,21700,0,,,,,,bukan_konsi,,,,,
LISTERINE MOUTHWASH CITRUS 250ML,8992725910615,code128,,S0004,Pcs,Pcs,Box (24),18400,19500,0,,,,,,bukan_konsi,,,,,
LISTERINE 250 ML** FRESH,8992725910424,code128,,S0004,Pcs,Pcs,Box (24),21505,26000,6,,,,,,bukan_konsi,,,,,
LISTERINE 250 ML** COOL MINT,8992725910332,code128,,S0004,Pcs,Pcs,Box (24),14900,20500,12,,,,,,bukan_konsi,,,,,
LISTERINE TEETHGUM DEFENSE 250 ML,8992725910561,code128,,S0004,Pcs,Pcs,Box (24),20500,21700,0,,,,,,bukan_konsi,,,,,
PEPSODENT MOUTHWASH SENS EXPERT 150,8999999032395,code128,,S0004,Pcs,Pcs,Box (18),9800,10400,0,,,,,,bukan_konsi,,,,,
PEPSODENT MOUTHWASH WHITE NOW 150ML,8999999032401,code128,,S0004,Pcs,Pcs,Box (18),11000,12500,2,,,,,,bukan_konsi,,,,,
PEPSODENT MOUTHWASH HERBAL NAT 150M,8999999032425,code128,,S0004,Pcs,Pcs,Box (18),10499,12000,2,,,,,,bukan_konsi,,,,,
CIPTADENT TOOTH BRUSH 3S DOUBLE ACT,8998866102483,code128,,S0004,Pack,Pack,Box (6),4500,4800,0,,,,,,bukan_konsi,,,,,
FRESH NATURAL BAR SOAP 4 X 70 GR,8998866800167,code128,,S0003,Pack,Pack,Box (18),5300,5600,0,,,,,,bukan_konsi,,,,,
FRESH NATURAL BAR SOAP 4 X 70 GR,8998866800143,code128,,S0003,Pack,Pack,Box (18),5300,5600,0,,,,,,bukan_konsi,,,,,
HEAD&SHOULDERS SHP ITCHY SCALP 75ML,4902430477161,code128,,S0004,Pcs,Pcs,Box (48),9500,10000,96,,,,,,bukan_konsi,,,,,
LIFEBUOY BW TOTAL PROTECT REFF 450M,8999999001193,code128,,S0003,Pcs,Pcs,Box (48),21700,25500,3,,,,,,bukan_konsi,,,,,
MAMY POKO PANTS BOYS XXXL 24S,8851111416097,code128,,S0003,Pcs,Pcs,Box (3),148500,156000,6,,,,,,bukan_konsi,,,,,
VASELINE MEN SERUM SPF 30 CREAM 15G,8999999037857,code128,,S0003,Pcs,Pcs,Box (96),23000,23100,0,,,,,,bukan_konsi,,,,,
SO KLIN FLOOR CLEANER P 800 ML**,8998866679633,code128,,S0004,Pcs,Pcs,Box (12),9265,13000,6,,,,,,bukan_konsi,,,,,
TEH PUCUK HARUM ORIGINAL 350ML,8996001600146,code128,,S0002,Pcs,Pcs,Box (24),2208,4000,24,,,,,,bukan_konsi,,,,,
FANTA STRAWBERRY CAN 330 ML,8992761111045,code128,,S0002,Pcs,Pcs,Box (24),5400,7000,0,,,,,,bukan_konsi,,,,,
COCA COLA CAN 330 ML,8992761111014,code128,,S0002,Pcs,Pcs,Box (24),5000,7000,0,,,,,,bukan_konsi,,,,,
ISOPLUS BTL 350ML,8998866610377,code128,,S0002,Pcs,Pcs,Box (12),2250,4000,12,,,,,,bukan_konsi,,,,,
CHITATO SAPI PANGGANG 35GR,89686598025,code128,,S0005,Pcs,Pcs,Box (40),5299,6500,10,,,,,,bukan_konsi,,,,,
POP MIE BASO CUP 75GR,89686060126,code128,,S0005,Pcs,Pcs,Box (24),3833,6000,24,,,,,,bukan_konsi,,,,,
POP MIE AYAM 75GR,89686060027,code128,,S0005,Pcs,Pcs,Box (24),3833,6000,24,,,,,,bukan_konsi,,,,,
POP MIE KARI AYAM 75GR,89686060461,code128,,S0005,Pcs,Pcs,Box (24),3877,6000,24,,,,,,bukan_konsi,,,,,
POP MIE SOTO AYAM 75GR,89686060362,code128,,S0005,Pcs,Pcs,Box (24),3833,6000,24,,,,,,bukan_konsi,,,,,
INDOMIE GORENG 85GR,89686010947,code128,,S0005,Pcs,Pcs,Box (40),2275,3500,40,,,,,,bukan_konsi,,,,,
INDOMIE SOTO MIE 70GR,89686010343,code128,,S0005,Pcs,Pcs,Box (40),2180,3000,40,,,,,,bukan_konsi,,,,,
INDOMIE AYAM BAWANG 69GR,89686010015,code128,,S0005,Pcs,Pcs,Box (40),2180,3000,40,,,,,,bukan_konsi,,,,,
INDOMIE KARI AYAM 72GR,89686010527,code128,,S0005,Pcs,Pcs,Box (40),2312,3500,40,,,,,,bukan_konsi,,,,,
SEDAAP MINYAK GORENG 2LTR,8998866501033,code128,,S0001,Pcs,Pcs,Box (12),25400,26700,24,,,,,,bukan_konsi,,,,,
KUNCI MAS GERIGEN 5LT,8992826112086,code128,,S0001,Pcs,Pcs,Box (6),69900,73400,12,,,,,,bukan_konsi,,,,,
ROSE BRAND MINYK GORENG 5LT,8993093664759,code128,,S0001,Pcs,Pcs,Box (6),60700,63800,12,,,,,,bukan_konsi,,,,,
SANIA MG BTL 1LT,8993496104012,code128,,S0001,Pcs,Pcs,Box (12),14000,14800,24,,,,,,bukan_konsi,,,,,
FILMA MG BTL 1LT,8992826111034,code128,,S0001,Pcs,Pcs,Box (12),15400,16200,24,,,,,,bukan_konsi,,,,,
SANIA MYK GRG 1LT,8993496001083,code128,,S0001,Pcs,Pcs,Box (12),12691,13400,24,,,,,,bukan_konsi,,,,,
BLUE BAND SRB GN CUP 250GR,8999999034160,code128,,S0001,Pcs,Pcs,Box (24),11000,11600,48,,,,,,bukan_konsi,,,,,
ABC SARDEN KLG 425GR,711844330115,code128,,S0001,Pcs,Pcs,Box (24),15800,16600,48,,,,,,bukan_konsi,,,,,
MAYA SARDEN 155GR,8992987001014,code128,,S0001,Pcs,Pcs,Box (24),6300,6700,48,,,,,,bukan_konsi,,,,,
ABC SARDEN SAUS TMT 155GR,711844330009,code128,,S0001,Pcs,Pcs,Box (24),6800,7200,48,,,,,,bukan_konsi,,,,,
BLUE BAND SACHT 200GR,8999999034153,code128,,S0001,Pcs,Pcs,Box (24),6500,6900,48,,,,,,bukan_konsi,,,,,
SIKAT TORINA,8998889277205,code128,,S0003,Pcs,Pcs,Box (5),23000,25000,5,,,,,,bukan_konsi,,,,,
DORONGAN AIR NGT,8998889321199,code128,,S0003,Pcs,Pcs,Box (5),27000,30000,5,,,,,,bukan_konsi,,,,,
DORONGAN AIR NGY,8997020367195,code128,,S0003,Pcs,Pcs,Box (5),18000,20000,5,,,,,,bukan_konsi,,,,,
PENGKI SHINPO,pengkishinpo,code128,,S0003,Pcs,Pcs,Box (5),14000,15000,5,,,,,,bukan_konsi,,,,,
SAPU LIDI,31,code128,,S0003,Pcs,Pcs,Box (5),4000,5000,5,,,,,,bukan_konsi,,,,,
SAPU LIDI GG,32,code128,,S0003,Pcs,Pcs,Box (5),8000,10000,5,,,,,,bukan_konsi,,,,,
PEL TANGAN ,,code128,,S0003,Pcs,Pcs,Box (20),9000,10000,20,,,,,,bukan_konsi,,,,,
SIKAT WC O,8999979018470,code128,,S0003,Pcs,Pcs,Box (5),18000,20000,5,,,,,,bukan_konsi,,,,,
SIKAT NAGOYA,8997020369021,code128,,S0003,Pcs,Pcs,Box (5),9000,11000,5,,,,,,bukan_konsi,,,,,
SIKAT LION STAR,8999979018517,code128,,S0003,Pcs,Pcs,Box (5),13000,15000,50,,,,,,bukan_konsi,,,,,
SIKAT DRAGON ,SIKATDRAGON,code128,,S0003,Pcs,Pcs,Box (6),7500,9000,0,,,,,,bukan_konsi,,,,,
SAPU AREN,33,code128,,S0003,Pcs,Pcs,Box (5),13000,15000,5,,,,,,bukan_konsi,,,,,
SAPU DRAGON ,SAPUDRAGON,code128,,S0003,Pcs,Pcs,Box (5),18000,20000,5,,,,,,bukan_konsi,,,,,
HSH KESET MOTIF,8994078021598,code128,,S0003,Pcs,Pcs,Box (12),19900,21500,24,,,,,,bukan_konsi,,,,,
KEKESET ANYAM,2465105025019,code128,,S0003,Pcs,Pcs,Box (19),14900,16500,28,,,,,,bukan_konsi,,,,,
LAP LANTAI PUTIH,28,code128,,S0003,Pcs,Pcs,Box (5),9300,10500,5,,,,,,bukan_konsi,,,,,
LAP LANTAI LAVENDER,29,code128,,S0003,Pcs,Pcs,Box (5),9300,10500,5,,,,,,bukan_konsi,,,,,
SAMPOERNA MILD16,8999909096004,code128,,S0007,Pcs,Pcs,Box (10),22100,25000,10,,,,,,bukan_konsi,,,,,
DJI SAM SOE KRETEK 234,8999909028234,code128,,S0007,Pcs,Pcs,Box (200),16100,19000,10,,,,,,bukan_konsi,,,,,
GUDANG GARAM FILTER MERAH,8998989100120,code128,,S0007,Pcs,Pcs,Box (200),16600,19000,20,,,,,,bukan_konsi,,,,,
DJARUM SUPER 12,8991906101019,code128,,S0007,Pcs,Pcs,Box (200),16500,19000,10,,,,,,bukan_konsi,,,,,
LA LIGHT MERAH,8991906101057,code128,,S0007,Pcs,Pcs,Box (100),19600,23000,10,,,,,,bukan_konsi,,,,,
U MILD,8995078803078,code128,,S0007,Pcs,Pcs,Box (100),20100,22500,10,,,,,,bukan_konsi,,,,,
MARLBORO RED,76164217,code128,,S0007,Pcs,Pcs,Box (100),27800,31000,10,,,,,,bukan_konsi,,,,,
MARLBORO GOLD,76239878,code128,,S0007,Pcs,Pcs,Box (100),27800,31000,10,,,,,,bukan_konsi,,,,,
BERAS 10KG BMW,2,code128,,S0001,Pcs,Pcs,Box,120000,125000,2,,,,,,bukan_konsi,,,,,
PAPER ONE F4 70 GREEN,8993242597808,code128,,S0008,Pack,Pack,Box (15),43500,49000,5,,,,,,bukan_konsi,,,,,
PAPER ONE A4 70 GREEN,8993242596955,code128,,S0008,Pack,Pack,Box (15),39000,46500,50,,,,,,bukan_konsi,,,,,
PAPER ONE F4 80 BLUE,8993242597587,code128,,S0008,Pack,Pack,Box (10),50000,56000,50,,,,,,bukan_konsi,,,,,
PAPER ONE A4 80 BLUE,8993242596993,code128,,S0008,Pack,Pack,Box (5),42500,49000,0,,,,,,bukan_konsi,,,,,
BOLA DUNIA F4 80,8991389295113,code128,,S0008,Pack,Pack,Box (15),48500,54500,5,,,,,,bukan_konsi,,,,,
BOLA DUNIA A4 80,8991389295120,code128,,S0008,Pack,Pack,Box (5),43500,49500,45,,,,,,bukan_konsi,,,,,
SNOWMAN SPIDOL RED G12,4970129726524,code128,,S0009,Pcs,Pcs,Box (12),4300,6000,0,,,,,,bukan_konsi,,,,,
KENKO HCUTTER A-300,8998838060032,code128,,S0009,Pcs,Pcs,Box (12),3625,6000,10,,,,,,bukan_konsi,,,,,
KENKO WCUTTER L-500,8998838060018,code128,,S0009,Pcs,Pcs,Box (12),11500,14000,12,,,,,,bukan_konsi,,,,,
LEM FOX 150GR,8994397000021,code128,,S0009,Pcs,Pcs,Box (10),7500,12000,0,,,,,,bukan_konsi,,,,,
KENKO CORRECTION PEN KE-01,8998838050002,code128,,S0009,Pcs,Pcs,Box (24),4200,6500,12,,,,,,bukan_konsi,,,,,
STAEDTLER PENGHAPUS KCL,4007817524206,code128,,S0009,Pcs,Pcs,Box (40),1750,3500,40,,,,,,bukan_konsi,,,,,
JOYCO GLUE STICK 8G,8993988111009,code128,,S0009,Pcs,Pcs,Box (36),2000,4000,12,,,,,,bukan_konsi,,,,,
JOYKO PENCIL P-88,8993988286066,code128,,S0009,Pcs,Pcs,Box (60),625,2500,12,,,,,,bukan_konsi,,,,,
JOYCO TRI CLIPS NO.3,8993988065197,code128,,S0009,Pack,Pack,Box (24),1450,3000,10,,,,,,bukan_konsi,,,,,
AMPLOP 104PPS,8991389247037,code128,,S0009,Pack,Pack,Box (15),12000,15000,60,,,,,,bukan_konsi,,,,,
AMPLOP 90PPS,8991389247013,code128,,S0009,Pack,Pack,Box,17000,21000,20,,,,,,bukan_konsi,,,,,
MAX STAPLER HD-10 YELLOW,4902870775704,code128,,S0004,Pcs,Pcs,Box (12),10500,11500,24,,,,,,bukan_konsi,,,,,
MAX STAPLER HD-10 MAGENTA,4902870775698,code128,,S0004,Pcs,Pcs,Box (12),10500,11500,24,,,,,,bukan_konsi,,,,,
KENKO PUNCH NO.30DL,8998838350904,code128,,S0009,Pcs,Pcs,Box (6),10500,11500,10,,,,,,bukan_konsi,,,,,
SIDU DOUB FOLIO 10L,8995757234001,code128,,S0009,Pcs,Pcs,Box (10),1300,3000,80,,,,,,bukan_konsi,,,,,
ETONA NO.10 STEPLES,4970430100518,code128,,S0009,Pcs,Pcs,Box (60),1600,3000,40,,,,,,bukan_konsi,,,,,
TEH BOTOL SOSRO 450ML,8996006855145,code128,,S0002,Pcs,Pcs,Box (12),4666,7500,12,,,,,,bukan_konsi,,,,,
YEOS CINCAU 300ML,9556156003385,code128,,S0002,Pcs,Pcs,Box (24),4629,6500,24,,,,,,bukan_konsi,,,,,
JOLLY KILOAN 600GR,8992759174113,code128,,S0003,Pack,Pack,Box (12),14636,16500,0,,,,,,bukan_konsi,,,,,
DIAMON MILK UHT FULL CREAM 1000ML,8999898962533,code128,,S0003,Pcs,Pcs,Box (12),14499,15500,2,,,,,,bukan_konsi,,,,,
JOLLY TISSUE EMB10S,8992759214093,code128,,S0003,Pack,Pack,Box (6),25000,28000,12,,,,,,bukan_konsi,,,,,
FRISIAN FLAG SACHET KENTAL MANIS 6S,8992753031900,code128,,S0002,Pack,Pack,Box (20),7000,9500,20,,,,,,bukan_konsi,,,,,
FRISIAN FLAG SACHET COKELAT 6S,8992753102303,code128,,S0002,Pack,Pack,Box (20),6825,8500,20,,,,,,bukan_konsi,,,,,
NUTRIJELL JELLYPWDR STRWBERRY 15GR,8992933211115,code128,,S0005,Pcs,Pcs,Box (12),4500,5500,12,,,,,,bukan_konsi,,,,,
COCACOLA ZERO 330ML,8992761111298,code128,,S0002,Pcs,Pcs,Box (24),5000,5500,48,,,,,,bukan_konsi,,,,,
ZODA STRWBERRY CAN 330ML,8999510940000,code128,,S0002,Pcs,Pcs,Box (24),5583,5900,48,,,,,,bukan_konsi,,,,,
ZODA LEMON CAN 330ML,8999510933002,code128,,S0002,Pcs,Pcs,Box (24),5583,5900,48,,,,,,bukan_konsi,,,,,
TEH GELAS BOTLE 350ML,8991102228121,code128,,S0002,Pcs,Pcs,Box (24),2491,4000,48,,,,,,bukan_konsi,,,,,
2 TANG ZESTEA 500ML,8992780030372,code128,,S0002,Pcs,Pcs,Box (24),4391,4700,48,,,,,,bukan_konsi,,,,,
Q GUAVA 350ML,8996001600245,code128,,S0002,Pcs,Pcs,Box (12),4000,6500,12,,,,,,bukan_konsi,,,,,
MAWAR JAYA GULA PASIR 1KG,8997209190002,code128,,S0001,Pcs,Pcs,Box (25),15500,16300,50,,,,,,bukan_konsi,,,,,
GULA PASIR SUS 1KG,8995163400342,code128,,S0001,Pcs,Pcs,Box (25),12500,14500,50,,,,,,bukan_konsi,,,,,
SCHWEPPES AIR SODA 330ML,8992761111144,code128,,S0002,Pcs,Pcs,Box (24),5762,6100,48,,,,,,bukan_konsi,,,,,
MAMASUKA TEPUNG BUMBU KRISPI 1KG,8995102702056,code128,,S0001,Pcs,Pcs,Box (4),17700,18600,8,,,,,,bukan_konsi,,,,,
SASA TEPUNG BUMBU KENTUCHKY 900GR,8992736990163,code128,,S0001,Pcs,Pcs,Box (4),19600,20600,8,,,,,,bukan_konsi,,,,,
ZODA 250ML BTL,8999510603004,code128,,S0002,Pcs,Pcs,Box (12),7400,7800,24,,,,,,bukan_konsi,,,,,
FRISIAN FLAG GOLD PUNCH 220GR,8992753005970,code128,,S0002,Pcs,Pcs,Box (12),10933,13500,18,,,,,,bukan_konsi,,,,,
NESTLE CARNATION 370G,8992696426481,code128,,S0001,Pcs,Pcs,Box (12),9000,11000,12,,,,,,bukan_konsi,,,,,
LA PASTA BARBEQUE 57GR,8992933652215,code128,,S0005,Pcs,Pcs,Box (24),2895,3500,48,,,,,,bukan_konsi,,,,,
LA PASTA CHESE BOLOGNESE 57GR,8992933651218,code128,,S0005,Pcs,Pcs,Box (24),2895,3500,48,,,,,,bukan_konsi,,,,,
NUTRIJELL JELLY POWDER PLAIN 15GR,8992933215113,code128,,S0005,Pcs,Pcs,Box (12),4183,4500,24,,,,,,bukan_konsi,,,,,
SWALLOW SANDAL JEPIT ,8,code128,,S0004,Pcs,Pcs,Box (10),8000,15000,0,,,,,,bukan_konsi,,,,,
NICE SOFT PACK 250S,8992759313529,code128,,S0003,Pcs,Pcs,Box (5),8900,9400,10,,,,,,bukan_konsi,,,,,
NICE TRAVEL 60S,8992759134117,code128,,S0003,Pcs,Pcs,Box (8),2175,2300,16,,,,,,bukan_konsi,,,,,
PASEO TRVL 50SHT,paseotravel,code128,,S0003,Pcs,Pcs,Box (5),1500,3000,80,,,,,,bukan_konsi,,,,,
ULTRA SARI KACANG HIJAU 250ML,8998009050053,code128,,S0002,Pcs,Pcs,Box (24),3241,5000,24,,,,,,bukan_konsi,,,,,
ROMA MALKIST CRAC250G,8996001302354,code128,,S0005,Pcs,Pcs,Box,8200,8700,24,,,,,,bukan_konsi,,,,,
MAYA SARDEN CABE 425GR,8992947834256,code128,,S0005,Pcs,Pcs,Box (24),15800,16600,48,,,,,,bukan_konsi,,,,,
MAYA SARDEN TOM SC80G,711844330108,code128,,S0005,Pcs,Pcs,Box (24),6800,7200,48,,,,,,bukan_konsi,,,,,
TEH PUCUK HRM 480 ,8996001600207,code128,,S0002,Pcs,Pcs,Box (12),4290,6500,12,,,,,,bukan_konsi,,,,,
BUAVITA GUAVA 250ML,8998009020186,code128,,S0002,Pcs,Pcs,Box (24),5700,7500,24,,,,,,bukan_konsi,,,,,
BUAVITA MANGGO 250ML,8998009020193,code128,,S0002,Pcs,Pcs,Box (24),5700,7500,24,,,,,,bukan_konsi,,,,,
BUAVITA SIRSAK 250ML,8999999038137,code128,,S0002,Pcs,Pcs,Box (24),6238,7500,12,,,,,,bukan_konsi,,,,,
NESTLE KOKO CRUNCH 330GR,4800361000239,code128,,S0005,Pcs,Pcs,Box (12),32087,35500,6,,,,,,bukan_konsi,,,,,
DELMONTE CHIL EX HOT 24X9G,8998888710505,code128,,S0001,Pack,Pack,Box (12),5700,6000,24,,,,,,bukan_konsi,,,,,
MOMOGI ST COKLAT8G,8994075230436,code128,,S0005,Pcs,Pcs,Box (6),395,500,0,,,,,,bukan_konsi,,,,,
MOMOGI ST KEJU 8G,8994075230412,code128,,S0005,Pcs,Pcs,Box (6),395,500,0,,,,,,bukan_konsi,,,,,
MOMOGI ST CAPUCINO8G,8994075230863,code128,,S0005,Pcs,Pcs,Box (6),400,500,0,,,,,,bukan_konsi,,,,,
KAPAL API KRIMER KAFE 500G,8991002105089,code128,,S0002,Pcs,Pcs,Box (24),20900,22000,48,,,,,,bukan_konsi,,,,,
SELAMAT WFR COCO 18GR,8991001770417,code128,,S0005,Pcs,Pcs,Box (6),765,900,12,,,,,,bukan_konsi,,,,,
KG MALKIST ABON 135G,8888166606227,code128,,S0005,Pcs,Pcs,Box (12),5200,7500,20,,,,,,bukan_konsi,,,,,
ROOT BEER 330ML,8999510785212,code128,,S0002,Pcs,Pcs,Box (24),5579,7500,24,,,,,,bukan_konsi,,,,,
WIPOL 800ML,8999999407919,code128,,S0002,Pcs,Pcs,Box (12),13450,16500,12,,,,,,bukan_konsi,,,,,
ULTRA MILK CHOHO 125ML,8998009010590,code128,,S0002,Pcs,Pcs,Box (40),2246,3500,12,,,,,,bukan_konsi,,,,,
MILO BALL 170GR,4800361002974,code128,,S0005,Pcs,Pcs,Box (18),19805,20800,26,,,,,,bukan_konsi,,,,,
ULTRA TEH KOTAK 200ML,8998009040023,code128,,S0002,Pcs,Pcs,Box (24),2616,4500,24,,,,,,bukan_konsi,,,,,
JOYKO JELLY BIRU PEN100NT,8993988282068,code128,,S0009,Pcs,Pcs,Box (60),1583,5000,12,,,,,,bukan_konsi,,,,,
JOYKO JELLY HITAM PEN100NT,8993988282044,code128,,S0004,Pcs,Pcs,Box (60),1792,4000,12,,,,,,bukan_konsi,,,,,
SNOWMAN SPIDOL BLCK G12,4970129726517,code128,,S0009,Pcs,Pcs,Box (120),4300,6000,10,,,,,,bukan_konsi,,,,,
SNOWMAN SPIDOL BLUE G12,4970129726531,code128,,S0009,Pcs,Pcs,Box (96),4300,6000,10,,,,,,bukan_konsi,,,,,
SNOWMAN SPIDOL RED BG-12,4970129727521,code128,,S0009,Pcs,Pcs,Box (24),5166,6500,0,,,,,,bukan_konsi,,,,,
SNOWMAN SPIDOL BLUE BG-12,4970129727538,code128,,S0009,Pcs,Pcs,Box (60),5166,6500,0,,,,,,bukan_konsi,,,,,
SNOWMAN SPIDOL BLACK BG-12,4970129727514,code128,,S0009,Pcs,Pcs,Box (144),5166,6500,10,,,,,,bukan_konsi,,,,,
AQUA WATER BOOTLE 1.5LTR,8886008101091,code128,,S0002,Pcs,Pcs,Box (12),4037,6500,12,,,,,,bukan_konsi,,,,,
"2 TANG BTL WATER 1,5LTR",8992780203639,code128,,S0002,Pcs,Pcs,Box (12),3458,4000,24,,,,,,bukan_konsi,,,,,
PEN TOSHIRO,6931012327493,code128,,S0009,Pcs,Pcs,Box (24),5416,6500,0,,,,,,bukan_konsi,,,,,
TOPLY 50SHT,8992759324105,code128,,S0003,Pcs,Pcs,Box (10),3200,3400,5,,,,,,bukan_konsi,,,,,
TRIFELO POST IT,6931034134574,code128,,S0004,Pcs,Pcs,Box (40),5500,7500,12,,,,,,bukan_konsi,,,,,
PENGGARIS BESI 30CM,8998838358078,code128,,S0009,Pcs,Pcs,Box (12),5000,8500,12,,,,,,bukan_konsi,,,,,
B-CLIPS NO 200,5,code128,,S0009,Pcs,Pcs,Box (12),833,2500,12,,,,,,bukan_konsi,,,,,
B-CLIPS NO 260,4,code128,,S0009,Pcs,Pcs,Box (12),1041,1500,0,,,,,,bukan_konsi,,,,,
BENG BENG COKLAT,8886001038011,code128,,S0005,Pcs,Pcs,Box (20),1287,2500,20,,,,,,bukan_konsi,,,,,
STELLA AC 80 GR** LEMON,8992745325963,code128,,S0003,Pcs,Pcs,Box (72),9543,11500,3,,,,,,bukan_konsi,,,,,
ASTOR DOUBLE CHOCOLATE 40GR,8886001026056,code128,,S0005,Pcs,Pcs,Box (36),3850,6000,36,,,,,,bukan_konsi,,,,,
ABC SAMBAL STICK 10GR,711844120310,code128,,S0001,Pack,Pack,Box (12),7000,8500,12,,,,,,bukan_konsi,,,,,
SUPER O2 SILVER 330ML,8997011870031,code128,,S0002,Pcs,Pcs,Box (24),3000,6000,24,,,,,,bukan_konsi,,,,,
AMPLOP NEURO A4,AMPLOPA4,code128,,S0009,Pcs,Pcs,Box (100),270,1000,0,,,,,,bukan_konsi,,,,,
PALMIA MARGARIN 200GR,8992628510158,code128,,S0001,Pcs,Pcs,Box (24),4400,4700,48,,,,,,bukan_konsi,,,,,
ADEM SARI 350ML,8992772585026,code128,,S0002,Pcs,Pcs,Box (30),5600,8000,24,,,,,,bukan_konsi,,,,,
YOU C ORANGE WATER 500,8997009510123,code128,,S0002,Pcs,Pcs,Box (12),6331,8500,0,,,,,,bukan_konsi,,,,,
FORTUNE MYK GRG 1LTR,8993496106504,code128,,S0001,Pcs,Pcs,Box (12),12691,13400,24,,,,,,bukan_konsi,,,,,
LAKBAN COKLAT BESAR DAIMARU,LAKBANCOKLAT,code128,,S0009,Pcs,Pcs,Box (30),8333,14000,12,,,,,,bukan_konsi,,,,,
LAKBAN BENING DMR 1,LAKBAN6500,code128,,S0009,Pcs,Pcs,Box (24),4166,6500,36,,,,,,bukan_konsi,,,,,
B-FILE FC,8994259100166,code128,,S0009,Pcs,Pcs,Box (12),2458,4500,12,,,,,,bukan_konsi,,,,,
FAX PAPER ROLL,8995068210305,code128,,S0009,Pcs,Pcs,Box (5),16000,19500,10,,,,,,bukan_konsi,,,,,
FY-FAX PPR ROLL,16,code128,,S0009,Pcs,Pcs,Box (5),8000,13500,10,,,,,,bukan_konsi,,,,,
LAKBAN BLACK DMR 1,17,code128,,S0009,Pcs,Pcs,Box (6),5850,7500,10,,,,,,bukan_konsi,,,,,
LAKBAN GT KECIL,18,code128,,S0009,Pcs,Pcs,Box (12),333,500,10,,,,,,bukan_konsi,,,,,
MAP KABIN,MAPKABITA,code128,,S0004,Pcs,Pcs,Box (50),380,1300,100,,,,,,bukan_konsi,,,,,
JOYKO DOUBLE TAPE 1/2,21,code128,,S0004,Pcs,Pcs,Box (24),2400,4500,12,,,,,,bukan_konsi,,,,,
JOYKO DOUBLE TAPE 1,22,code128,,S0004,Pcs,Pcs,Box (12),4500,6000,0,,,,,,bukan_konsi,,,,,
MAP KANCING,mapkancing,code128,,S0009,Pcs,Pcs,Box (12),1875,3500,12,,,,,,bukan_konsi,,,,,
ISOLASI 1X72 DMR,24,code128,,S0004,Pcs,Pcs,Box (6),4000,4400,12,,,,,,bukan_konsi,,,,,
SPIDOL KECIL BLACK,25,code128,,S0009,Pcs,Pcs,Box (12),750,2000,0,,,,,,bukan_konsi,,,,,
SPIDOL KECIL RED,26,code128,,S0009,Pcs,Pcs,Box (12),750,2000,10,,,,,,bukan_konsi,,,,,
SPIDOL KECIL BLUE,27,code128,,S0009,Pcs,Pcs,Box (12),750,2000,0,,,,,,bukan_konsi,,,,,
Hansaplast,HANSAPLAST,code128,,S0003,Pcs,Pcs,Box (100),240,500,100,,,,,,bukan_konsi,,,,,
BATRAI ABC KECIL,37,code128,,S0004,Pack,Pack,Box (24),6250,6600,48,,,,,,bukan_konsi,,,,,
NEO NAPACIN,8998667100169,code128,,S0003,Pack,Pack,Box (50),1640,2000,100,,,,,,bukan_konsi,,,,,
TOLAK ANGIN ANAK CAIR,8998898151404,code128,,S0003,Pcs,Pcs,Box (12),1400,1500,24,,,,,,bukan_konsi,,,,,
SALONPAS KOYO,8992870310100,code128,,S0003,Pcs,Pcs,Box (12),6500,9000,10,,,,,,bukan_konsi,,,,,
COOLANT STAR FRUIT 350ML,8992772485029,code128,,S0002,Pcs,Pcs,Box (24),5166,6500,48,,,,,,bukan_konsi,,,,,
COOLANT 350ML,8992772485012,code128,,S0005,Pcs,Pcs,Box (24),5166,6500,0,,,,,,bukan_konsi,,,,,
TOLAK ANGIN CAIR,8998898101409,code128,,S0003,Pcs,Pcs,Box (12),2750,4000,12,,,,,,bukan_konsi,,,,,
KOYO CABE PLASTER,8993338005033,code128,,S0003,Pcs,Pcs,Box (20),8500,12000,20,,,,,,bukan_konsi,,,,,
BATRAI PANASONIC AAA,8887549092442,code128,,S0004,Pack,Pack,Box (12),3400,3700,24,,,,,,bukan_konsi,,,,,
BERAS MAKNYUS 5KG,8993118936557,code128,,S0001,Pcs,Pcs,Box (10),58880,72500,0,,,,,,bukan_konsi,,,,,
KOPIKO 78'C COFFE LATTE 240ML,8996001600221,code128,,S0002,Pcs,Pcs,Box (24),4083,6500,12,,,,,,bukan_konsi,,,,,
KOPIKO 78'C CARAMEL 240ML,8996001600313,code128,,S0005,Pcs,Pcs,Box (24),4083,6500,6,,,,,,bukan_konsi,,,,,
BATRAI ABC BESAR,38,code128,,S0004,Pack,Pack,Box (12),8250,8700,24,,,,,,bukan_konsi,,,,,
MENTOS ROLL,8990800100012,code128,,S0005,Pcs,Pcs,Box (24),2849,5000,24,,,,,,bukan_konsi,,,,,
BENG BENG WHITE,8996001355855,code128,,S0005,Pcs,Pcs,Box (20),1325,2000,20,,,,,,bukan_konsi,,,,,
SILVER QUEEN 33 G,8991001111289,code128,,S0005,Pcs,Pcs,Box (30),5000,7500,30,,,,,,bukan_konsi,,,,,
SLAI OLAI TWICE,8996001304051,code128,,S0005,Pcs,Pcs,Box (12),816,1000,48,,,,,,bukan_konsi,,,,,
SLAI OLAI NANAS,8996001304921,code128,,S0005,Pcs,Pcs,Box (12),792,1000,12,,,,,,bukan_konsi,,,,,
KRAF KEJU CAKE,7622300405588,code128,,S0005,Pcs,Pcs,Box (12),1454,2500,12,,,,,,bukan_konsi,,,,,
BISKUAT BOLU COKLAT,8992716109172,code128,,S0005,Pcs,Pcs,Box (12),1380,1500,48,,,,,,bukan_konsi,,,,,
CLEAR COMPLATE SOFTCARE SHAMPO,9726228029685,code128,,S0003,Pcs,Pcs,Box,19700,20700,0,,,,,,bukan_konsi,,,,,
AHH TRIPLE CHEES 500,8993175532297,code128,,S0005,Pcs,Pcs,Box (20),410,1000,48,,,,,,bukan_konsi,,,,,
NABATI KEJU,8993175531863,code128,,S0005,Pcs,Pcs,Box (20),410,1000,48,,,,,,bukan_konsi,,,,,
GOOD DAY MOCACINO 250ML,8991002121010,code128,,S0002,Pcs,Pcs,Box (24),4958,7500,24,,,,,,bukan_konsi,,,,,
SILVER QUEEN 75GR,8991001121615,code128,,S0005,Pcs,Pcs,Box (25),14000,16000,25,,,,,,bukan_konsi,,,,,
LV-MFOLD TOWEL,8993053435511,code128,,S0003,Pack,Pack,Box (24),5666,6500,48,,,,,,bukan_konsi,,,,,
LIVI FACIAL 600SHT,8993053175073,code128,,S0003,Pack,Pack,Box (24),15500,20000,24,,,,,,bukan_konsi,,,,,
LV-POP UP,8993053245080,code128,,S0003,Pack,Pack,Box (60),1966,2300,120,,,,,,bukan_konsi,,,,,
LV-NAPKIN COCTAIL,8993053315073,code128,,S0003,Pack,Pack,Box (60),3750,5500,50,,,,,,bukan_konsi,,,,,
AQUA GALON 19L,39,code128,,S0002,Pcs,Pcs,Box (50),15800,19500,80,,,,,,bukan_konsi,,,,,
AQUA GELAS 1 DUS,aquagelas,code128,,S0002,Pack,Pack,Box (24),28500,35000,10,,,,,,bukan_konsi,,,,,
MIZONE ORANGE LEMON 500ML,8992752118107,code128,,S0002,Pcs,Pcs,Box (12),2875,4500,12,,,,,,bukan_konsi,,,,,
SARI ROTI TAWAR SPECIAL,8992907110017,code128,,S0005,Pcs,Pcs,Box,1500,12500,0,,,,,,bukan_konsi,,,,,
SARI ROTI SANDWICH COKLAT,8992907952327,code128,,S0005,Pcs,Pcs,Box,3850,4500,0,,,,,,bukan_konsi,,,,,
SARI ROTI SANDWICH KACANG,8992907952358,code128,,S0005,Pcs,Pcs,Box,3520,5000,0,,,,,,bukan_konsi,,,,,
SARI ROTI SANDWICH KEJU,8992907952334,code128,,S0005,Pcs,Pcs,Box,3800,5000,0,,,,,,bukan_konsi,,,,,
SARI ROTI ISI COKLAT,8992907230012,code128,,S0005,Pcs,Pcs,Box,5500,6000,0,,,,,,bukan_konsi,,,,,
SARI ROTI ISI COKLAT KEJU,8992907952037,code128,,S0005,Pcs,Pcs,Box,4840,6000,2,,,,,,bukan_konsi,,,,,
SARI ROTI SOBEK COKLAT SARIKAYA,8992907730017,code128,,S0005,Pcs,Pcs,Box,13500,15500,0,,,,,,bukan_konsi,,,,,
SARI ROTI KRIM COKLAT,8992907420017,code128,,S0005,Pcs,Pcs,Box,3960,5000,0,,,,,,bukan_konsi,,,,,
SARI ROTI KRIM KEJU,8992907952143,code128,,S0005,Pcs,Pcs,Box,3960,5000,0,,,,,,bukan_konsi,,,,,
SARI ROTI SOBEK COKLAT,8992907710019,code128,,S0005,Pcs,Pcs,Box,13500,15500,0,,,,,,bukan_konsi,,,,,
SARI ROTI SOBEK COKLAT KEJU,8992907720018,code128,,S0005,Pcs,Pcs,Box,11880,15500,0,,,,,,bukan_konsi,,,,,
SARI ROTI KRIM MOKA,8992907440015,code128,,S0005,Pcs,Pcs,Box,3960,5000,0,,,,,,bukan_konsi,,,,,
VICKS VAPORUB 50,4987176000552,code128,,S0003,Pcs,Pcs,Box (6),27325,31000,6,,,,,,bukan_konsi,,,,,
NEO RHEUMACYL 20 S,8999908000101,code128,,S0003,Sachet,Sachet,Box (24),8500,19500,0,,,,,,bukan_konsi,,,,,
ALKOHOL 70 100,8991003040013,code128,,S0003,Pcs,Pcs,Box,16600,17500,1,,,,,,bukan_konsi,,,,,
BETADINE M WASH 190,8992843101902,code128,,S0003,Pcs,Pcs,Box,18900,19900,1,,,,,,bukan_konsi,,,,,
FRESHCARE MYK LAVENDER,8997021870090,code128,,S0003,Pcs,Pcs,Box (12),11500,14000,6,,,,,,bukan_konsi,,,,,
FRESHCARE MYK GREEN TEA,8997021870052,code128,,S0003,Pcs,Pcs,Box (12),11500,15000,12,,,,,,bukan_konsi,,,,,
FRESHCARE MYK  SPLASH FRUITY,8997021870137,code128,,S0003,Pcs,Pcs,Box (12),12100,16000,6,,,,,,bukan_konsi,,,,,
FRESHCARE MYK AROMATHERAPY,8997021870014,code128,,S0003,Pcs,Pcs,Box (12),12100,16000,0,,,,,,bukan_konsi,,,,,
SWALLOW GB AGAR 7G ORANGE,8991689168049,code128,,S0005,Pcs,Pcs,Box (12),575,2500,12,,,,,,bukan_konsi,,,,,
SWALLOW GB AGAR 7G NETRAL,8991689168001,code128,,S0005,Pcs,Pcs,Box (12),575,2500,12,,,,,,bukan_konsi,,,,,
SWALLOW GB AGAR 7G HIJAU,8991689168025,code128,,S0005,Pcs,Pcs,Box (12),575,2500,12,,,,,,bukan_konsi,,,,,
SWALLOW GB AGAR 7G COKLAT,8991689168032,code128,,S0005,Pcs,Pcs,Box (12),575,2500,12,,,,,,bukan_konsi,,,,,
SWALLOW GB AGAR 7G MERAH,8991689168018,code128,,S0005,Pcs,Pcs,Box (12),575,2500,0,,,,,,bukan_konsi,,,,,
SAFE CARE AROMATERAPHY,8995102800448,code128,,S0003,Pcs,Pcs,Box (12),14280,17000,24,,,,,,bukan_konsi,,,,,
MIXAGRIP FLU & BATUK,8995858192620,code128,,S0003,Pcs,Pcs,Box (25),2020,3500,10,,,,,,bukan_konsi,,,,,
ROHTO COOL 7ML,8992821100026,code128,,S0003,Pcs,Pcs,Box (12),11000,15000,6,,,,,,bukan_konsi,,,,,
BETADINE 30ML,8992843100301,code128,,S0003,Pcs,Pcs,Box,20800,21900,1,,,,,,bukan_konsi,,,,,
BRAITO TETES MATA,8998667400559,code128,,S0003,Pcs,Pcs,Box,6900,7500,1,,,,,,bukan_konsi,,,,,
HEMAVITON CAPSUL,8999908205506,code128,,S0003,Sachet,Sachet,Box (10),5700,6000,1,,,,,,bukan_konsi,,,,,
FEMINAX,8998667100046,code128,,S0003,Sachet,Sachet,Box (50),1574,2000,0,,,,,,bukan_konsi,,,,,
CEREBROVIT XCEL,8992858418316,code128,,S0003,Sachet,Sachet,Box (10),14800,15600,1,,,,,,bukan_konsi,,,,,
VICKS INHALER,4902430393126,code128,,S0003,Pcs,Pcs,Box (6),13500,17000,10,,,,,,bukan_konsi,,,,,
INZA 4S,8998667100732,code128,,S0003,Sachet,Sachet,Box (25),2808,3000,5,,,,,,bukan_konsi,,,,,
HANSAPLAST SC,8999777090579,code128,,S0003,Sachet,Sachet,Box (30),5400,7500,2,,,,,,bukan_konsi,,,,,
FATIGON 4'S,8995858899888,code128,,S0003,Sachet,Sachet,Box (15),3177,5500,15,,,,,,bukan_konsi,,,,,
DECOLGEN,8992112025021,code128,,S0003,Sachet,Sachet,Box (25),1900,3500,0,,,,,,bukan_konsi,,,,,
PROMAG TABLET,8992858664706,code128,,S0003,Sachet,Sachet,Box (3),6500,8500,12,,,,,,bukan_konsi,,,,,
PROMAG GAZERO,8992858564006,code128,,S0003,Pcs,Pcs,Box,1801,3500,6,,,,,,bukan_konsi,,,,,
KONIDIN,8998667100084,code128,,S0003,Sachet,Sachet,Box (30),2050,3000,10,,,,,,bukan_konsi,,,,,
FATIGON SPIRIT,8995858111010,code128,,S0003,Sachet,Sachet,Box (25),5950,8000,6,,,,,,bukan_konsi,,,,,
NEOZEP TABLET,8992112014018,code128,,S0003,Sachet,Sachet,Box (25),2160,4500,24,,,,,,bukan_konsi,,,,,
BETADINE 60ML,8992843100608,code128,,S0003,Pcs,Pcs,Box,37200,39100,1,,,,,,bukan_konsi,,,,,
NEO RHEUMACYL NEURO,8999908071408,code128,,S0003,Sachet,Sachet,Box (12),9400,10400,1,,,,,,bukan_konsi,,,,,
ENTROSTOP 4'S,8992858623802,code128,,S0003,Sachet,Sachet,Box (24),2000,3500,10,,,,,,bukan_konsi,,,,,
PARAMEX,8998667100206,code128,,S0003,Sachet,Sachet,Box (50),1900,3500,50,,,,,,bukan_konsi,,,,,
BISOLVON TABLET,8992799140116,code128,,S0003,Sachet,Sachet,Box (8),7900,8700,1,,,,,,bukan_konsi,,,,,
BODREX MIGRA,8999908071903,code128,,S0003,Sachet,Sachet,Box (25),1900,3500,25,,,,,,bukan_konsi,,,,,
BODREX EXTRA,8999908285003,code128,,S0003,Sachet,Sachet,Box (25),1750,3500,25,,,,,,bukan_konsi,,,,,
HANSAPLAST KOMPRES DEMAM,8999777005375,code128,,S0003,Sachet,Sachet,Box (5),10100,11000,1,,,,,,bukan_konsi,,,,,
BINTANG 7 MASUK ANGIN,8993058304201,code128,,S0003,Sachet,Sachet,Box (6),1833,3500,12,,,,,,bukan_konsi,,,,,
MIXAGRIP FLU,8995858999991,code128,,S0003,Sachet,Sachet,Box (25),1785,3500,25,,,,,,bukan_konsi,,,,,
ABC JUICE SIRSAK 250ML,711844160095,code128,,S0002,Pcs,Pcs,Box (24),4654,5500,0,,,,,,bukan_konsi,,,,,
SINDE LARUTAN PENYEGAR LEMON CAN ,8999988887111,code128,,S0002,Pcs,Pcs,Box (24),5225,7500,24,,,,,,bukan_konsi,,,,,
SUNLIGHT  JERK NIPIS 780ML,8999999390198,code128,,S0004,Pcs,Pcs,Box (12),13500,17000,12,,,,,,bukan_konsi,,,,,
KRATINGDAENG BTL 150ML,8886057883665,code128,,S0002,Pcs,Pcs,Box (50),4833,6500,0,,,,,,bukan_konsi,,,,,
VITACIMIN STRIP ISI 2,8991771200329,code128,,S0003,Sachet,Sachet,Box (50),1500,2500,50,,,,,,bukan_konsi,,,,,
XONCE STRIP ISI 2,8992858690200,code128,,S0003,Sachet,Sachet,Box (50),1350,2500,50,,,,,,bukan_konsi,,,,,
CDR 4600ML,8994591010017,code128,,S0003,Pcs,Pcs,Box (10),38665,43000,6,,,,,,bukan_konsi,,,,,
"KUKUBIMA ENERGI RASA ANGGUR 4,5GR",8998898830125,code128,,S0002,Sachet,Sachet,Box (10),4200,5000,20,,,,,,bukan_konsi,,,,,
"KUKUBIMA ENERGI RASA JAMBU 4,5GR",8998898831122,code128,,S0002,Sachet,Sachet,Box (10),4200,5000,20,,,,,,bukan_konsi,,,,,
"KUKUBIMA ENERGI RASA KOPI 4,5GR",8998898845129,code128,,S0002,Sachet,Sachet,Box (10),4650,5500,20,,,,,,bukan_konsi,,,,,
KOREK TOKAI ,40,code128,,S0004,Pcs,Pcs,Box (50),1580,3000,50,,,,,,bukan_konsi,,,,,
SIKAT SEPATU,sikatsepatu,code128,,S0004,Pcs,Pcs,Box (12),1666,2500,24,,,,,,bukan_konsi,,,,,
SEMIR KIWI BESAR 45ML ,4968306479585,code128,,S0004,Pcs,Pcs,Box (12),13050,16000,6,,,,,,bukan_konsi,,,,,
GATSBY TISSUE ISI 5LEMBAR,8992222050302,code128,,S0004,Pack,Pack,Box (24),3833,4500,48,,,,,,bukan_konsi,,,,,
PILKITA 700MG ISI 2 TABLET,8997013070019,code128,,S0006,Sachet,Sachet,Box (25),1200,2000,5,,,,,,bukan_konsi,,,,,
SANGOBION LEMBAR,8994573000807,code128,,S0006,Sachet,Sachet,Box (10),13500,17000,6,,,,,,bukan_konsi,,,,,
"SEMIR KIWI KECIL 17,5ML 14GR",4968306479653,code128,,S0004,Pcs,Pcs,Box (12),6050,9500,6,,,,,,bukan_konsi,,,,,
GOOD DAY ORIGINAL SAC,8991002103535,code128,,S0002,Sachet,Sachet,Box (50),9920,11500,10,,,,,,bukan_konsi,,,,,
SASA TB ORIENTAL 80G,8992736980140,code128,,S0001,Pcs,Pcs,Box (12),2041,3000,24,,,,,,bukan_konsi,,,,,
SASA TB PISANG GORENG 8G,8992736010168,code128,,S0001,Pcs,Pcs,Box (12),2041,3000,24,,,,,,bukan_konsi,,,,,
SASA TB BAKWAN 80G,8992736290409,code128,,S0001,Pcs,Pcs,Box (12),2041,3000,24,,,,,,bukan_konsi,,,,,
SASA TB AYAM KENTUCHKY 80G,8992736980164,code128,,S0001,Pcs,Pcs,Box (12),2041,3000,24,,,,,,bukan_konsi,,,,,
SASA TB HOT & SIPCY 80G,8992736980157,code128,,S0001,Pcs,Pcs,Box (12),2300,3500,12,,,,,,bukan_konsi,,,,,
SASA TB ORIGINAL 80G,8992736980133,code128,,S0001,Pcs,Pcs,Box (12),2316,3500,18,,,,,,bukan_konsi,,,,,
SAGU TANI,8993093665091,code128,,S0001,Pcs,Pcs,Box (20),4650,5600,40,,,,,,bukan_konsi,,,,,
SAGU GUNUNG 500GR,8993093105009,code128,,S0001,Pcs,Pcs,Box (20),3200,4300,40,,,,,,bukan_konsi,,,,,
LADA PUTIH BUNGA 85GR,8992984710117,code128,,S0001,Pcs,Pcs,Box (6),11666,12600,12,,,,,,bukan_konsi,,,,,
LADA PUTIH BUBUK KOEPOE-KOEPOE 85GR,8992984810114,code128,,S0001,Pcs,Pcs,Box (6),26166,27500,12,,,,,,bukan_konsi,,,,,
BAMBOE BUMBU INSTANT GULE,8992735210019,code128,,S0001,Sachet,Sachet,Box (24),4083,5000,48,,,,,,bukan_konsi,,,,,
BAMBOE BUMBU INSTANT SOTO AYAM,8992735210064,code128,,S0001,Sachet,Sachet,Box (24),4083,5000,48,,,,,,bukan_konsi,,,,,
BAMBOE BUMBU INSTANT OPOR,8992735210033,code128,,S0001,Sachet,Sachet,Box (24),4083,5000,48,,,,,,bukan_konsi,,,,,
BAMBOE BUMBU INSTANT RENDANG,8992735210057,code128,,S0001,Sachet,Sachet,Box (24),4083,5000,48,,,,,,bukan_konsi,,,,,
BAMBOE BUMBU INSTANT BUMBU BALADO,8992735248692,code128,,S0001,Sachet,Sachet,Box (24),4083,5000,48,,,,,,bukan_konsi,,,,,
BAMBOE BUMBU INSTANT NASI GORENG,8992735210095,code128,,S0001,Sachet,Sachet,Box (24),4083,5000,48,,,,,,bukan_konsi,,,,,
BAMBOE BUMBU INSTANT SEMUR,8992735210149,code128,,S0001,Sachet,Sachet,Box (24),4083,5000,48,,,,,,bukan_konsi,,,,,
BAMBOE BUMBU INSTANT SOTO DAGING,8992735210071,code128,,S0001,Sachet,Sachet,Box (24),4083,5000,48,,,,,,bukan_konsi,,,,,
BAMBOE BUMBU INSTANT RAWON,8992735210040,code128,,S0001,Sachet,Sachet,Box (24),4083,5000,48,,,,,,bukan_konsi,,,,,
BAMBOE BUMBU INSTANT RAWON,rtdhotcocoa,code128,,S0001,Sachet,Sachet,Box (24),4083,5000,48,,,,,,bukan_konsi,,,,,
SASA 100GR,8991188943024,code128,,S0001,Pcs,Pcs,Box (120),3145,4500,10,,,,,,bukan_konsi,,,,,
LEGIKU S-500,8997019170041,code128,,S0001,Pcs,Pcs,Box (30),5966,7000,60,,,,,,bukan_konsi,,,,,
LEGIKU S-1000,8997019170058,code128,,S0001,Pcs,Pcs,Box (15),11933,13000,30,,,,,,bukan_konsi,,,,,
TEPUNG KETAN PUTIH ROSE BRAND 500GR,8993093135006,code128,,S0001,Pcs,Pcs,Box (20),6950,8500,20,,,,,,bukan_konsi,,,,,
NATA DELCOCO 1000GR,8993093665435,code128,,S0002,Pcs,Pcs,Box (12),8833,13000,0,,,,,,bukan_konsi,,,,,
SUN KARA SANTAN KELAPA 65ML,8992717781025,code128,,S0001,Pcs,Pcs,Box (36),2222,3500,72,,,,,,bukan_konsi,,,,,
TORABIKA SUSU 28GR,8996001402023,code128,,S0002,Pcs,Pcs,Box (12),9250,11000,10,,,,,,bukan_konsi,,,,,
ABC MOCCA 27GR,8991002101746,code128,,S0002,Pack,Pack,Box (12),10500,14000,6,,,,,,bukan_konsi,,,,,
MAXTEA PEACH TEA ,9311931241204,code128,,S0002,Pack,Pack,Box (12),10000,12500,2,,,,,,bukan_konsi,,,,,
TEPUNG BERAS PUTIH ROSE BRAND 500GR,8993093115008,code128,,S0001,Pcs,Pcs,Box (20),5425,7500,10,,,,,,bukan_konsi,,,,,
MASAKO RASA AYAM RENCENG 6,8992770033178,code128,,S0001,Pcs,Pcs,Box (48),5000,6000,3,,,,,,bukan_konsi,,,,,
MAXTEA APPLE TEA,9311931250206,code128,,S0002,Pack,Pack,Box (12),10000,12500,2,,,,,,bukan_konsi,,,,,
SARI ROTI SISIR MENTEGA,8992907750015,code128,,S0005,Pcs,Pcs,Box (6),7480,10500,0,,,,,,bukan_konsi,,,,,
SARI ROTI TAWAR KUPAS,8992907952136,code128,,S0005,Pcs,Pcs,Box (4),12760,15000,0,,,,,,bukan_konsi,,,,,
SARI ROTI ISI SRIKAYA,8992907210014,code128,,S0005,Pcs,Pcs,Box (4),5500,6000,0,,,,,,bukan_konsi,,,,,
BAWANG MERAH,BAWANGMERAH,code128,,S0010,Pack,Pack,Box,8000,9000,0,,,,,,bukan_konsi,,,,,
WORTEL KECIL,WORTELKECIL,code128,,S0005,Pack,Pack,Box,5000,6000,0,,,,,,bukan_konsi,,,,,
BUNCIS MINI,BUNCISKECIL,code128,,S0005,Pack,Pack,Box,8000,10000,2,,,,,,bukan_konsi,,,,,
BUNCIS BESAR,buncisbesar,code128,,S0005,Pack,Pack,Box,6000,7000,0,,,,,,bukan_konsi,,,,,
OYONG,57,code128,,S0005,Pack,Pack,Box,3500,4500,1,,,,,,bukan_konsi,,,,,
JAHE,JAHE,code128,,S0005,-,-,Box,5000,6000,0,,,,,,bukan_konsi,,,,,
LENGKUAS,60,code128,,S0005,-,-,Box,2000,3000,1,,,,,,bukan_konsi,,,,,
TERONG BULAT,TERONGBULAT,code128,,S0005,-,-,Box,5000,6000,0,,,,,,bukan_konsi,,,,,
KENTANG,KENTANG,code128,,S0005,Pack,Pack,Box,18000,20000,0,,,,,,bukan_konsi,,,,,
UBI MERAH,67,code128,,S0005,Pack,Pack,Box,9000,10000,0,,,,,,bukan_konsi,,,,,
LABU SIAM,labusiam,code128,,S0005,Pcs,Pcs,Box,2000,2500,0,,,,,,bukan_konsi,,,,,
ALPUKAT 7500,69,code128,,S0005,Pack,Pack,Box,6750,7500,0,,,,,,bukan_konsi,,,,,
ALPUKAT 9000,70,code128,,S0005,Pack,Pack,Box,8100,9000,0,,,,,,bukan_konsi,,,,,
LABU 3000,LABU3000,code128,,S0005,Pcs,Pcs,Box,2000,3000,0,,,,,,bukan_konsi,,,,,
LABU 5000,LABU5000,code128,,S0005,-,-,Box,4500,5000,0,,,,,,bukan_konsi,,,,,
LABU 6000,LABU6000,code128,,S0005,-,-,Box,5000,6000,0,,,,,,bukan_konsi,,,,,
LABU 7500,labu7500,code128,,S0005,-,-,Box,6300,7500,1,,,,,,bukan_konsi,,,,,
LABU 8000,85,code128,,S0005,-,-,Box,7200,8000,0,,,,,,bukan_konsi,,,,,
TEMUKUNCI,94,code128,,S0005,-,-,Box,5000,6000,0,,,,,,bukan_konsi,,,,,
LIVI TISSUE ROLL,8993053215632,code128,,S0003,Pcs,Pcs,Box (150),2150,4000,150,,,,,,bukan_konsi,,,,,
SARI ROTI MINI SRIKAYA,8992907952754,code128,,S0005,Pcs,Pcs,Box (2),3000,4000,2,,,,,,bukan_konsi,,,,,
SARI ROTI MINI COKLAT,8992907952730,code128,,S0005,Pcs,Pcs,Box (2),3000,4000,2,,,,,,bukan_konsi,,,,,
SARI ROTI MINI KEJU,8992907952747,code128,,S0005,Pcs,Pcs,Box,3000,4000,2,,,,,,bukan_konsi,,,,,
SARI ROTI MINI STRAWBERRY,8992907952860,code128,,S0005,Pcs,Pcs,Box,3000,4000,3,,,,,,bukan_konsi,,,,,
SARI ROTI ISI KEJU,8992907240011,code128,,S0005,Pcs,Pcs,Box,6000,6500,0,,,,,,bukan_konsi,,,,,
AQUA 330ML BTL 1 DUS,330,code128,,S0002,Pack,Pack,Box (24),34500,40000,10,,,,,,bukan_konsi,,,,,
ROMA BISKUIT KELAPA 300G,8996001301142,code128,,S0005,Pcs,Pcs,Box,7507,9500,24,,,,,,bukan_konsi,,,,,
GUNTING KA-838,8994292080029,code128,,S0009,Pcs,Pcs,Box (6),4583,10500,10,,,,,,bukan_konsi,,,,,
NUTRIJELL JELLYPWDR GRASS JELY 15GR,8992933219111,code128,,S0005,Pcs,Pcs,Box (12),4183,4500,24,,,,,,bukan_konsi,,,,,
NUTRIJELL JELLYPWDR LYCHEE 15GR,8992933213119,code128,,S0005,Pcs,Pcs,Box (12),4183,4500,24,,,,,,bukan_konsi,,,,,
NUTRIJELL JELLYPWDR MELON 15GR,8992933214116,code128,,S0005,Pcs,Pcs,Box (12),4183,4500,24,,,,,,bukan_konsi,,,,,
NUTRIJELL JELLYPWDR GREEN TEA 15GR,8992933210118,code128,,S0005,Pcs,Pcs,Box (12),4183,4500,24,,,,,,bukan_konsi,,,,,
NUTRIJELL JELLYPWDR GUAVA 15GR,8992933217117,code128,,S0005,Pcs,Pcs,Box (12),3666,5500,12,,,,,,bukan_konsi,,,,,
NUTRIJELL JELLYPWDR MANGGO 15GR,8992933216110,code128,,S0005,Pcs,Pcs,Box (12),4183,4500,24,,,,,,bukan_konsi,,,,,
NUTRIJELL JELLYPWDR CHOCO 15GR,8992933241112,code128,,S0005,Pcs,Pcs,Box (12),4500,6500,12,,,,,,bukan_konsi,,,,,
GALON AQUA ,95,code128,,S0002,Pcs,Pcs,Box (12),30000,34000,50,,,,,,bukan_konsi,,,,,
TOMAT HIJAU,TOMATHIJAU,code128,,S0005,Pcs,Pcs,Box,8000,9000,0,,,,,,bukan_konsi,,,,,
JAHE MERAH,104,code128,,S0005,Pcs,Pcs,Box,8000,9000,0,,,,,,bukan_konsi,,,,,
TWISTER CHOCO 45GR,8991001780140,code128,,S0005,Pcs,Pcs,Box (24),3520,4200,24,,,,,,bukan_konsi,,,,,
KRIPIK SINGKONG PEDAS,107,code128,,S0005,Pcs,Pcs,Box (24),7500,8500,24,,,,,,bukan_konsi,,,,,
MIXTURE SNACK,106,code128,,S0005,Pcs,Pcs,Box (30),12500,13500,31,,,,,,bukan_konsi,,,,,
SAMPOERNA AVOLUTION MERAH,8999909000377,code128,,S0007,Pcs,Pcs,Box (10),26500,29000,10,,,,,,bukan_konsi,,,,,
SAMPOERNA MILD12,8999909982000,code128,,S0007,Pcs,Pcs,Box (10),15900,18000,10,,,,,,bukan_konsi,,,,,
DJI SAM SOE REFILL,8999909028999,code128,,S0007,Pcs,Pcs,Box (10),19400,22000,10,,,,,,bukan_konsi,,,,,
MARLBORO ICE BURST,8997018460150,code128,,S0007,Pcs,Pcs,Box (10),27800,31000,10,,,,,,bukan_konsi,,,,,
DUNHILL MILD 20,8998127514123,code128,,S0007,Pcs,Pcs,Box (10),22000,24000,10,,,,,,bukan_konsi,,,,,
DUNHILL MILD ULTRA 16,8998181941170,code128,,S0007,Pcs,Pcs,Box (100),16800,19500,10,,,,,,bukan_konsi,,,,,
CLASS MILD 16,8993989311699,code128,,S0007,Pcs,Pcs,Box (10),20000,22500,10,,,,,,bukan_konsi,,,,,
KOMIX RASA JERUK NIPIS,8993058300807,code128,,S0003,Pcs,Pcs,Box (30),1250,2500,30,,,,,,bukan_konsi,,,,,
BALSEM LANG 20GR,8993176120028,code128,,S0003,Pcs,Pcs,Box (5),7000,10000,10,,,,,,bukan_konsi,,,,,
INZANA,8998667100947,code128,,S0003,Pcs,Pcs,Box (25),800,1500,10,,,,,,bukan_konsi,,,,,
MADURASA,8993014730112,code128,,S0003,Pcs,Pcs,Box (12),833,2500,10,,,,,,bukan_konsi,,,,,
BODREXIN,8999908000705,code128,,S0003,Pack,Pack,Box (12),4000,6500,1,,,,,,bukan_konsi,,,,,
MINYAK KAYU PUTIH 60ML,8993176110074,code128,,S0003,Pcs,Pcs,Box (12),19000,23000,12,,,,,,bukan_konsi,,,,,
TESSA TISSUE 250SHT,8992931005013,code128,,S0003,Pcs,Pcs,Box (32),14350,17000,32,,,,,,bukan_konsi,,,,,
SUNLIGHT JERK NIPIS 400,8999999390181,code128,,S0004,Pcs,Pcs,Box (24),8125,11000,10,,,,,,bukan_konsi,,,,,
KAPAS SWAN,8995234500490,code128,,S0003,Pcs,Pcs,Box (12),2916,5500,12,,,,,,bukan_konsi,,,,,
SSP,ssp,code128,,S0004,Pcs,Pcs,Box (10),9000,11500,10,,,,,,bukan_konsi,,,,,
TAPE DISPENSER NO.50,108,code128,,S0009,Pcs,Pcs,Box (6),16500,20000,0,,,,,,bukan_konsi,,,,,
BANTEX 1391-01,5702231391012,code128,,S0009,Pcs,Pcs,Box (15),45000,49000,10,,,,,,bukan_konsi,,,,,
CHEETOS 1000,89686600223,code128,,S0005,Pcs,Pcs,Box (60),875,1000,120,,,,,,bukan_konsi,,,,,
TARO NET 9GR,8999999000059,code128,,S0005,Pcs,Pcs,Box (40),866,1500,60,,,,,,bukan_konsi,,,,,
BANTEX 8522-07,8992238522077,code128,,S0009,Pcs,Pcs,Box (20),23000,25500,10,,,,,,bukan_konsi,,,,,
SEMIR KIWI CAIR BROWN 30ML,8998899940564,code128,,S0004,Pcs,Pcs,Box (6),10000,14000,12,,,,,,bukan_konsi,,,,,
SEMIR KIWI CAIR NEUTRAL 30ML,8998899940571,code128,,S0004,Pcs,Pcs,Box (6),10000,14000,12,,,,,,bukan_konsi,,,,,
S0008 KADO KOKI NO 50,8995757503008,code128,,S0009,Pcs,Pcs,Box,950,2000,10,,,,,,bukan_konsi,,,,,
NOTA KONTAN K2,8991389248034,code128,,S0009,Pcs,Pcs,Box (10),2200,4500,10,,,,,,bukan_konsi,,,,,
NOTA KONTAN K1,8991389248010,code128,,S0009,Pcs,Pcs,Box (10),1550,3500,10,,,,,,bukan_konsi,,,,,
BUKU KWITANSI KECIL,8995757244000,code128,,S0009,Pcs,Pcs,Box (10),1600,3500,10,,,,,,bukan_konsi,,,,,
LABEL 103 TOM&JERY,LABEL103,code128,,S0009,Pcs,Pcs,Box (25),4000,8000,75,,,,,,bukan_konsi,,,,,
PEPSODENT TP 190GR,8999999706180,code128,,S0003,Pcs,Pcs,Box (48),9100,11500,12,,,,,,bukan_konsi,,,,,
SINDE LARUTAN PENYEGAR CAN ORANG 32,8999988888811,code128,,S0002,Pcs,Pcs,Box (24),5225,7500,24,,,,,,bukan_konsi,,,,,
LARUTAN PENYEGAR KLG LECHI ,8999988888866,code128,,S0002,Pcs,Pcs,Box (24),5225,7500,24,,,,,,bukan_konsi,,,,,
KACANG KULIT GARUDA 200G,8992775110140,code128,,S0005,Pcs,Pcs,Box (40),10549,14000,10,,,,,,bukan_konsi,,,,,
FOXS FRUITS CRYSTAL BAG 125GR,8992696415324,code128,,S0005,Pcs,Pcs,Box,5000,8000,0,,,,,,bukan_konsi,,,,,
BAGUS TOILET BALL,8886020033479,code128,,S0003,Pcs,Pcs,Box,16568,18000,12,,,,,,bukan_konsi,,,,,
SO KLIN LIQUID ANTI BACTERIAL 800ML,8998866608992,code128,,S0003,Pcs,Pcs,Box,14825,18500,3,,,,,,bukan_konsi,,,,,
SO KLIN LIQ BACTERIAL SOFTRGN PINK ,8998866609180,code128,,S0003,Pcs,Pcs,Box (6),14825,18500,3,,,,,,bukan_konsi,,,,,
TONG TJI CELUP MELATI 25X2GR,8992936115021,code128,,S0002,Pcs,Pcs,Box (30),7320,9500,50,,,,,,bukan_konsi,,,,,
RINSO MOLTO ULTRA BLCK PCH8 EA,8999999042608,code128,,S0003,Pcs,Pcs,Box (12),16500,18500,3,,,,,,bukan_konsi,,,,,
TEH PUCUK HARUM 1500ML,8996001600382,code128,,S0002,Pcs,Pcs,Box (6),9208,14500,6,,,,,,bukan_konsi,,,,,
KOPIKO 78'C MOCHARETTA 250ML,8996001600306,code128,,S0002,Pcs,Pcs,Box (24),4083,6500,6,,,,,,bukan_konsi,,,,,
SARI ROTI MINI COKLAT KEJU,8992907952778,code128,,S0005,Pcs,Pcs,Box,3000,4000,0,,,,,,bukan_konsi,,,,,
LE MINERALE BTL 330ML,8996001600375,code128,,S0002,Pcs,Pcs,Box (24),1208,2500,48,,,,,,bukan_konsi,,,,,
LE MINERALE 330ML 1 DUS,mineraledus,code128,,S0002,Pcs,Pcs,Box (24),30000,40000,0,,,,,,bukan_konsi,,,,,
CNI GINGSENG COFFE SACHET,cni,code128,,S0002,Pcs,Pcs,Box (20),5000,7000,20,,,,,,bukan_konsi,,,,,
COFS0018 & TEA PACKAGE,,code128,,S0002,Pcs,Pcs,Box,3000,10000,0,,,,,,bukan_konsi,,,,,
FIESTA SARDEN SAUCE TOMAT 155GR,8993374322767,code128,,S0005,Pcs,Pcs,Box (24),8690,10500,24,,,,,,bukan_konsi,,,,,
FIESTA SARDEN SAUCE CABAI 155GR,8993374322781,code128,,S0005,Pcs,Pcs,Box (24),8690,10500,24,,,,,,bukan_konsi,,,,,
FIESTA SARDEN SAUCE TOMAT 425GR,8993374322774,code128,,S0005,Pcs,Pcs,Box (24),11123,13000,24,,,,,,bukan_konsi,,,,,
NARAYA OAT CHOCO COKLAT 400GR,8997002053900,code128,,S0005,Pcs,Pcs,Box (40),36000,39500,2,,,,,,bukan_konsi,,,,,
NARAYA OAT CHOCO VANILA 400GR,8997002052491,code128,,S0005,Pcs,Pcs,Box (40),36000,40000,1,,,,,,bukan_konsi,,,,,
FASTER C-600,FASTERC600,code128,,S0009,Pcs,Pcs,Box (12),1833,4000,12,,,,,,bukan_konsi,,,,,
LAURIER  SPR MAX LONG 8S,8992727000048,code128,,S0004,Pcs,Pcs,Box (12),3750,6500,12,,,,,,bukan_konsi,,,,,
WINDEX FRESH POUCH 425 ML,8992779255403,code128,,S0004,Pcs,Pcs,Box,2772,5000,4,,,,,,bukan_konsi,,,,,
MITU GANTI POPOK WHITE 50SHEET,8992745400103,code128,,S0004,Pcs,Pcs,Box,9500,15000,18,,,,,,bukan_konsi,,,,,
MAMY POKO WPS LBUAYA 48SHEET,8993189320446,code128,,S0004,Pcs,Pcs,Box,8181,9600,12,,,,,,bukan_konsi,,,,,
CIPTADENT SG SOFT 3S,8998866105705,code128,,S0004,Pcs,Pcs,Box,3939,5400,18,,,,,,bukan_konsi,,,,,
ADIDAS BODY SRAY ICE DIVE 150 ML,3607345387321,code128,,S0004,Pcs,Pcs,Box,32544,33900,6,,,,,,bukan_konsi,,,,,
ADIDAS BODY SPRAY PURE GAME 150ML,3607345401119,code128,,S0004,Pcs,Pcs,Box,32454,33900,6,,,,,,bukan_konsi,,,,,
AXE BODY SPRAY SCORE 150 ML,4800888137319,code128,,S0004,Pcs,Pcs,Box,34540,37500,0,,,,,,bukan_konsi,,,,,
AXE DEO SPRAY APOLO 150 ML,9300830007813,code128,,S0004,Pcs,Pcs,Box,34540,37500,0,,,,,,bukan_konsi,,,,,
ADIDAS BODY SPRAY DEEP ENERGY 150ML,3607345380049,code128,,S0004,-,-,Box,32454,34100,6,,,,,,bukan_konsi,,,,,
PANTENE CON SILKY SMOTH 165 ML,4902430400961,code128,,S0004,Pcs,Pcs,Box,20090,21600,6,,,,,,bukan_konsi,,,,,
PANTENE CON DAMAGE CARE 156ML,4902430399425,code128,,S0004,Pcs,Pcs,Box,20090,21600,6,,,,,,bukan_konsi,,,,,
SARIAYU FF PTH LANGSAT 75ML,8990090311501,code128,,S0004,Pcs,Pcs,Box,12090,13600,6,,,,,,bukan_konsi,,,,,
CLEAN & CLEAR FACIAL F WASH 100ML,8991111111971,code128,,S0004,Pcs,Pcs,Box,15500,18500,4,,,,,,bukan_konsi,,,,,
PONDS CLR SOLS SHKE&CLN 100 ML,8999999719760,code128,,S0004,Pcs,Pcs,Box,16200,18500,6,,,,,,bukan_konsi,,,,,
PUCELLE MIST COLOGNE AUTM RUN 100ML,8992222092081,code128,,S0004,Pcs,Pcs,Box,11000,12500,6,,,,,,bukan_konsi,,,,,
ESKULIN COL GEL THURSDAY 100ML,8993417212246,code128,,S0004,-,-,Box,10818,12300,6,,,,,,bukan_konsi,,,,,
SUNSILK CON SOFT&SMOTH 170 ML,8999999048235,code128,,S0004,Pcs,Pcs,Box,17818,19300,6,,,,,,bukan_konsi,,,,,
SUNSILK HIJAB REFRESH 170ML,8999999048501,code128,,S0004,Pcs,Pcs,Box,14900,19500,3,,,,,,bukan_konsi,,,,,
PANTENE SHP LONG BLACK 170ML,4902430418300,code128,,S0004,Pcs,Pcs,Box,17454,18900,6,,,,,,bukan_konsi,,,,,
PANTENE SHP FULLNESS&LIFE AVO 170ML,4902430400909,code128,,S0004,Pcs,Pcs,Box,22000,23500,4,,,,,,bukan_konsi,,,,,
CASABALANCA D SPRAY RED 100ML,8992832601499,code128,,S0004,Pcs,Pcs,Box,15000,19000,2,,,,,,bukan_konsi,,,,,
CASABALANCA D SPRAY BLACK 100ML,8992832601444,code128,,S0004,Pcs,Pcs,Box,18181,19600,6,,,,,,bukan_konsi,,,,,
CASABALANCA D SPRAY WHITE 100ML,8992832601451,code128,,S0004,Pcs,Pcs,Box,15000,19000,2,,,,,,bukan_konsi,,,,,
PONDS WHITE BEAUTY MILK 150ML,8999999719746,code128,,S0004,Pcs,Pcs,Box,17600,20500,6,,,,,,bukan_konsi,,,,,
CITRA PP KOREAN ORCHID 100GR,8999999040185,code128,,S0004,Pcs,Pcs,Box,20000,21500,6,,,,,,bukan_konsi,,,,,
BIORE BF LIVELY REFRESH 100ML,8992727003858,code128,,S0004,Pcs,Pcs,Box,9600,12500,6,,,,,,bukan_konsi,,,,,
BIORE BF ANTISEPTIC 100ML,8992727000543,code128,,S0004,Pcs,Pcs,Box,7366,11000,9,,,,,,bukan_konsi,,,,,
MARINA HBL NAT P&C 100ML,8999908060600,code128,,S0004,Pcs,Pcs,Box,3227,4700,6,,,,,,bukan_konsi,,,,,
MARINA HBL NAT SMT&GLW 100ML,8999908060808,code128,,S0004,Pcs,Pcs,Box,3500,5000,6,,,,,,bukan_konsi,,,,,
MARINA HBL NAT N&H 100ML,8999908060709,code128,,S0004,Pcs,Pcs,Box,3500,5000,6,,,,,,bukan_konsi,,,,,
POSH MAN BLACK GOLD 150ML,8998866107150,code128,,S0004,Pcs,Pcs,Box,17181,22500,0,,,,,,bukan_konsi,,,,,
PONDS CREAM W&B SPOTLESS 20G,8999999717506,code128,,S0004,Pcs,Pcs,Box,15272,16700,6,,,,,,bukan_konsi,,,,,
PONDS W&B BEAUSH&CLN 100ML,8999999719753,code128,,S0004,Pcs,Pcs,Box,16363,17800,10,,,,,,bukan_konsi,,,,,
CLEAN & CLEAR PORE CLEANSER 100G,8991111112091,code128,,S0004,Pcs,Pcs,Box,17818,19300,6,,,,,,bukan_konsi,,,,,
OVALE F LOTION LEMON 100ML,8993417010033,code128,,S0004,Pcs,Pcs,Box,14549,17000,6,,,,,,bukan_konsi,,,,,
MR MUSCLE P KACA LEMON 440ML,8992779252303,code128,,S0004,Pcs,Pcs,Box,3799,6500,6,,,,,,bukan_konsi,,,,,
WINDEX LEMON POUCH 425ML,8992779256400,code128,,S0004,Pcs,Pcs,Box,2772,5000,6,,,,,,bukan_konsi,,,,,
VITALIS SPRAY BIZARRE 175ML,8992856897304,code128,,S0004,Pcs,Pcs,Box,20909,22500,6,,,,,,bukan_konsi,,,,,
PANTENE SHP ANTIDUNRUF 170ML,4902430400947,code128,,S0004,Pcs,Pcs,Box,19500,22500,3,,,,,,bukan_konsi,,,,,
EXTREAM SPL COLOGNE R CHLGE 150ML,8998103006543,code128,,S0004,Pcs,Pcs,Box,9727,11200,6,,,,,,bukan_konsi,,,,,
EXTREME SPL COL ROCK 150ML,8998103006529,code128,,S0004,Pcs,Pcs,Box,9727,11200,6,,,,,,bukan_konsi,,,,,
RESIK-V SASIR WANGI 90ML,8993417162145,code128,,S0004,Pcs,Pcs,Box,7649,10500,3,,,,,,bukan_konsi,,,,,
ESKULIN COL GEL MONDAY 100ML,8993417212215,code128,,S0004,Pcs,Pcs,Box,11681,15000,3,,,,,,bukan_konsi,,,,,
VIXAL PORCELENE HIJAU 800ML,8992747180201,code128,,S0004,Pcs,Pcs,Box,15000,17500,3,,,,,,bukan_konsi,,,,,
VIXAL PORCELENE BIRU 800ML,8992747180225,code128,,S0004,Pcs,Pcs,Box,15000,17500,3,,,,,,bukan_konsi,,,,,
PEPSODENT SG GUM CARE ,8999999043254,code128,,S0004,Pcs,Pcs,Box,9000,10500,8,,,,,,bukan_konsi,,,,,
MITU BABY FRESH&CLEAN BLUE REFILL,8992750540511,code128,,S0004,Pcs,Pcs,Box,11653,14500,0,,,,,,bukan_konsi,,,,,
MAMY POKO WIPES PARFUME 53SHEET,8993189271915,code128,,S0003,Pcs,Pcs,Box,8181,9600,3,,,,,,bukan_konsi,,,,,
PEPSODENT PG PLS WHITENING 75GR,8999999707774,code128,,S0003,Pcs,Pcs,Box,5900,8000,36,,,,,,bukan_konsi,,,,,
CHARM BF NIGHT WING 35CM 6PAD,8993189320279,code128,,S0004,Pcs,Pcs,Box,6909,8400,2,,,,,,bukan_konsi,,,,,
SELECTION KAPAS 75GR,8991038111757,code128,,S0004,Pcs,Pcs,Box,9727,11200,48,,,,,,bukan_konsi,,,,,
MR MUSCLE P KACA LEMON PUMP 500ML,8992779252402,code128,,S0004,Pcs,Pcs,Box,7954,9600,4,,,,,,bukan_konsi,,,,,
WINDEX LEMON PUMP 500ML,8992779256509,code128,,S0004,Pcs,Pcs,Box,7954,9600,6,,,,,,bukan_konsi,,,,,
YURI PORSTEX REG 1000ML,8886030323904,code128,,S0004,Pcs,Pcs,Box,12545,14100,6,,,,,,bukan_konsi,,,,,
HARPIC CLEAN GEL GREEN 450ML,8993560033019,code128,,S0004,Pcs,Pcs,Box,14272,15700,3,,,,,,bukan_konsi,,,,,
HARPIC POWER PLUS ROSE 450ML,8993560033071,code128,,S0004,Pcs,Pcs,Box,14272,15700,3,,,,,,bukan_konsi,,,,,
HARPIC POWER 200ML,8993560033040,code128,,S0004,Pcs,Pcs,Box,7085,10500,6,,,,,,bukan_konsi,,,,,
BEBEK CLOSET EXTRA KUAT BTL 450ML,8992779228407,code128,,S0004,Pcs,Pcs,Box,10636,12100,5,,,,,,bukan_konsi,,,,,
YURI PORSTEX CLOSET BTL 500ML,8886030322709,code128,,S0004,Pcs,Pcs,Box,9909,11600,5,,,,,,bukan_konsi,,,,,
WING PORSELEN HIJAU 800ML,8998866601788,code128,,S0004,Pcs,Pcs,Box,9600,13000,3,,,,,,bukan_konsi,,,,,
PANTENE CON NAT CARE 165ML,4902430400985,code128,,S0004,Pcs,Pcs,Box,22727,24200,6,,,,,,bukan_konsi,,,,,
RINSO ANTI NODA 900 GR,8999999401238,code128,,S0004,Pcs,Pcs,Box,17500,20000,12,,,,,,bukan_konsi,,,,,
SUPER PELL PL APPLE 800ML,8999999406929,code128,,S0004,Pcs,Pcs,Box,10900,14500,3,,,,,,bukan_konsi,,,,,
SUPER PELL PL LEMON 800ML,8999999406943,code128,,S0003,Pcs,Pcs,Box,10900,14500,3,,,,,,bukan_konsi,,,,,
SUPER PELL PL CERRY ROSE 800ML,8999999406912,code128,,S0004,Pcs,Pcs,Box,8727,10500,3,,,,,,bukan_konsi,,,,,
CLING REFIL BIRU 425ML,8998866605137,code128,,S0004,Pcs,Pcs,Box,3075,6000,4,,,,,,bukan_konsi,,,,,
CLING REFIL KUNING 425ML,8998866605144,code128,,S0004,Pcs,Pcs,Box,3075,6000,4,,,,,,bukan_konsi,,,,,
MR MUSCLE P KACA PUMP APPLE 500ML,8992779253409,code128,,S0004,Pcs,Pcs,Box,8591,10100,2,,,,,,bukan_konsi,,,,,
GUDANG GARAM SURYA PRO 16 MERAH,8998989121163,code128,,S0007,-,-,Box,17600,20000,10,,,,,,bukan_konsi,,,,,
SAMPOERNA AVOLUTION MENTHOL ,8999909000483,code128,,S0007,Pcs,Pcs,Box,26500,29000,10,,,,,,bukan_konsi,,,,,
DJI SAM SOE MAGNUM HITAM,8999909001909,code128,,S0007,Pcs,Pcs,Box,16250,20000,10,,,,,,bukan_konsi,,,,,
NAGATA SIKAT WC,8998889030145,code128,,S0004,Pcs,Pcs,Box,18000,19500,4,,,,,,bukan_konsi,,,,,
KESET HAMDUK SMS,,code128,,S0004,Pcs,Pcs,Box,17000,20000,6,,,,,,bukan_konsi,,,,,
KESET HAMDUK SMS,116,code128,,S0004,-,-,Box,17000,20000,12,,,,,,bukan_konsi,,,,,
KESET CENDOL LOVE,117,code128,,S0004,-,-,Box,35000,37500,10,,,,,,bukan_konsi,,,,,
TEMPAT TISSUE KOTAK,119,code128,,S0004,Pcs,Pcs,Box,9000,15000,6,,,,,,bukan_konsi,,,,,
EMBER EXCELLENT ,120,code128,,S0004,-,-,Box,22000,25500,6,,,,,,bukan_konsi,,,,,
EMBER SHINPO BESAR,8998889560024,code128,,S0004,-,-,Box,45000,50000,4,,,,,,bukan_konsi,,,,,
"HANGER WARNA 10""S",121,code128,,S0004,Pcs,Pcs,Box,12500,15500,6,,,,,,bukan_konsi,,,,,
CENTONG NASI PTH,122,code128,,S0004,Pcs,Pcs,Box,1666,3000,12,,,,,,bukan_konsi,,,,,
"GELAS PLASTIK 1""S",GELASPLASTIK,code128,,S0004,Pcs,Pcs,Box,1458,3400,12,,,,,,bukan_konsi,,,,,
"MUG CANGKIR TUTUP 1""S",124,code128,,S0004,-,-,Box,4000,5500,6,,,,,,bukan_konsi,,,,,
CANGKIR 1Pcsa,125,code128,,S0004,Pcs,Pcs,Box,3500,4500,6,,,,,,bukan_konsi,,,,,
TUTUP GELAS 1Pcs,tutupgelas,code128,,S0004,-,-,Box,625,1500,24,,,,,,bukan_konsi,,,,,
GAYUNG SHINPO ,8998889521001,code128,,S0004,Pcs,Pcs,Box,8000,12500,6,,,,,,bukan_konsi,,,,,
LION STAR SIKAT GAGANG PNJG,8999979023641,code128,,S0004,Pcs,Pcs,Box,18000,20500,6,,,,,,bukan_konsi,,,,,
HANGER LION ITEM 6'S,8999979012768,code128,,S0004,Pcs,Pcs,Box,13000,16500,6,,,,,,bukan_konsi,,,,,
NAGATA SEDOT KOP WC,8998889469006,code128,,S0004,Pcs,Pcs,Box,18000,22500,6,,,,,,bukan_konsi,,,,,
LS KERANJANG SMPH KECIL,8999979018081,code128,,S0004,Pcs,Pcs,Box,18000,22500,6,,,,,,bukan_konsi,,,,,
NAGATA KEMOCENG BIRD,8998889201378,code128,,S0004,Pcs,Pcs,Box,27000,29500,6,,,,,,bukan_konsi,,,,,
LS KERANJANG SMPH BESAR,8999979034395,code128,,S0004,Pcs,Pcs,Box,30000,33500,6,,,,,,bukan_konsi,,,,,
HANGER BESI POLOS 10'S,128,code128,,S0004,Pcs,Pcs,Box,7000,9500,6,,,,,,bukan_konsi,,,,,
DRAGON SIKAT WC,129,code128,,S0004,Pcs,Pcs,Box,7500,9000,12,,,,,,bukan_konsi,,,,,
KAPSTOK STENLIS BESAR,130,code128,,S0004,Pcs,Pcs,Box,13000,17500,6,,,,,,bukan_konsi,,,,,
KAPSTOK STENLIS KECIL,6954247560572,code128,,S0004,Pcs,Pcs,Box,7916,12500,12,,,,,,bukan_konsi,,,,,
KANEBO SHOGUN,,code128,,S0004,Pcs,Pcs,Box,18000,21000,6,,,,,,bukan_konsi,,,,,
KANEBO SHOGUN,131,code128,,S0004,Pcs,Pcs,Box,18000,21000,6,,,,,,bukan_konsi,,,,,
KANEBO KOBE,132,code128,,S0004,Pcs,Pcs,Box,13000,17500,6,,,,,,bukan_konsi,,,,,
TEMPAT SMPH BOX CAR,8998889521735,code128,,S0004,Pcs,Pcs,Box,23000,25500,6,,,,,,bukan_konsi,,,,,
"JEPITAN BAJU 20""S/PAK",JEPITANBAJU,code128,,S0004,Pack,Pack,Box,7000,8500,12,,,,,,bukan_konsi,,,,,
KESET TEBAL 5 WARNA,134,code128,,S0004,Pcs,Pcs,Box,12500,16500,12,,,,,,bukan_konsi,,,,,
SIKAT BAJU ETERNA,4142114473168,code128,,S0004,Pcs,Pcs,Box,4000,5500,6,,,,,,bukan_konsi,,,,,
LAP GANTUNG KARAKTER,LAPGANTUNGKARAKTER,code128,,S0004,Pcs,Pcs,Box,17500,22500,12,,,,,,bukan_konsi,,,,,
QUAKER INSTANT OATMEAL INSTAN 35GR,8997020180015,code128,,S0001,Pcs,Pcs,Box (24),1916,3500,48,,,,,,bukan_konsi,,,,,
YEOS LYCHEE 300ML,9556156033597,code128,,S0002,Pcs,Pcs,Box (24),4500,6000,48,,,,,,bukan_konsi,,,,,
KIRANTI SEHAT DTNGBLN 150ML,8991102800020,code128,,S0003,Pcs,Pcs,Box (6),5095,7500,24,,,,,,bukan_konsi,,,,,
KIRANTI PEGAL LINU 150ML,8991102900591,code128,,S0003,Pcs,Pcs,Box (6),4899,7500,0,,,,,,bukan_konsi,,,,,
HAPPYDENT PROTEX ,89301562,code128,,S0005,Pcs,Pcs,Box (15),2496,4000,30,,,,,,bukan_konsi,,,,,
SUGUS STICK ORANGE 30GR,8992919856026,code128,,S0005,Pcs,Pcs,Box (48),2166,3500,24,,,,,,bukan_konsi,,,,,
SUGUS STICK STRAWBERRY 30GR,8992919856033,code128,,S0005,Pcs,Pcs,Box (48),2166,3500,24,,,,,,bukan_konsi,,,,,
HAPPYDENT WHITE,8991115040093,code128,,S0005,Pcs,Pcs,Box (15),2750,5000,3,,,,,,bukan_konsi,,,,,
MENTOS FRUIT ROLL 37G,8990800100050,code128,,S0005,Pcs,Pcs,Box (24),2849,5000,24,,,,,,bukan_konsi,,,,,
WRIGLEY DOUBLE MINT,9555192501107,code128,,S0005,Pcs,Pcs,Box (20),2098,3500,20,,,,,,bukan_konsi,,,,,
Country Choice Guava 250ml,8994116101190,code128,,S0002,Pcs,Pcs,Box (24),4083,6500,24,,,,,,bukan_konsi,,,,,
YEOS CHRYSANTMUM TEA 300ML,9556156003354,code128,,S0002,Pcs,Pcs,Box (24),4500,6000,48,,,,,,bukan_konsi,,,,,
FANTA STRAWBERRY CAN 250 ML,8992761111540,code128,,S0002,Pcs,Pcs,Box (24),4284,7000,24,,,,,,bukan_konsi,,,,,
SPRITE CAN 250ML,8992761111533,code128,,S0002,Pcs,Pcs,Box (24),4291,6500,24,,,,,,bukan_konsi,,,,,
Q TELLA BARBEQUE 60GR,89686611618,code128,,S0005,Pcs,Pcs,Box (30),3727,7000,30,,,,,,bukan_konsi,,,,,
PIATOS SEA WEED 85GR,8996196002954,code128,,S0005,Pcs,Pcs,Box (15),7599,9500,12,,,,,,bukan_konsi,,,,,
TARO FAM BBQ 40G,8999999000066,code128,,S0005,Pcs,Pcs,Box (24),3433,6000,30,,,,,,bukan_konsi,,,,,
NU MILK TEA 330ML,8992388133017,code128,,S0002,Pcs,Pcs,Box (24),4666,7000,24,,,,,,bukan_konsi,,,,,
COCOBIT SPLASH LYCHEE 300ML,89686827798,code128,,S0002,Pcs,Pcs,Box (12),4199,5500,0,,,,,,bukan_konsi,,,,,
HEXOS MINT 12.5G,8998685011003,code128,,S0005,Pcs,Pcs,Box (50),1300,3500,24,,,,,,bukan_konsi,,,,,
KRUPUK UDANG ,136,code128,,S0005,Pcs,Pcs,Box,4000,5000,10,,,,,,bukan_konsi,,,,,
CITRA SUN PROTECT WHITE 120ml,8999999035846,code128,,S0003,Pcs,Pcs,Box,11000,12500,0,,,,,,bukan_konsi,,,,,
PIRING PLASTIK ,PIRINGPLASTIK,code128,,S0004,Pcs,Pcs,Box (12),3333,4500,24,,,,,,bukan_konsi,,,,,
ROMA MALKIST ABON 135GR ,8996001302323,code128,,S0005,Pcs,Pcs,Box (30),4700,7000,30,,,,,,bukan_konsi,,,,,
ROMA MALKIST CRACKERS 135GR ,8996001302026,code128,,S0005,Pcs,Pcs,Box (30),4000,6500,30,,,,,,bukan_konsi,,,,,
ROMA CREAM CRACKER 135GR,8996001302033,code128,,S0005,Pcs,Pcs,Box (20),4400,7000,20,,,,,,bukan_konsi,,,,,
ROMA MARIE SUSU 115GR,8886001012233,code128,,S0005,Pcs,Pcs,Box (20),4200,6500,40,,,,,,bukan_konsi,,,,,
ROMA SANDWICH COKLAT 115GR,8996001304990,code128,,S0005,Pcs,Pcs,Box (24),5000,6500,24,,,,,,bukan_konsi,,,,,
CHOKI-CHOKI bukan_konsiEW 11GR,139,code128,,S0005,Pcs,Pcs,Box (20),800,1500,40,,,,,,bukan_konsi,,,,,
SUPERSTAR TRIPLE CHOCOLATE 18GR,8996001355046,code128,,S0005,Pcs,Pcs,Box (72),804,2000,12,,,,,,bukan_konsi,,,,,
ASTOR DOUBLLE CHOCOLATE 330GR,8886001038028,code128,,S0005,Pcs,Pcs,Box (6),20899,27000,6,,,,,,bukan_konsi,,,,,
ASTOR DOUBLE CHOCOLATE 150GR,8886001026025,code128,,S0005,Pcs,Pcs,Box (18),8400,12000,24,,,,,,bukan_konsi,,,,,
ROMA SARI GANDUM COKLAT 39GR,8996001308059,code128,,S0005,Pcs,Pcs,Box (72),1600,2000,12,,,,,,bukan_konsi,,,,,
KOPIKO COFFE SHOT CAPUCINO 150G,8996001320136,code128,,S0005,Pcs,Pcs,Box,5445,7500,12,,,,,,bukan_konsi,,,,,
"KISS CHEWY2 MINT ORANGE 97,5GR",8996001326428,code128,,S0005,Pcs,Pcs,Box,3563,5500,10,,,,,,bukan_konsi,,,,,
TAMARIN 135G,8996001338056,code128,,S0005,Pcs,Pcs,Box,4950,7000,6,,,,,,bukan_konsi,,,,,
DK SUKRO 140G,8995077600166,code128,,S0005,Pcs,Pcs,Box,6273,7500,40,,,,,,bukan_konsi,,,,,
NESTLE HONEY STARS 150G,,code128,,S0005,Pcs,Pcs,Box (6),18409,19900,6,,,,,,bukan_konsi,,,,,
BIG BABOL STICK STRAW 20G,8991115012106,code128,,S0005,Pcs,Pcs,Box (20),1950,3500,20,,,,,,bukan_konsi,,,,,
TWISTKO BBQ PREM 30GR,8886013402206,code128,,S0005,Pcs,Pcs,Box (4),2450,4000,24,,,,,,bukan_konsi,,,,,
MINTZ FRUITYCHERRY MINT EA ,8991102283380,code128,,S0005,Pcs,Pcs,Box,4410,6500,0,,,,,,bukan_konsi,,,,,
MINTZ PEPPERMINT 115G,8991102281416,code128,,S0005,Pcs,Pcs,Box,4409,6500,10,,,,,,bukan_konsi,,,,,
 MINTZ DOUBLEMINT 115G,8991102281430,code128,,S0005,Pcs,Pcs,Box,4409,6500,6,,,,,,bukan_konsi,,,,,
GARUDA KACANG ATOM JATIM 46G,8992775204054,code128,,S0005,Pcs,Pcs,Box (4),1760,3000,0,,,,,,bukan_konsi,,,,,
KAYAKING GARLIC PNT 80G,8991102160032,code128,,S0005,Pcs,Pcs,Box (15),9099,11000,10,,,,,,bukan_konsi,,,,,
DELFI CHA CHA MILK CHO 80G,8991001503114,code128,,S0005,Pcs,Pcs,Box (15),4630,7000,20,,,,,,bukan_konsi,,,,,
KAYAKING HONEYROAST 77G,8991102167031,code128,,S0005,Pcs,Pcs,Box (10),9099,11000,10,,,,,,bukan_konsi,,,,,
BIG STRAW 300ML,8997025060206,code128,,S0002,Pcs,Pcs,Box (12),1727,3000,24,,,,,,bukan_konsi,,,,,
BIG COLA 300ML,8997025060190,code128,,S0002,Pcs,Pcs,Box (12),1727,3000,24,,,,,,bukan_konsi,,,,,
SPIX MIE GRG PRM 50GR,8886013366485,code128,,S0005,Pcs,Pcs,Box (24),2074,4000,48,,,,,,bukan_konsi,,,,,
LAYS ASIN KLASIK 68G,89686596250,code128,,S0005,Pcs,Pcs,Box (10),8454,10000,20,,,,,,bukan_konsi,,,,,
LAYS BARBEQUE 68G,,code128,,S0005,Pcs,Pcs,Box (10),8454,10000,20,,,,,,bukan_konsi,,,,,
LAYS SAUS KRIM 68G,,code128,,S0005,Pcs,Pcs,Box (10),6272,8000,20,,,,,,bukan_konsi,,,,,
OOPS CRACK LOBSTER BAKAR 50,8991102792424,code128,,S0005,Pcs,Pcs,Box (10),2572,4500,30,,,,,,bukan_konsi,,,,,
CHITATO SAPI PANGGANG 68G,89686598056,code128,,S0005,Pcs,Pcs,Box (10),9900,12000,10,,,,,,bukan_konsi,,,,,
CHITATO SAPI BUMBU BAKAR 68GR,89686598599,code128,,S0005,Pcs,Pcs,Box (10),8166,12000,30,,,,,,bukan_konsi,,,,,
DUA KELINCI KC KULIT 400GR,,code128,,S0005,Pcs,Pcs,Box (10),25000,26500,20,,,,,,bukan_konsi,,,,,
TARO NET COWBOY STEAK 40G,8999999002497,code128,,S0005,Pcs,Pcs,Box (10),3272,5000,20,,,,,,bukan_konsi,,,,,
LAYS FIESTA CLAS SALT 35G,,code128,,S0011,Pcs,Pcs,Box (10),4636,6000,0,,,,,,bukan_konsi,,,,,
LAYS FIESTA NORI SEAWD 35GR,,code128,,S0011,Pcs,Pcs,Box (10),4363,6000,0,,,,,,bukan_konsi,,,,,
KAPAL API MANTAP KP+GL 25G,8991002105645,code128,,S0002,Pcs,Pcs,Box (10),7954,9500,20,,,,,,bukan_konsi,,,,,
NESCAFE WHITE COFFE 200ML,8992696428812,code128,,S0002,Pcs,Pcs,Box (16),3777,6000,36,,,,,,bukan_konsi,,,,,
NESCAFE UHT COFS0018 CREAM 200ML,8992696419742,code128,,S0002,Pcs,Pcs,Box (16),3777,6000,36,,,,,,bukan_konsi,,,,,
ABC KOPI SUSU 10X31G,8991002101630,code128,,S0002,Pcs,Pcs,Box (12),10500,14000,10,,,,,,bukan_konsi,,,,,
BENDERA SKM GOLD SACH 6'S,8992753100309,code128,,S0002,Pack,Pack,Box,6106,7500,20,,,,,,bukan_konsi,,,,,
LAYS SAPI PGG 68GR,89686596564,code128,,S0005,Pcs,Pcs,Box,8454,10000,20,,,,,,bukan_konsi,,,,,
LAYS RUMPUT LAUT 35GR,89686596441,code128,,S0005,Pcs,Pcs,Box,5299,6500,20,,,,,,bukan_konsi,,,,,
LAYS SAUS KRIM & BWG 55GR,89686596892,code128,,S0005,Pcs,Pcs,Box,6272,8000,20,,,,,,bukan_konsi,,,,,
NESTLE HONEY STAR 150GR,4800361002936,code128,,S0005,Pcs,Pcs,Box,18409,19900,6,,,,,,bukan_konsi,,,,,
DK KACANG KULIT400GR,11747233040,code128,,S0005,Pcs,Pcs,Box,25090,26600,12,,,,,,bukan_konsi,,,,,
KRUPUK RATU PEDAS,140,code128,,S0005,Pcs,Pcs,Box,4000,5000,5,,,,,,bukan_konsi,,,,,
GERY SALUT MALKIST SWEET CHEESE 110,8992775315095,code128,,S0005,Pcs,Pcs,Box (20),5568,7500,0,,,,,,bukan_konsi,,,,,
GERY SALUT MALKIST COKLAT 110G,8992775315057,code128,,S0005,Pcs,Pcs,Box (20),5061,7500,20,,,,,,bukan_konsi,,,,,
MYTEA BOTOL ORIGINAL 450ML,8992775712603,code128,,S0002,Pcs,Pcs,Box (24),3882,5000,48,,,,,,bukan_konsi,,,,,
GERY PASTA COKELAT MEDE 11G,141,code128,,S0005,Pcs,Pcs,Box (120),690,1500,20,,,,,,bukan_konsi,,,,,
CLEVO SUSU RASA COKLAT 125ML,8992775717004,code128,,S0002,Pcs,Pcs,Box (30),2122,3500,30,,,,,,bukan_konsi,,,,,
CLEVO SUSU RASA STRAWBERRY 125ML,8992775717011,code128,,S0002,Pcs,Pcs,Box (30),2121,3500,10,,,,,,bukan_konsi,,,,,
KACANG TELUR GARUDA 100G,8992775212110,code128,,S0005,Pcs,Pcs,Box (50),5818,8000,10,,,,,,bukan_konsi,,,,,
CHOCOLATOS DARK 16GR,8992775311479,code128,,S0005,Pcs,Pcs,Box (120),836,1500,0,,,,,,bukan_konsi,,,,,
CHOCOLATOS GRANDE 16GR,8992775311981,code128,,S0005,Pcs,Pcs,Box (120),836,1500,0,,,,,,bukan_konsi,,,,,
ABC ALKALINE A2,8886022971298,code128,,S0004,Pcs,Pcs,Box (24),9500,13000,24,,,,,,bukan_konsi,,,,,
ABC ALKALINE A3,8886022941512,code128,,S0004,Pcs,Pcs,Box (24),9750,13000,24,,,,,,bukan_konsi,,,,,
POWER GLUE ,8992875110309,code128,,S0004,Pcs,Pcs,Box (12),3333,6000,12,,,,,,bukan_konsi,,,,,
PAKU PAYUNG 50'S,PAKUPAYUNG,code128,,S0004,Pcs,Pcs,Box (5),1900,3000,10,,,,,,bukan_konsi,,,,,
FAKTUR PAJAK,145,code128,,S0009,Pcs,Pcs,Box (10),7500,12000,5,,,,,,bukan_konsi,,,,,
RIVERO WATER BOTTLE 600 ML DUS,aquadus,code128,,S0002,Pack,Pack,Box,41000,70000,0,,,,,,bukan_konsi,,,,,
SARI ROTI SOBEK COKLAT BLUEBERRY ,8992907952273,code128,,S0005,Pcs,Pcs,Box,13200,15000,0,,,,,,bukan_konsi,,,,,
SARI ROTI SOBEK COKLAT STRAWBERRY,8992907740016,code128,,S0005,Pcs,Pcs,Box,11880,15000,0,,,,,,bukan_konsi,,,,,
POCARI SWEAT BTL 500ML,8997035563414,code128,,S0002,Pcs,Pcs,Box,5550,8000,24,,,,,,bukan_konsi,,,,,
MOISTA ROTI KERING 8000,146,code128,,S0005,Pcs,Pcs,Box,6000,8000,0,,,,,,bukan_konsi,,,,,
MOISTA 6000,147,code128,,S0005,Pcs,Pcs,Box,5000,6000,0,,,,,,bukan_konsi,,,,,
MOISTA 5000,148,code128,,S0005,Pcs,Pcs,Box,4000,5000,10,,,,,,bukan_konsi,,,,,
TAS DEKOPAGE BESAR,149,code128,,S0004,Pcs,Pcs,Box,185000,200000,0,,,,,,konsi,,,,,
TAS DEKOPAGE MOTIF KECIL,150,code128,,S0004,Pcs,Pcs,Box,75000,80000,0,,,,,,konsi,,,,,
DOMPET MINT BESAR,151,code128,,S0004,Pcs,Pcs,Box,45000,55000,0,,,,,,konsi,,,,,
DOMPET KECILS POLOS,,code128,,S0004,Pcs,Pcs,Box,35000,45000,0,,,,,,konsi,,,,,
DOMPET PLUS BESAR,153,code128,,S0004,Pcs,Pcs,Box,65000,80000,0,,,,,,konsi,,,,,
DOMPET PLUS KECIL,154,code128,,S0004,Pcs,Pcs,Box (24),55000,65000,0,,,,,,konsi,,,,,
TAS DOMPET,155,code128,,S0004,Pcs,Pcs,Box,35000,45000,0,,,,,,konsi,,,,,
STARTER KIT,156,code128,,S0004,Pcs,Pcs,Box,50000,60000,0,,,,,,bukan_konsi,,,,,
CAT ARKRILIK,157,code128,,S0004,Pcs,Pcs,Box,20000,25000,0,,,,,,konsi,,,,,
CAT ARKRILIK GOLD,158,code128,,S0004,Pcs,Pcs,Box,30000,35000,0,,,,,,konsi,,,,,
TISSUE MOTIF,159,code128,,S0004,Pcs,Pcs,Box,7000,10000,0,,,,,,bukan_konsi,,,,,
LEM DECOUPAGE,160,code128,,S0004,Pcs,Pcs,Box,15000,20000,2,,,,,,bukan_konsi,,,,,
VERNISH DECOUPAGE,161,code128,,S0004,Pcs,Pcs,Box,30000,35000,2,,,,,,bukan_konsi,,,,,
RTD ABC MOCCA SACH,rtdabc,code128,,S0002,Pcs,Pcs,Box,1,4000,10,,,,,,bukan_konsi,,,,,
RTD KAPAL API GULA,RTDKAPALAPIGULA,code128,,S0002,Pcs,Pcs,Box,1,4000,0,,,,,,bukan_konsi,,,,,
RTD LUWAKWHITE COFFE,rtdluwak,code128,,S0002,Pcs,Pcs,Box,1,4000,0,,,,,,bukan_konsi,,,,,
RTD ABC KOPI SUSU,RTDABCKS,code128,,S0002,Pcs,Pcs,Box,1,4000,0,,,,,,bukan_konsi,,,,,
LEM DECOUPAGE 1 LTR,162,code128,,S0004,Pcs,Pcs,Box,50000,55000,0,,,,,,bukan_konsi,,,,,
RTD INDOCAFE COFFE MIX,rtdindocafe,code128,,S0002,Pcs,Pcs,Box,1,4000,0,,,,,,bukan_konsi,,,,,
RTD BENDERA COKLAT,rtdbenderacoklat,code128,,S0002,Pcs,Pcs,Box,1,4000,0,,,,,,bukan_konsi,,,,,
RTD INDOMILK CHOCO,RTDINDOCK,code128,,S0002,Pcs,Pcs,Box,1,4000,0,,,,,,bukan_konsi,,,,,
RTD INDOMILK PUTIH,RTDINDOPTH,code128,,S0002,Pcs,Pcs,Box,1,4000,0,,,,,,bukan_konsi,,,,,
RTD POPMIE BAKSO,rtdpopbks,code128,,S0005,Pcs,Pcs,Box,1,6000,0,,,,,,bukan_konsi,,,,,
RTD POPMIE SOTO,rtdpopsoto,code128,,S0005,Pcs,Pcs,Box,1,6000,0,,,,,,bukan_konsi,,,,,
RTD POPMIE AYAM,rtdpopayam,code128,,S0005,Pcs,Pcs,Box,1,6000,0,,,,,,bukan_konsi,,,,,
RTD POPMIE KARI,rtdpopkari,code128,,S0005,Pcs,Pcs,Box,1,6000,0,,,,,,bukan_konsi,,,,,
RTD MAXTEA TARIK,rtdmaxtea,code128,,S0002,Pcs,Pcs,Box,1,5000,0,,,,,,bukan_konsi,,,,,
YAKULT 5'S,8992994110112,code128,,S0002,Pcs,Pcs,Box,7650,9000,10,,,,,,bukan_konsi,,,,,
PETAI,PETAI,code128,,S0005,Pcs,Pcs,Box,6000,7000,0,,,,,,bukan_konsi,,,,,
LEUNCA,LEUNCA,code128,,S0005,Pcs,Pcs,Box,5000,6000,0,,,,,,bukan_konsi,,,,,
RTD GOOD DAY ORIGINAL,rtdgoodday,code128,,S0002,Pcs,Pcs,Box,1,5000,0,,,,,,bukan_konsi,,,,,
RTD ENERGEN KC IJO,rtdenergenkcijo,code128,,S0002,Pcs,Pcs,Box,1,5000,0,,,,,,bukan_konsi,,,,,
RTD ENERGEN VANILLA,RTDENERGENVANILLA,code128,,S0002,Pcs,Pcs,Box,1,5000,0,,,,,,bukan_konsi,,,,,
MONDE SERENA SNACKGOLD 50G,8888166989634,code128,,S0005,Pcs,Pcs,Box (30),3000,5000,30,,,,,,bukan_konsi,,,,,
BELVITA HONEY & CHOC 80G,7622210609397,code128,,S0005,Pcs,Pcs,Box (24),5900,7500,20,,,,,,bukan_konsi,,,,,
SARIMI AYAM BAWANG,89686017076,code128,,S0005,Pcs,Pcs,Box (40),1688,2500,40,,,,,,bukan_konsi,,,,,
POPMIE MINI BASO SAPI,89686061123,code128,,S0005,Pcs,Pcs,Box (24),2215,3500,48,,,,,,bukan_konsi,,,,,
POPMIE MINI AYAM BAWANG,89686061024,code128,,S0005,Pcs,Pcs,Box (24),2215,3500,48,,,,,,bukan_konsi,,,,,
TROPICANA SLIM SWEET DIABETES,749921000323,code128,,S0001,Pcs,Pcs,Box (50),39600,42500,2,,,,,,bukan_konsi,,,,,
TROPICANA SLIM SWEET CLASSIC 125GR,749921001016,code128,,S0001,Pcs,Pcs,Box (50),37400,40000,2,,,,,,bukan_konsi,,,,,
ULTRA MILK SLIM PLAIN 200ML,8998009010552,code128,,S0002,Pcs,Pcs,Box (24),3303,4500,48,,,,,,bukan_konsi,,,,,
BUAVITA MINI APPLE 125ML,8998009020513,code128,,S0002,Pcs,Pcs,Box (40),2770,3700,80,,,,,,bukan_konsi,,,,,
BUAVITA MINI GUAVA 125ML,8998009020520,code128,,S0002,Pcs,Pcs,Box (40),2897,3700,80,,,,,,bukan_konsi,,,,,
CHARM BODIFIT NIGHT 20S,8993189270024,code128,,S0003,Pcs,Pcs,Box,14500,17000,2,,,,,,bukan_konsi,,,,,
LAURIER SUPER MAXI 10S,8992727000055,code128,,S0003,Pcs,Pcs,Box,4300,6500,18,,,,,,bukan_konsi,,,,,
LAURIER DOUBLE COMFORT 18S,8992727004060,code128,,S0003,Pcs,Pcs,Box,7227,9000,2,,,,,,bukan_konsi,,,,,
LAURIER SOFTCARE S.MAX WING 10S,8992727002998,code128,,S0003,Pcs,Pcs,Box,6500,9500,12,,,,,,bukan_konsi,,,,,
CUSSON BABY WIPES M&G 50S,8888103006844,code128,,S0003,Pcs,Pcs,Box,8318,11000,2,,,,,,bukan_konsi,,,,,
CUSSON BABY WIPES M&G 10S,8888103006820,code128,,S0003,Pcs,Pcs,Box,2257,3500,2,,,,,,bukan_konsi,,,,,
BUAVITA ORANGE 250ML,8998009020179,code128,,S0002,Pcs,Pcs,Box (24),5700,7500,10,,,,,,bukan_konsi,,,,,
ABC JUICE JAMBU,711844160071,code128,,S0002,Pcs,Pcs,Box (24),4840,7000,24,,,,,,bukan_konsi,,,,,
ABC JUICE LYCHEE,711844160033,code128,,S0002,Pcs,Pcs,Box (24),2833,5500,48,,,,,,bukan_konsi,,,,,
CADBURRY DAIRY MILK bukan_konsiWNUT 65G,7622210640994,code128,,S0005,Pcs,Pcs,Box (24),10900,15500,9,,,,,,bukan_konsi,,,,,
SILVER QUEEN FRUIT&NUT 68G,8991001121455,code128,,S0005,Pcs,Pcs,Box (10),11363,16000,25,,,,,,bukan_konsi,,,,,
SILVER QUEEN ALMOND 68G,8991001121400,code128,,S0005,Pcs,Pcs,Box (10),14000,16000,0,,,,,,bukan_konsi,,,,,
DELFI NOCKERS 45G,8991001260246,code128,,S0005,Pcs,Pcs,Box (48),4818,6000,96,,,,,,bukan_konsi,,,,,
RTD HOT COCOA,rtdhotcocoa,code128,,S0002,Pcs,Pcs,Box (20),1,5500,10,,,,,,bukan_konsi,,,,,
LA BOLD 20,8991906105758,code128,,S0007,Pcs,Pcs,Box (20),22100,25000,10,,,,,,bukan_konsi,,,,,
LUWAK WHITE COFFE 5S,8994171101104,code128,,S0002,Pcs,Pcs,Box,3050,6500,0,,,,,,bukan_konsi,,,,,
NESCAFE ORIGINAL CAN 240 ML,9556001047175,code128,,S0002,Pcs,Pcs,Box (24),8700,11500,24,,,,,,bukan_konsi,,,,,
NISSIN CRISPY CRACKERS,8888166336568,code128,,S0005,Pcs,Pcs,Box (5),6400,8000,10,,,,,,bukan_konsi,,,,,
BIG COLA LEMON 300ML,8997025060220,code128,,S0002,Pcs,Pcs,Box,2500,3000,24,,,,,,bukan_konsi,,,,,
LAY RUMPUT LAUT 68GR,89686596465,code128,,S0005,Pcs,Pcs,Box,9500,11500,10,,,,,,bukan_konsi,,,,,
SARI ROTI TAWAR DOUBLE SOFT,8992907952631,code128,,S0005,Pcs,Pcs,Box,15840,18500,0,,,,,,bukan_konsi,,,,,
SARI ROTI TAWAR CHOCO CHIP,8992907141004,code128,,S0005,Pcs,Pcs,Box,12750,15000,1,,,,,,bukan_konsi,,,,,
SARI ROTI KRIM COKLAT VANILLA,8992907450014,code128,,S0005,Pcs,Pcs,Box,3960,4500,0,,,,,,bukan_konsi,,,,,
STAR MILD 16,8998127311173,code128,,S0007,Pcs,Pcs,Box (10),19800,22500,10,,,,,,bukan_konsi,,,,,
DJARUM SUPER MLD 20,8991906101361,code128,,S0007,Pcs,Pcs,Box (10),22300,25000,10,,,,,,bukan_konsi,,,,,
GUDANG GARAM SURYA 16,8998989110167,code128,,S0007,Pcs,Pcs,Box (10),22100,24500,10,,,,,,bukan_konsi,,,,,
LA ICE ,8991906101101,code128,,S0007,Pcs,Pcs,Box (10),19600,23000,10,,,,,,bukan_konsi,,,,,
ULTRA FLU,8997014050225,code128,,S0003,Pcs,Pcs,Box (25),2720,4500,25,,,,,,bukan_konsi,,,,,
PROCOLD,8992858666106,code128,,S0003,Pcs,Pcs,Box (24),2416,4500,24,,,,,,bukan_konsi,,,,,
MINYAK KAPAK,8994472000038,code128,,S0003,Pcs,Pcs,Box (12),14000,17000,6,,,,,,bukan_konsi,,,,,
INSTO,8992695203441,code128,,S0003,Pcs,Pcs,Box,12500,16000,6,,,,,,bukan_konsi,,,,,
VISINE,8993212100069,code128,,S0003,Pcs,Pcs,Box,12000,14000,5,,,,,,bukan_konsi,,,,,
MINYAK KAYU PUTIH 120ML,8993176110067,code128,,S0003,Pcs,Pcs,Box (12),36368,43500,0,,,,,,bukan_konsi,,,,,
OBH COMBI PLUS,8993113031059,code128,,S0003,Pcs,Pcs,Box,14500,17500,5,,,,,,bukan_konsi,,,,,
FRUIT TEA FREEZE 200 ML,8996006856906,code128,,S0002,Pcs,Pcs,Box (6),2291,4000,0,,,,,,bukan_konsi,,,,,
GILLETTE GOAL2,8992765301008,code128,,S0004,Pcs,Pcs,Box (24),5674,7500,30,,,,,,bukan_konsi,,,,,
ABC SAMBAL BOTOL 335ML,711844120013,code128,,S0001,Pcs,Pcs,Box,11532,15000,6,,,,,,bukan_konsi,,,,,
KINGKONG KRIPIK BALADO 60G,8997014020211,code128,,S0005,Pcs,Pcs,Box,4200,6500,30,,,,,,bukan_konsi,,,,,
KINGKONG KRIPIK BBQ 60G,8997014020013,code128,,S0005,Pcs,Pcs,Box,4454,6500,30,,,,,,bukan_konsi,,,,,
DELFI CHA CHA NUT 40G,8991001503107,code128,,S0005,Pcs,Pcs,Box,4630,7000,20,,,,,,bukan_konsi,,,,,
SINDE LARUTAN PENYEGAR  500ML,8999988888972,code128,,S0002,Pcs,Pcs,Box (24),6061,9000,0,,,,,,bukan_konsi,,,,,
ABC KECAP MANIS 135ML,711844110113,code128,,S0001,Pcs,Pcs,Box (48),6700,9000,24,,,,,,bukan_konsi,,,,,
PEPSODENT SG DCR SENS TP2S/PCS,8999999005801,code128,,S0004,Pcs,Pcs,Box,13727,15500,5,,,,,,bukan_konsi,,,,,
PEPSODENT SG DEEP CLEAN,8999999043278,code128,,S0004,Pcs,Pcs,Box (12),6000,7500,24,,,,,,bukan_konsi,,,,,
PEPSODENT SG ACT 123 SOFT 3'S,8999999041557,code128,,S0004,Pcs,Pcs,Box (6),10454,11300,0,,,,,,bukan_konsi,,,,,
IDEAL CTN BUDS 100S,8992911011232,code128,,S0003,Pcs,Pcs,Box (6),3950,5500,24,,,,,,bukan_konsi,,,,,
MATERAI 6000,materai,code128,,S0004,Pcs,Pcs,Box,6000,7500,50,,,,,,bukan_konsi,,,,,
CIMORY YOGURT DRINK GRAPE 250ML,8993200661312,code128,,S0002,Pcs,Pcs,Box (12),6600,9000,0,,,,,,bukan_konsi,,,,,
CIMORY YOGURT DRINK MANGO 250ML,8993200661336,code128,,S0002,Pcs,Pcs,Box (12),6600,9000,0,,,,,,bukan_konsi,,,,,
CIMORY YOGURT DRINK STRAWBERRY 250M,8993200661305,code128,,S0002,Pcs,Pcs,Box (12),6600,9000,0,,,,,,bukan_konsi,,,,,
CIMORY YOGURT DRINK MIXFRUIT 250ML,8993200661350,code128,,S0002,Pcs,Pcs,Box (12),6600,9000,0,,,,,,bukan_konsi,,,,,
CIMORY YOGURT DRINK LYCHEE 250ML,8993200661299,code128,,S0002,Pcs,Pcs,Box (12),6600,9000,0,,,,,,bukan_konsi,,,,,
CIMORY YOGURT DRINK MIXED BERRY 250,8993200663057,code128,,S0002,Pcs,Pcs,Box,6600,9000,0,,,,,,bukan_konsi,,,,,
CIMORY YOGURT DRINK BLUEBERRY 250ML,8993200661657,code128,,S0002,Pcs,Pcs,Box,6600,9000,0,,,,,,bukan_konsi,,,,,
CHIMORY YD PASSION FRUIT 250ML,8993200663040,code128,,S0002,Pcs,Pcs,Box,6600,8500,12,,,,,,bukan_konsi,,,,,
CIMORY YOGURT DRINK RASPBERRY 250ML,8993200661343,code128,,S0002,Pcs,Pcs,Box,6600,9000,0,,,,,,bukan_konsi,,,,,
CIMORY YOGURT DRINK PLAIN 250ML,8993200663064,code128,,S0002,Pcs,Pcs,Box,6600,9000,0,,,,,,bukan_konsi,,,,,
CHIMORY YD BLUEBERRY 70ML,8993200664061,code128,,S0002,Pcs,Pcs,Box,1600,3000,30,,,,,,bukan_konsi,,,,,
CHIMORY YD STW 70ML,8993200664054,code128,,S0002,Pcs,Pcs,Box,1600,3000,50,,,,,,bukan_konsi,,,,,
CHIMORY YD MIXED BERRY UHT 200ML,8993200663835,code128,,S0002,Pcs,Pcs,Box,5200,6500,8,,,,,,bukan_konsi,,,,,
CHIMORY YD STRAWBERRY UHT 200ML,8993200663828,code128,,S0002,Pcs,Pcs,Box,5199,7000,0,,,,,,bukan_konsi,,,,,
CHIMOR YD ORIGINAL UHT 200ML,8993200663811,code128,,S0002,Pcs,Pcs,Box,4000,6000,24,,,,,,bukan_konsi,,,,,
KUE STIK JARUM,kuestik,code128,,S0005,Pack,Pack,Box,5000,6000,20,,,,,,bukan_konsi,,,,,
RELAXA BAG 125GR** cherry mint,8991002304802,code128,,S0005,Pcs,Pcs,Box,5900,6200,2,,,,,,bukan_konsi,,,,,
CLEAR SHP ADD COMPLETE SFTCARE 170,8999999029685,code128,,S0004,Pcs,Pcs,Box,19900,23500,3,,,,,,bukan_konsi,,,,,
KOL 5000,KOL,code128,,S0005,Pcs,Pcs,Box,3500,5000,1,,,,,,bukan_konsi,,,,,
LA MENTHOL,8991906101071,code128,,S0007,Pcs,Pcs,Box (10),19600,23000,10,,,,,,bukan_konsi,,,,,
TOTAL CARE MW LEMONICE,8999908255808,code128,,S0003,Pcs,Pcs,Box,5545,7500,12,,,,,,bukan_konsi,,,,,
TOTAL CARE MW COOLMINT 100ML,8999908034908,code128,,S0003,Pcs,Pcs,Box,5545,7500,0,,,,,,bukan_konsi,,,,,
TOTAL CARE ORI HERBS 100ML,8999908302403,code128,,S0003,Pcs,Pcs,Box,5909,7500,12,,,,,,bukan_konsi,,,,,
LISTERINE M.WASH FRESH BURST 80ML,8992725910417,code128,,S0004,Pcs,Pcs,Box,8860,12000,5,,,,,,bukan_konsi,,,,,
OREO SOFT CACKE,7622300335809,code128,,S0005,Pcs,Pcs,Box (36),1454,2500,12,,,,,,bukan_konsi,,,,,
CHIPS AHOY ORIGINAL 84G,7622210476067,code128,,S0005,Pcs,Pcs,Box (24),4863,6000,48,,,,,,bukan_konsi,,,,,
GOOD DAY TIRAMISU B 250ML,8991002121003,code128,,S0002,Pcs,Pcs,Box (24),4958,7500,24,,,,,,bukan_konsi,,,,,
ALPENLIEBE ORIGINALBAG 50PCS,8991115000080,code128,,S0005,Pcs,Pcs,Box,5850,8000,6,,,,,,bukan_konsi,,,,,
CHOCO MILK 20G,8992952132507,code128,,S0005,Pcs,Pcs,Box (24),895,1500,10,,,,,,bukan_konsi,,,,,
CHUPA CHUP 50PCS,8935001723769,code128,,S0005,Pcs,Pcs,Box (50),1084,2500,50,,,,,,bukan_konsi,,,,,
LARUTAN PENYEGAR CAP BADAK STW CAN,8999988888828,code128,,S0002,Pcs,Pcs,Box (24),5225,7500,24,,,,,,bukan_konsi,,,,,
KAPAL API KOPI SUSU 10X31G,8991002105676,code128,,S0002,Pcs,Pcs,Box (12),10500,14000,6,,,,,,bukan_konsi,,,,,
NUTRIJELL JELLYPWDR ORANGE 15GR,8992933212112,code128,,S0005,Pcs,Pcs,Box (12),4500,5500,12,,,,,,bukan_konsi,,,,,
NU GREEN TEA MADU 450ML,8992388101023,code128,,S0002,Pcs,Pcs,Box (24),4666,7000,24,,,,,,bukan_konsi,,,,,
MOISTA BAGELAN ,moista12000,code128,,S0005,Pack,Pack,Box,10000,12000,10,,,,,,bukan_konsi,,,,,
SO KLIN LIQ SOFTERG PCH 400ML,8998866609173,code128,,S0004,Pcs,Pcs,Box (6),7181,9000,12,,,,,,bukan_konsi,,,,,
VANISH CAIR POUCH 150ML,8993560033293,code128,,S0004,Pcs,Pcs,Box (6),4363,6000,12,,,,,,bukan_konsi,,,,,
EMERON HBL SWEET MANGIR 100ML,8998866101509,code128,,S0004,Pcs,Pcs,Box (6),3000,4500,12,,,,,,bukan_konsi,,,,,
EMERON HBL SWEET AVOCADO 100ML,8998866104371,code128,,S0004,Pcs,Pcs,Box (6),3000,4500,12,,,,,,bukan_konsi,,,,,
EMERON HBL SWEET BENGKUANG 100ML,8998866101486,code128,,S0004,Pcs,Pcs,Box (6),3000,4500,12,,,,,,bukan_konsi,,,,,
EMERON HBL SWEET WILDROSE 100ML,8998866101516,code128,,S0004,Pcs,Pcs,Box (6),3000,4500,12,,,,,,bukan_konsi,,,,,
IMPERIAL BMIST BLUE 100ML,8998103013596,code128,,S0004,Pcs,Pcs,Box (5),15000,17500,10,,,,,,bukan_konsi,,,,,
IMPERIAL BMIST WHITE 100ML,8998103013572,code128,,S0004,Pcs,Pcs,Box (5),15000,17500,10,,,,,,bukan_konsi,,,,,
LOVELY HBL WHITE JEJU ORANGE 120ML,8998866105491,code128,,S0004,Pcs,Pcs,Box (5),4545,6000,10,,,,,,bukan_konsi,,,,,
FIESTA WHITE TEA JASMIN 450ML,8994913000016,code128,,S0002,Pcs,Pcs,Box,4125,6500,24,,,,,,bukan_konsi,,,,,
FIESTA WHITE TEA PEACH 450ML,8994913000030,code128,,S0002,Pcs,Pcs,Box,3750,5000,24,,,,,,bukan_konsi,,,,,
FIESTA WHITE TEA LYCHEE 450ML,8994913000023,code128,,S0002,Pcs,Pcs,Box,4125,6000,0,,,,,,bukan_konsi,,,,,
FIESTA WHITE TEA JASMIN 350ML,8994913000290,code128,,S0002,Pcs,Pcs,Box (24),2133,4000,24,,,,,,bukan_konsi,,,,,
RTD KAPAL API SPECIAL MIX,RTDKOPIHITAM,code128,,S0002,Pcs,Pcs,Box,1,4000,0,,,,,,bukan_konsi,,,,,
EMPING KERUPUK,emping,code128,,S0005,Pcs,Pcs,Box,5000,6500,25,,,,,,bukan_konsi,,,,,
MASTER SPRAY COL AQUA BLUE 100ML,8993417142277,code128,,S0004,Pcs,Pcs,Box,13149,16000,3,,,,,,bukan_konsi,,,,,
MASTER SPRAY COL BLACK MUSK 100ML,8993417142284,code128,,S0004,Pcs,Pcs,Box,13149,16000,3,,,,,,bukan_konsi,,,,,
MASTER SPRAY COL ELECTRIC AMBER 100,8993417145261,code128,,S0004,Pack,Pack,Box,13350,16000,3,,,,,,bukan_konsi,,,,,
MASTER SPRAY COL RED WOOD 100ML,8993417142291,code128,,S0004,Pcs,Pcs,Box,13149,16000,3,,,,,,bukan_konsi,,,,,
MASTER SPRAY COL GREEN FOUGRE 100ML,8993417145254,code128,,S0004,Pcs,Pcs,Box,13149,16000,3,,,,,,bukan_konsi,,,,,
ESKULIN MIST COL.DONALD 100ML,8993417372223,code128,,S0004,Pcs,Pcs,Box,12777,15000,6,,,,,,bukan_konsi,,,,,
ESKULIN MIST COL.MICKEY 100ML,8993417372216,code128,,S0004,Pcs,Pcs,Box,9272,12500,12,,,,,,bukan_konsi,,,,,
ESKULIN MIST COL.MINNIE 100ML,8993417372230,code128,,S0004,Pcs,Pcs,Box,12777,15000,6,,,,,,bukan_konsi,,,,,
RESIK-V AROMA ANGGREK 90ML,8993417162138,code128,,S0004,Pcs,Pcs,Box,7649,10500,3,,,,,,bukan_konsi,,,,,
RESIK-V AROMA KENANGA 90ML,8993417162121,code128,,S0004,Pcs,Pcs,Box,7649,10500,10,,,,,,bukan_konsi,,,,,
RESIK-V SABUN SIRIH 90ML,8993417162114,code128,,S0004,Pcs,Pcs,Box,7649,10500,0,,,,,,bukan_konsi,,,,,
ESKULIN B.MIST P.BLOSSOM 125ML,8993417115219,code128,,S0004,Pcs,Pcs,Box,15699,18500,3,,,,,,bukan_konsi,,,,,
ESKULIN B.MIST B.TEMPTATION 125ML,8993417115226,code128,,S0004,Pcs,Pcs,Box,15699,18000,3,,,,,,bukan_konsi,,,,,
ESKULIN B.MIST D.PURPLE 125ML,8993417115233,code128,,S0004,Pcs,Pcs,Box,15699,18000,3,,,,,,bukan_konsi,,,,,
ESKULIN B.MIST S.YELLOW 125ML,8993417115240,code128,,S0004,Pcs,Pcs,Box,15699,17500,4,,,,,,bukan_konsi,,,,,
ESKULIN B.MIST G.FANTASY 125ML,8993417115257,code128,,S0004,Pcs,Pcs,Box,15699,17500,4,,,,,,bukan_konsi,,,,,
PANDA LIANG TEH WRAP 310ML CAN,8995227500377,code128,,S0002,Pcs,Pcs,Box (12),3562,5500,24,,,,,,bukan_konsi,,,,,
CAP PANDA CINCAU 310ML,8995227500582,code128,,S0002,Pcs,Pcs,Box (12),3918,6000,12,,,,,,bukan_konsi,,,,,
PANTHER ENERGY LAVA BLAST 250ML,8995227501916,code128,,S0002,Pcs,Pcs,Box (24),2200,4000,48,,,,,,bukan_konsi,,,,,
PANTHER ENERGY POWER RED 250ML,8995227501121,code128,,S0002,Pcs,Pcs,Box (24),2200,4000,48,,,,,,bukan_konsi,,,,,
CAP KAKI TIGA JAMBU BIJI 320ML CAN,8995227500247,code128,,S0002,Pcs,Pcs,Box (24),5124,7000,24,,,,,,bukan_konsi,,,,,
CAP KAKI TIGA ORANGE 320ML CAN,8995227500308,code128,,S0002,Pcs,Pcs,Box (24),5124,7000,24,,,,,,bukan_konsi,,,,,
CAP KAKI TIGA STRAWBERRY 320ML CAN,8995227500254,code128,,S0002,Pcs,Pcs,Box (24),5124,7000,12,,,,,,bukan_konsi,,,,,
CAP KAKI TIGA MELON 320ML CAN,8995227500292,code128,,S0002,Pcs,Pcs,Box (24),5124,7000,24,,,,,,bukan_konsi,,,,,
CAP KAKI TIGA ORIGINAL 200ML BTL,8995227500124,code128,,S0002,Pcs,Pcs,Box (48),2640,5000,48,,,,,,bukan_konsi,,,,,
CAP KAKI TIGA ORIGINAL 500ML BTL,8995227500261,code128,,S0002,Pcs,Pcs,Box (24),5874,8000,24,,,,,,bukan_konsi,,,,,
KAKI 3 FROZEN B.CURRANT 250ML BTL,8995227502098,code128,,S0002,Pcs,Pcs,Box (12),3507,4500,24,,,,,,bukan_konsi,,,,,
CAP KAKI TIGA ANAK STRW 2500ML CAN,8995227501015,code128,,S0002,Pcs,Pcs,Box (6),4291,6500,8,,,,,,bukan_konsi,,,,,
CAP KAKI TIGA ANAK LYCHE 2500ML CAN,8995227500995,code128,,S0002,Pcs,Pcs,Box (6),4291,6500,0,,,,,,bukan_konsi,,,,,
AMPLOP NEURO F4 ECER,AMPLOPF4,code128,,S0009,Pcs,Pcs,Box (50),580,1000,0,,,,,,bukan_konsi,,,,,
ESSE MENTHOL ,8997032821029,code128,,S0007,Pcs,Pcs,Box (10),20500,23000,10,,,,,,bukan_konsi,,,,,
ESSE BLUE,8997032821012,code128,,S0007,Pcs,Pcs,Box (10),22500,25000,10,,,,,,bukan_konsi,,,,,
"TEH BOTOL HIJAU 10,S",8886007811014,code128,,S0005,Pcs,Pcs,Box,4900,5500,50,,,,,,bukan_konsi,,,,,
LAURIER RELAX NT WG 30CM 16'S,8851818936812,code128,,S0004,Pcs,Pcs,Box,14454,16500,6,,,,,,bukan_konsi,,,,,
KRISBEE FRENCH FRIES 38G,8998866201360,code128,,S0005,Pcs,Pcs,Box (12),2090,3000,24,,,,,,bukan_konsi,,,,,
REBO KWACI SUPER MILK 150GR,8995108500052,code128,,S0005,Pcs,Pcs,Box,12333,17500,24,,,,,,bukan_konsi,,,,,
Q TELA KRIPIK TEMPE ORI 60G,89686611908,code128,,S0005,Pcs,Pcs,Box (24),5099,6500,12,,,,,,bukan_konsi,,,,,
QTELA KRIPIK TEMPE CABE RAWIT 60G,89686611854,code128,,S0005,Pcs,Pcs,Box (24),5099,6500,15,,,,,,bukan_konsi,,,,,
Q TELA KRIPIK TEMPE DAUN JERUK 60G,89686611922,code128,,S0005,Pcs,Pcs,Box (24),4899,6500,12,,,,,,bukan_konsi,,,,,
MONDE GENJIE PIE 70GR,8888166842557,code128,,S0005,Pcs,Pcs,Box (12),7291,10000,12,,,,,,bukan_konsi,,,,,
ROMA CHEESE KRESS 200GR,8996001301685,code128,,S0005,Pcs,Pcs,Box (12),7250,9000,24,,,,,,bukan_konsi,,,,,
UNICHON NAPHTHALENE 100GR,8992911811009,code128,,S0004,Pcs,Pcs,Box (12),5818,7000,24,,,,,,bukan_konsi,,,,,
LM KAPUR BARUS WARNA 5'S ,8991899901191,code128,,S0004,Pcs,Pcs,Box (6),12636,14500,12,,,,,,bukan_konsi,,,,,
CHARM SAFE NIGHT 10PADS,8993189230103,code128,,S0004,Pcs,Pcs,Box (12),8200,12500,0,,,,,,bukan_konsi,,,,,
CHOICE L COTTON BUDS 100'S,KATENBAT,code128,,S0004,Pcs,Pcs,Box (5),3000,4500,10,,,,,,bukan_konsi,,,,,
POLO PEPPERMINT ROLLS 24G,89926581,code128,,S0005,Pcs,Pcs,Box (12),907,2000,10,,,,,,bukan_konsi,,,,,
GO FRESS STRAWBERRY,8997009070177,code128,,S0005,Pcs,Pcs,Box (10),6921,9000,5,,,,,,bukan_konsi,,,,,
KONICARE MINYAK TELON BTL 60ML,8998667400283,code128,,S0003,Pcs,Pcs,Box (3),19056,22500,0,,,,,,bukan_konsi,,,,,
MY BABY MNYK TELON PLUS 60ML,8999908204202,code128,,S0003,Pcs,Pcs,Box (6),14500,16500,6,,,,,,bukan_konsi,,,,,
BERAS CAP TANAK 5KG ,8997015440025,code128,,S0005,Pack,Pack,Box,60000,70000,10,,,,,,bukan_konsi,,,,,
HATARI PEANUT JAM 250GR,4711036008569,code128,,S0005,Pcs,Pcs,Box (24),7333,9500,0,,,,,,bukan_konsi,,,,,
HATARI VANILLA 250GR,4711036014218,code128,,S0005,Pcs,Pcs,Box (24),7333,9500,0,,,,,,bukan_konsi,,,,,
HATARI SEE HONG PUFF ORI 260GR,4711036008200,code128,,S0005,Pcs,Pcs,Box (36),5352,8000,0,,,,,,bukan_konsi,,,,,
MIRAGE FOLIO 100SHT,8991389211526,code128,,S0009,Pcs,Pcs,Box,10500,14000,0,,,,,,bukan_konsi,,,,,
MIRAGE FOLIO 200SHT,8991389211564,code128,,S0009,Pcs,Pcs,Box,19800,25000,0,,,,,,bukan_konsi,,,,,
GERY SALUT MALKIST COCONUT 110G,8992775305102,code128,,S0005,Pcs,Pcs,Box (20),5500,7500,0,,,,,,bukan_konsi,,,,,
GARUDA PILUS RASA SAPI PANGGN 56G,8992775211540,code128,,S0005,Pcs,Pcs,Box (20),1454,2900,40,,,,,,bukan_konsi,,,,,
TELUR GABUS SNACK,TELURGABUS,code128,,S0005,Pack,Pack,Box,9000,12500,7,,,,,,bukan_konsi,,,,,
NEW PRISTINE 400ML ,8999510785540,code128,,S0002,Pcs,Pcs,Box (24),2466,4500,24,,,,,,bukan_konsi,,,,,
KIYORA GREEN TEA 500ML,8994947000013,code128,,S0002,Pcs,Pcs,Box,4000,6000,24,,,,,,bukan_konsi,,,,,
KIYORA EXTRA GREEN TEA 500ML,8994947000075,code128,,S0002,Pcs,Pcs,Box,4000,5500,8,,,,,,bukan_konsi,,,,,
MOGU-MOGU NATA DE COCO STRAWBERRY,8850389108055,code128,,S0002,Pcs,Pcs,Box,6850,10000,12,,,,,,bukan_konsi,,,,,
KIYORA HAZELNUT MILK TEA 300ML,8994947000136,code128,,S0002,Pcs,Pcs,Box,5250,7500,24,,,,,,bukan_konsi,,,,,
MOGU-MOGU NATA DE COCO LYCHEE,8850389108062,code128,,S0002,Pcs,Pcs,Box,5357,10000,6,,,,,,bukan_konsi,,,,,
MOGU-MOGU NATA DE COCO COCONUT,8850389108277,code128,,S0002,Pcs,Pcs,Box,4166,10000,10,,,,,,bukan_konsi,,,,,
COCODAY 250ML,8997204240016,code128,,S0002,Pcs,Pcs,Box,4600,6500,24,,,,,,bukan_konsi,,,,,
Bfree WATER HEALTHY 500ML,bFREE,code128,,S0002,Pcs,Pcs,Box,7000,10000,10,,,,,,bukan_konsi,,,,,
RP KENCUR,rpkencur,code128,,S0002,Pack,Pack,Box,7000,12000,5,,,,,,bukan_konsi,,,,,
RP DAUN SIRSAT LEMPUYANG,RPDAUNSIRSATLEMPUYANG,code128,,S0002,Pcs,Pcs,Box,7000,12000,5,,,,,,bukan_konsi,,,,,
RP CABE LEMPUYANG,RPCABELEMPUYANG,code128,,S0002,Pack,Pack,Box,7000,12000,5,,,,,,bukan_konsi,,,,,
RP KUNYIT,RPKUNYIT,code128,,S0002,Pack,Pack,Box,7000,12000,5,,,,,,bukan_konsi,,,,,
RP TEMULAWAK,RPTEMULAWAK,code128,,S0002,Pack,Pack,Box,7000,12000,0,,,,,,bukan_konsi,,,,,
RP JAHE MERAH,RPJAHEMERAH,code128,,S0002,Pack,Pack,Box,24550,28000,20,,,,,,bukan_konsi,,,,,
RTD RP JAHE MERAH,RTDJAHEMERAH,code128,,S0002,Pcs,Pcs,Box,1,5000,12,,,,,,bukan_konsi,,,,,
GUNTING KUKU SILVER KCL,kuku,code128,,S0009,Pcs,Pcs,Box,5000,7500,24,,,,,,bukan_konsi,,,,,
SCOTCH BRITE SPONS,8992806000303,code128,,S0004,Pcs,Pcs,Box (12),7863,9500,24,,,,,,bukan_konsi,,,,,
SAVE L SCOURER SPONGE,SPONS,code128,,S0004,Pcs,Pcs,Box (12),2560,4500,24,,,,,,bukan_konsi,,,,,
SWALLOW NAPHTHALINE 35GR,8886020001119,code128,,S0004,Pcs,Pcs,Box (12),2716,4500,10,,,,,,bukan_konsi,,,,,
BAGUS KAPUR BARUS 150GR,8886020036029,code128,,S0004,Pcs,Pcs,Box (12),11950,14000,6,,,,,,bukan_konsi,,,,,
SWALLOW TOILET BALL,8886020001096,code128,,S0004,Pcs,Pcs,Box (12),17000,21000,0,,,,,,bukan_konsi,,,,,
SEAGULL NAPTH TOILET BALL,8886012895351,code128,,S0004,Pcs,Pcs,Box (10),6954,8000,20,,,,,,bukan_konsi,,,,,
SOFEL BUNGA GERANIUM TB 50GR,8992772027014,code128,,S0004,Pcs,Pcs,Box,8727,9500,3,,,,,,bukan_konsi,,,,,
SOFFEL BENGKOANG BOTOL 80ML,8992772635028,code128,,S0004,Pcs,Pcs,Box,11727,12500,4,,,,,,bukan_konsi,,,,,
NANO NANO KULIT JERUK ,8998685021002,code128,,S0005,Pcs,Pcs,Box (30),1401,2500,30,,,,,,bukan_konsi,,,,,
POTABEE SEAWEED 15G,8998866201476,code128,,S0005,Pcs,Pcs,Box (24),3090,4500,48,,,,,,bukan_konsi,,,,,
KISPRAY VIOLET REFILL 300ML,8992772198042,code128,,S0004,Pcs,Pcs,Box,4400,6500,0,,,,,,bukan_konsi,,,,,
KISPRAY AMORIS REFILL 300ML,8992772198011,code128,,S0004,Pcs,Pcs,Box,4180,6500,0,,,,,,bukan_konsi,,,,,
KISPRAY SEGERIS REFILL 300ML,8992772198028,code128,,S0004,Pcs,Pcs,Box,4400,6500,0,,,,,,bukan_konsi,,,,,
PANADOL EXTRA MERAH 10'S,8992695110206,code128,,S0005,Pcs,Pcs,Box,8000,11500,10,,,,,,bukan_konsi,,,,,
ULTRA MILK STRAWBERRY 200ML,8998009010576,code128,,S0002,Pcs,Pcs,Box (24),3496,4500,48,,,,,,bukan_konsi,,,,,
OBH COMBI MENTHOL 100ML,8993113011051,code128,,S0003,Pcs,Pcs,Box,11500,16000,6,,,,,,bukan_konsi,,,,,
PERMEN TOLAK ANGIN SAC,8998898823905,code128,,S0005,Pcs,Pcs,Box,1500,3000,0,,,,,,bukan_konsi,,,,,
GOOD DAY AVOCADO DELIGHT 250ML,8991002121065,code128,,S0002,Pcs,Pcs,Box (24),4958,7500,24,,,,,,bukan_konsi,,,,,
TORABIKA MOCCA 10X28G,8996001410042,code128,,S0002,Pack,Pack,Box (12),8708,12500,6,,,,,,bukan_konsi,,,,,
WRIGLEY J FRUIT 13.5G,9555192501305,code128,,S0005,Pcs,Pcs,Box (20),2098,3500,20,,,,,,bukan_konsi,,,,,
KAPRI,KAPRI,code128,,S0005,Pcs,Pcs,Box,9000,10000,4,,,,,,bukan_konsi,,,,,
KENCUR,KENCUR,code128,,S0005,Pcs,Pcs,Box,5000,6000,5,,,,,,bukan_konsi,,,,,
KUNYIT,KUNYIT,code128,,S0005,Pcs,Pcs,Box,5000,6000,2,,,,,,bukan_konsi,,,,,
OKRA,OKRA,code128,,S0005,Pcs,Pcs,Box,7000,8000,6,,,,,,bukan_konsi,,,,,
TERONG TELUNJUK,TERONGTELUNJUK,code128,,S0005,Pcs,Pcs,Box,6000,7000,2,,,,,,bukan_konsi,,,,,
TOMAT CHERRY,TOMATCHERY,code128,,S0005,Pcs,Pcs,Box,9000,10000,4,,,,,,bukan_konsi,,,,,
CAISIM,CAISIM,code128,,S0005,Pcs,Pcs,Box,2000,2500,5,,,,,,bukan_konsi,,,,,
kembangkol,kembangkol,code128,,S0005,Pcs,Pcs,Box,8333,10000,3,,,,,,bukan_konsi,,,,,
MELON,MELON,code128,,S0005,Pcs,Pcs,Box,5000,6000,0,,,,,,bukan_konsi,,,,,
SEMANGKA,SEMANGKA,code128,,S0005,Pcs,Pcs,Box,4000,5000,5,,,,,,bukan_konsi,,,,,
BUTRNUT 7000,BUTERNUT7000,code128,,S0005,Pcs,Pcs,Box,6000,7000,5,,,,,,bukan_konsi,,,,,
BUTERNUT 12000,BUTTERNUT10000,code128,,S0010,Pcs,Pcs,Box,10000,12000,10,,,,,,bukan_konsi,,,,,
BUNGA BAWANG,BUNGABAWANG,code128,,S0010,Pcs,Pcs,Box,3000,4000,0,,,,,,bukan_konsi,,,,,
ANEKA BUMBU,ANEKABUMBU,code128,,S0005,Pcs,Pcs,Box (12),4000,5000,0,,,,,,bukan_konsi,,,,,
ROMA SARI GANDUM ROLL 149GR,8996001302248,code128,,S0005,Pack,Pack,Box,4750,7000,20,,,,,,bukan_konsi,,,,,
BETTER VANILLA BISC.22GR,8996001318430,code128,,S0005,Pcs,Pcs,Box,792,1500,40,,,,,,bukan_konsi,,,,,
CAMPINA PETIT COKLAT 35ML,8998009720420,code128,,S0005,Pcs,Pcs,Box,1542,3000,35,,,,,,bukan_konsi,,,,,
CAMPINA SPONGBOB STIK 90ML,8998009720611,code128,,S0005,Pcs,Pcs,Box,3600,6000,21,,,,,,bukan_konsi,,,,,
CAMPINA FANTASY STROBERI 55ML,6510128971013,code128,,S0005,Pcs,Pcs,Box,1454,2500,30,,,,,,bukan_konsi,,,,,
CAMPINA BLUEJACK DIDI COKLAT 65ML,8998009700163,code128,,S0005,Pcs,Pcs,Box,2181,4000,30,,,,,,bukan_konsi,,,,,
CAMPINA TROPICANA COK VNILA 65ML,8998009720017,code128,,S0005,Pcs,Pcs,Box,3600,5500,30,,,,,,bukan_konsi,,,,,
CAMPINA HAPPY COW CUP 85ML,8998009700484,code128,,S0005,Pcs,Pcs,Box,5600,7500,18,,,,,,bukan_konsi,,,,,
CAMPINA HULA-HULA KAC. HIJAU 50ML,8998009720123,code128,,S0005,Pcs,Pcs,Box,3200,5000,45,,,,,,bukan_konsi,,,,,
CAMPINA TROP.COK CARAMEL 70ML ,8998009971051,code128,,S0005,Pcs,Pcs,Box,3272,4500,30,,,,,,bukan_konsi,,,,,
CAMPINA CONCERTO CHOC PASSION 110ML,8998009710063,code128,,S0005,Pcs,Pcs,Box,6000,8500,18,,,,,,bukan_konsi,,,,,
CAMPINA HEART 85ML,8998009720086,code128,,S0005,Pcs,Pcs,Box,3600,6000,0,,,,,,bukan_konsi,,,,,
CAMPINA FANTASY APEL 55ML,8998009971006,code128,,S0005,Pcs,Pcs,Box,1599,3500,30,,,,,,bukan_konsi,,,,,
CAMPINA BERRY SENSATION 350ML,8998009760860,code128,,S0005,Pcs,Pcs,Box,14545,16500,2,,,,,,bukan_konsi,,,,,
CAMPINA HULA-HULA KOPYOR 350ML,8998009760792,code128,,S0005,Pcs,Pcs,Box,16727,18500,5,,,,,,bukan_konsi,,,,,
CAMPINA BLUEBERRY CHOCO CHUNK 350ML,8998009760730,code128,,S0005,Pcs,Pcs,Box,14545,16500,2,,,,,,bukan_konsi,,,,,
J FOOD TEPUNG ROTI PUTIH 250GR,8995083803162,code128,,S0005,Pcs,Pcs,Box,12740,14500,6,,,,,,bukan_konsi,,,,,
CAMPINA FANTASY STRW 55ML ,8998009971013,code128,,S0005,Pcs,Pcs,Box,1550,3000,30,,,,,,bukan_konsi,,,,,
SINAR DUNIA A4 BLUE ,8991389291252,code128,,S0004,Pack,Pack,Box,38000,42500,6,,,,,,bukan_konsi,,,,,
SINAR DUNIA A4 PINK,8991389291276,code128,,S0004,Pack,Pack,Box,38000,42500,6,,,,,,bukan_konsi,,,,,
SINAR DUNIA A4 YELLOW,8991389291283,code128,,S0004,Pack,Pack,Box,38000,42500,6,,,,,,bukan_konsi,,,,,
SINAR DUNIA A4 GREEN,8991389291269,code128,,S0004,Pack,Pack,Box,38000,42500,6,,,,,,bukan_konsi,,,,,
CUCIWIS,CUCIWIS,code128,,S0010,Pcs,Pcs,Box,7000,8000,0,,,,,,bukan_konsi,,,,,
KENTANG GRANOLA,KENTANGGRANOLA,code128,,S0010,Pcs,Pcs,Box,18000,20000,0,,,,,,bukan_konsi,,,,,
LABU 4500,LABU4500,code128,,S0010,Pcs,Pcs,Box,3500,4500,0,,,,,,bukan_konsi,,,,,
LABU SIAM ACAR,LABUSIAMACAR,code128,,S0010,Pcs,Pcs,Box,5000,6000,0,,,,,,bukan_konsi,,,,,
SAWI PUTIH,SAWIPUTIH,code128,,S0010,Pcs,Pcs,Box,2500,3500,0,,,,,,bukan_konsi,,,,,
TERONG UNGU 3000,terongungu3000,code128,,S0010,Pcs,Pcs,Box,2500,3000,0,,,,,,bukan_konsi,,,,,
TERONG UNGU 3500,TERONGUNGU3500,code128,,S0010,Pcs,Pcs,Box,2500,3500,2,,,,,,bukan_konsi,,,,,
BUTERNUT 17500,BUTERNUT17500,code128,,S0010,Pcs,Pcs,Box,16500,17500,0,,,,,,bukan_konsi,,,,,
PIATOS SAPI PGG 50GR,8996196000455,code128,,S0005,Pcs,Pcs,Box,4519,6500,30,,,,,,bukan_konsi,,,,,
POTABEE SEAWEED35GR,8998866201483,code128,,S0005,Pcs,Pcs,Box,4900,6500,12,,,,,,bukan_konsi,,,,,
NPP SAPI LADA HITAM,NPPSALH,code128,,S0012,Pcs,Pcs,Box,10800,27000,0,,,,,,bukan_konsi,,,,,
NPP SOSIS LADA HITAM,NPPSOLH,code128,,S0012,Pcs,Pcs,Box,9200,23000,0,,,,,,bukan_konsi,,,,,
NPP KALIO RENDANG,NPPKR,code128,,S0012,Pcs,Pcs,Box,10800,27000,0,,,,,,bukan_konsi,,,,,
NPP AYAM JAMUR,NPPAJ,code128,,S0012,Pcs,Pcs,Box,9200,23000,0,,,,,,bukan_konsi,,,,,
NPP AYAM JAMUR CEKER,NPPAJC,code128,,S0012,Pcs,Pcs,Box,9200,23000,0,,,,,,bukan_konsi,,,,,
KUSUKA KR SINGKONG RUMPUT LAUT 60G,653314504513,code128,,S0005,Pcs,Pcs,Box,4700,6500,5,,,,,,bukan_konsi,,,,,
KUSUKA KR SINGKONG KEJU BAKAR 60G,53314502234,code128,,S0005,Pcs,Pcs,Box,4500,6000,15,,,,,,bukan_konsi,,,,,
Q TELLA BARBEQUE 180GR,89686611649,code128,,S0005,Pcs,Pcs,Box,9727,13000,10,,,,,,bukan_konsi,,,,,
ANTIS TIMUN SPRAY 60ML,8992772265010,code128,,S0005,Pcs,Pcs,Box,11220,15000,6,,,,,,bukan_konsi,,,,,
GATSBY STYLING WAX HARAJUKU,8992222051613,code128,,S0004,Pcs,Pcs,Box,13181,15500,0,,,,,,bukan_konsi,,,,,
OISHI UDANG PEDAS70G,8997004301184,code128,,S0005,Pcs,Pcs,Box,5100,7500,10,,,,,,bukan_konsi,,,,,
BIORE BF MENS SPRK BL 100ML,8992727003810,code128,,S0004,Pcs,Pcs,Box,5999,7500,3,,,,,,bukan_konsi,,,,,
BIORE BF MENS ENERGZNG100ML,8992727002851,code128,,S0004,Pcs,Pcs,Box,5999,7500,3,,,,,,bukan_konsi,,,,,
ROA SAMBAL IKAN ASIN,ROASAMBELIKANASIN,code128,,S0005,Pcs,Pcs,Box,40000,50000,5,,,,,,bukan_konsi,,,,,
BIORE BF MENS RFRS COOL 100ML,8992727001670,code128,,S0004,Pcs,Pcs,Box,5999,7500,3,,,,,,bukan_konsi,,,,,
ROA SAMBEL REGULER ,ROASAMBELREGULER,code128,,S0005,Pcs,Pcs,Box,40000,50000,5,,,,,,bukan_konsi,,,,,
INDOMILK UHT STRAWBERRY 190ML,8993007000109,code128,,S0002,Pcs,Pcs,Box,2909,4500,0,,,,,,bukan_konsi,,,,,
INDOMILK UHT VANILLA 190ML,8993007000024,code128,,S0002,Pcs,Pcs,Box,2909,4500,0,,,,,,bukan_konsi,,,,,
STELLA ODOUR PURE&FRESH 400ML,8992745320739,code128,,S0003,Pcs,Pcs,Box,18578,22500,6,,,,,,bukan_konsi,,,,,
STELLA A THERAPY ROSE 400ML,8992745320180,code128,,S0003,Pcs,Pcs,Box,18584,22000,6,,,,,,bukan_konsi,,,,,
HIT AER LEMON 225ML,8992745129400,code128,,S0003,Pcs,Pcs,Box,12992,15500,3,,,,,,bukan_konsi,,,,,
HIT AER ORANGE 225ML,8992745120407,code128,,S0003,Pcs,Pcs,Box,12992,15500,3,,,,,,bukan_konsi,,,,,
HIT AER GREEN TEA 225ML,8992745120858,code128,,S0003,Pcs,Pcs,Box,12992,15500,3,,,,,,bukan_konsi,,,,,
HIT AER POME 225ML,8992745130291,code128,,S0003,Pcs,Pcs,Box,12992,15500,30,,,,,,bukan_konsi,,,,,
STELLA A THERAPY ROSE 250ML,8992745320319,code128,,S0003,Pcs,Pcs,Box,12181,15500,3,,,,,,bukan_konsi,,,,,
HIT ONE PUSH GREEN TEA 10ML,8992745326793,code128,,S0003,Pcs,Pcs,Box,19856,22500,6,,,,,,bukan_konsi,,,,,
HIT ONE PUSH LILY BLOSOM 10ML,8992745705345,code128,,S0003,Pcs,Pcs,Box,19856,22500,6,,,,,,bukan_konsi,,,,,
HIT ONE PUSH ORANGE 10ML,8992745326809,code128,,S0003,Pcs,Pcs,Box,19856,22500,6,,,,,,bukan_konsi,,,,,
BROKOLY 10000,BROKOLY10000,code128,,S0010,Pcs,Pcs,Box,9000,11000,0,,,,,,bukan_konsi,,,,,
JAMUR MERANG,JAMURMERANG,code128,,S0010,Pcs,Pcs,Box,13000,15000,0,,,,,,bukan_konsi,,,,,
MAWAR LAUNDRY PELICIN & PENGHARUM,mawar,code128,,S0003,Pcs,Pcs,Box,25000,30000,40,,,,,,bukan_konsi,,,,,
MARJAN SYRUP COCOPANDAN 500ML,8998888110114,code128,,S0003,Pcs,Pcs,Box,16500,20000,12,,,,,,bukan_konsi,,,,,
PARE 7000,PARE7000,code128,,S0010,Pcs,Pcs,Box,4000,7000,0,,,,,,bukan_konsi,,,,,
PARE 6000,PARE6000,code128,,S0010,Pcs,Pcs,Box,4000,6000,0,,,,,,bukan_konsi,,,,,
PARE 5000,pare4500,code128,,S0010,Pcs,Pcs,Box,4000,4500,0,,,,,,bukan_konsi,,,,,
LABU 4000,LABU4000,code128,,S0010,Pcs,Pcs,Box,3000,4000,0,,,,,,bukan_konsi,,,,,
LABU 2500,LABU2500,code128,,S0010,Pcs,Pcs,Box,1500,2500,0,,,,,,bukan_konsi,,,,,
DETTOL SOAP ORIGINAL 65GR,8993560024994,code128,,S0003,Pcs,Pcs,Box,3114,4500,6,,,,,,bukan_konsi,,,,,
DETTOL SOAP COOL 65GR,8993560025014,code128,,S0003,Pcs,Pcs,Box,3114,4500,6,,,,,,bukan_konsi,,,,,
DETTOL SOAP SENSITIF 65GR,8993560024116,code128,,S0003,Pcs,Pcs,Box,2634,3500,12,,,,,,bukan_konsi,,,,,
DETTOL SOAP FRESH 65GR,8993560025038,code128,,S0003,Pcs,Pcs,Box,3114,4500,6,,,,,,bukan_konsi,,,,,
VANISH CAIR BTL 180ML,8993560033286,code128,,S0003,Pcs,Pcs,Box,5662,7500,6,,,,,,bukan_konsi,,,,,
DETTOL BW SKINCARE 100ML,8993560026646,code128,,S0003,Pcs,Pcs,Box,9083,11500,6,,,,,,bukan_konsi,,,,,
DETTOL BW ORIGINAL 100ML,8993560026400,code128,,S0003,Pcs,Pcs,Box,9492,12500,6,,,,,,bukan_konsi,,,,,
DETTOL BW SENSITIVE 100ML,8993560026639,code128,,S0003,Pcs,Pcs,Box,9492,12500,6,,,,,,bukan_konsi,,,,,
STREPSIL STRAWBERRY 6S,8993560155179,code128,,S0005,Pcs,Pcs,Box,4954,6500,12,,,,,,bukan_konsi,,,,,
STREPSIL ORIGINAL 8S,95506296,code128,,S0005,Pcs,Pcs,Box,9560,12500,6,,,,,,bukan_konsi,,,,,
MADU GEMUK BADAN 350GR,MGB,code128,,S0003,Pcs,Pcs,Box,85000,99000,0,,,,,,bukan_konsi,,,,,
GULAKU KUNING 1/2 KG,8995177108883,code128,,S0001,Pcs,Pcs,Box (40),5900,8500,40,,,,,,bukan_konsi,,,,,
GULAKU PUTIH 1/2 KG,8995177109996,code128,,S0003,Pcs,Pcs,Box (40),5900,8500,40,,,,,,bukan_konsi,,,,,
GULAKU POUCH PUTIH 750GR,8995177106889,code128,,S0001,Pcs,Pcs,Box (12),10900,13000,24,,,,,,bukan_konsi,,,,,
ROMA WFR VANILLA TWIST 53GR,8996001350539,code128,,S0005,Pcs,Pcs,Box,1580,2500,30,,,,,,bukan_konsi,,,,,
ROMA WFR CHOCHO BLAST 53GR,8996001350522,code128,,S0005,Pcs,Pcs,Box,815,1000,12,,,,,,bukan_konsi,,,,,
ZUPERR KEJU PROMO 8GR,8996001350416,code128,,S0005,Pcs,Pcs,Box,410,1000,40,,,,,,bukan_konsi,,,,,
STELLA BATHROOM FRESH GREEN 70G,8992745325024,code128,,S0004,Pcs,Pcs,Box,7271,9500,3,,,,,,bukan_konsi,,,,,
STELLA BATHROOM FRESH COOL BLUE 70G,8992745325031,code128,,S0004,Pcs,Pcs,Box,7271,9500,3,,,,,,bukan_konsi,,,,,
STELLA BATHROOM PASSION RED 70G,8992745325017,code128,,S0004,Pcs,Pcs,Box,7271,9500,3,,,,,,bukan_konsi,,,,,
STELLA ALL IN ONE LEMON 70GR,8992745320784,code128,,S0004,Pcs,Pcs,Box,8584,11500,0,,,,,,bukan_konsi,,,,,
STELLA ALL IN ONE ORANGE 70GR,8992745320050,code128,,S0004,Pcs,Pcs,Box,8584,11500,3,,,,,,bukan_konsi,,,,,
STELLA ALL IN ONE APPLE 70GR,8992745320067,code128,,S0004,Pcs,Pcs,Box,8584,11000,4,,,,,,bukan_konsi,,,,,
STELLA ALL IN ONE JERUK 70GR,8992745320685,code128,,S0004,Pcs,Pcs,Box,8767,11500,0,,,,,,bukan_konsi,,,,,
STELLA ALL IN ONE BOUGENVILLE 70GR,8992745320074,code128,,S0004,Pcs,Pcs,Box,8584,11500,0,,,,,,bukan_konsi,,,,,
STELLA ALL IN ONE SENSATION 70GR,8992745320135,code128,,S0004,Pcs,Pcs,Box,8760,11500,3,,,,,,bukan_konsi,,,,,
STELLA MATIC REFILL 225 ML FRU FIES,8992745320142,code128,,S0004,Pcs,Pcs,Box,26661,29500,3,,,,,,bukan_konsi,,,,,
POLYTEX SABUT SPONS,8992742370683,code128,,S0004,Pcs,Pcs,Box,1940,4000,24,,,,,,bukan_konsi,,,,,
POLYTEX SABUT NILON ,8992742370164,code128,,S0004,Pcs,Pcs,Box,1762,3500,24,,,,,,bukan_konsi,,,,,
BIOSOL POUCH REGULAR 700ML,8992745730217,code128,,S0004,Pcs,Pcs,Box (12),10406,13000,0,,,,,,bukan_konsi,,,,,
STELLA MATIC REFILL 225 ML SRNG GRD,8992745326212,code128,,S0004,Pcs,Pcs,Box,26127,28500,3,,,,,,bukan_konsi,,,,,
CARRERA PENGKILAP BAN 200ML,8992746700417,code128,,S0004,Pcs,Pcs,Box,8283,11500,0,,,,,,bukan_konsi,,,,,
CARRERA PENGKILAP BAN 400ML,8992745705314,code128,,S0004,Pcs,Pcs,Box,24000,27500,10,,,,,,bukan_konsi,,,,,
CARRERA XF-1000 PELUMAS 200ML,8992746700738,code128,,S0004,Pcs,Pcs,Box,20773,23500,4,,,,,,bukan_konsi,,,,,
CARRERA MOTOR CHAIN LUBE 110ML,8992745380665,code128,,S0004,Pcs,Pcs,Box,13200,15500,0,,,,,,bukan_konsi,,,,,
CARRERA LIQPOLIWAX NETRAL 250ML,8992746700301,code128,,S0004,Pcs,Pcs,Box,18545,20500,0,,,,,,bukan_konsi,,,,,
CARRERA POLISHWAX NEUTRAL 225GR,8992745700357,code128,,S0004,Pcs,Pcs,Box,20826,23000,4,,,,,,bukan_konsi,,,,,
CARERRA SHAMPO MOBIL 800ML,8992746700875,code128,,S0004,Pcs,Pcs,Box,6824,20000,0,,,,,,bukan_konsi,,,,,
CARERRA SHAMPO MOBIL 400ML,8992746700844,code128,,S0004,Pcs,Pcs,Box,6581,8500,6,,,,,,bukan_konsi,,,,,
CARRERA WASH WAX REFILL 400ML,8992745700401,code128,,S0004,Pcs,Pcs,Box,10879,13500,0,,,,,,bukan_konsi,,,,,
CARERRA FOLES MOBIL TOSE 60GR,8992745705291,code128,,S0004,Pcs,Pcs,Box,5390,8500,0,,,,,,bukan_konsi,,,,,
CAMPINA HULA-HULA TAPE KETAN ,8998009720635,code128,,S0005,Pcs,Pcs,Box,3200,5000,46,,,,,,bukan_konsi,,,,,
NUSKIN SCION WHITENING ROLL ON 75ML,NUSKINROLLON,code128,,S0003,Pcs,Pcs,Box,65000,85000,4,,,,,,bukan_konsi,,,,,
oncom 6000,oncom6000,code128,,S0010,Pcs,Pcs,Box,5000,6000,0,,,,,,bukan_konsi,,,,,
KERIPIK UBI UNGU,KERIPIKUBIUNGU,code128,,S0005,Pcs,Pcs,Box,5000,6000,0,,,,,,bukan_konsi,,,,,
LABU3500,LABU3500,code128,,S0010,Pcs,Pcs,Box,2500,3500,0,,,,,,bukan_konsi,,,,,
GULAKU TEBU PREMIUM 1KG,8995177101112,code128,,S0005,Pcs,Pcs,Box,11800,16000,24,,,,,,bukan_konsi,,,,,
BROKOLY 8000,BROKOLY8000,code128,,S0010,Pcs,Pcs,Box,8000,9000,0,,,,,,bukan_konsi,,,,,
KEMBANG KOL 13500,KEMBANGKOL13500,code128,,S0010,Pcs,Pcs,Box,12500,13500,3,,,,,,bukan_konsi,,,,,
KEMBANG KOL 16500,KEMBANGKOL16500,code128,,S0010,Pcs,Pcs,Box,15500,16500,1,,,,,,bukan_konsi,,,,,
SAWI PUTIH,SAWIPUTIH,code128,,S0010,Pcs,Pcs,Box,6000,7000,7,,,,,,bukan_konsi,,,,,
LABU5500,LABU5500,code128,,S0010,Pcs,Pcs,Box,4500,5500,0,,,,,,bukan_konsi,,,,,
BROKOLY 7500,BROKOLY7500,code128,,S0010,Pcs,Pcs,Box,6500,7500,4,,,,,,bukan_konsi,,,,,
KENTANG MINI 10000,KENTANGMINI10000,code128,,S0010,Pcs,Pcs,Box,9000,10000,2,,,,,,bukan_konsi,,,,,
S0013 PHOSMIT 110000,S0013110000,code128,,S0013,Pcs,Pcs,Box,100000,110000,0,,,,,,bukan_konsi,,,,,
S0013 BIO KEBUN 160000,S0013160000,code128,,S0013,Pcs,Pcs,Box,150000,160000,12,,,,,,bukan_konsi,,,,,
S0013 BIO PANGAN 150000,S0013150000,code128,,S0013,Pcs,Pcs,Box,140000,150000,12,,,,,,bukan_konsi,,,,,
S0013 BAG 20000,S0013bag20000,code128,,S0013,Pcs,Pcs,Box,15000,20000,12,,,,,,bukan_konsi,,,,,
KOL MINI 8000,KOLMINI,code128,,S0010,Pcs,Pcs,Box,6000,8000,1,,,,,,bukan_konsi,,,,,
BROKOLY 13500,BROKOLY13500,code128,,S0010,Pcs,Pcs,Box,12500,13500,0,,,,,,bukan_konsi,,,,,
OSKADON KAPLET ,8999908039309,code128,,S0006,Pcs,Pcs,Box,1760,3500,50,,,,,,bukan_konsi,,,,,
BETADIN KECIL 5ML,BETADINKECIL,code128,,S0006,Pcs,Pcs,Box,4500,6000,6,,,,,,bukan_konsi,,,,,
SO KLIN PEMB.LANTAI ROSE,8998866679572,code128,,S0004,Pcs,Pcs,Box,9265,13000,6,,,,,,bukan_konsi,,,,,
rtdkapalapisusu,rtdkapalapisusu,code128,,S0002,Pcs,Pcs,Box,1,4000,0,,,,,,bukan_konsi,,,,,
JAHE 9000,JAHE9000,code128,,S0010,Pcs,Pcs,Box,8000,9000,0,,,,,,bukan_konsi,,,,,
GUDANG GARAM SURYA PRO 16 PUTIH,8998989300391,code128,,S0007,Pcs,Pcs,Box,16400,20000,0,,,,,,bukan_konsi,,,,,
SC MINT LEMONMINT ,8991102283373,code128,,S0005,Pcs,Pcs,Box,4409,6500,12,,,,,,bukan_konsi,,,,,
MINT GRAPEMINT,8991102283397,code128,,S0005,Pcs,Pcs,Box,4409,6500,12,,,,,,bukan_konsi,,,,,
GO FRESH BARLEY MINT,8997009070566,code128,,S0005,Pcs,Pcs,Box,6921,9000,5,,,,,,bukan_konsi,,,,,
GO FRESH SPEARMINT,8997009070535,code128,,S0005,Pcs,Pcs,Box,6921,9000,5,,,,,,bukan_konsi,,,,,
LOTTE XYLTBLIST BLBERY,8990333162075,code128,,S0005,Pcs,Pcs,Box,2559,4000,15,,,,,,bukan_konsi,,,,,
LOTTE XLTOL BLIST LIME,8990333162044,code128,,S0005,Pcs,Pcs,Box,2559,4000,15,,,,,,bukan_konsi,,,,,
LOTTE XLTOL BLIST FRESH M,8990333162051,code128,,S0005,Pcs,Pcs,Box,2559,4000,15,,,,,,bukan_konsi,,,,,
ALPENLIBEL STIK CARAMEL,8991115000103,code128,,S0005,Pcs,Pcs,Box,2799,4500,16,,,,,,bukan_konsi,,,,,
SUGUS STIK BLCURANT,8992919856019,code128,,S0005,Pcs,Pcs,Box,2166,3500,24,,,,,,bukan_konsi,,,,,
FROZZ MINT BARLEY MINT,8998685052303,code128,,S0005,Pcs,Pcs,Box,6435,9500,0,,,,,,bukan_konsi,,,,,
ALPENLIEBE LOLIPOP,8990800012414,code128,,S0005,Pcs,Pcs,Box,454,1500,40,,,,,,bukan_konsi,,,,,
KUSUKA KR ORIGINAL 400GR,653314502021,code128,,S0005,Pcs,Pcs,Box,20999,24500,10,,,,,,bukan_konsi,,,,,
CUSSON WPS MILD&GENTLE 10'S,8888103006820,code128,,S0004,Pcs,Pcs,Box,4515,6000,12,,,,,,bukan_konsi,,,,,
CUSSON WPS SOFT&SMOOTH 10'S,8888103006868,code128,,S0004,Pcs,Pcs,Box,2500,3500,12,,,,,,bukan_konsi,,,,,
CUSSON WPS SOFT&SMOOTH 50'S,8888103006882,code128,,S0003,Pcs,Pcs,Box,8318,11000,10,,,,,,bukan_konsi,,,,,
CUSSON WPS SOFT&SMOOTH 50'S,8888103006844,code128,,S0003,Pcs,Pcs,Box,8313,10000,12,,,,,,bukan_konsi,,,,,
NU GREENTEA ORI 450ML,8992388101016,code128,,S0002,Pcs,Pcs,Box,4666,7000,24,,,,,,bukan_konsi,,,,,
UNICON NAPTHALINE 150GR,8992911811504,code128,,S0004,Pcs,Pcs,Box,9699,12500,10,,,,,,bukan_konsi,,,,,
INDOFOOD SMBL EXT.PEDAS 340ML,89686400861,code128,,S0005,Pcs,Pcs,Box,10100,16000,12,,,,,,bukan_konsi,,,,,
SASA SAMBEL  ASLI 135ML,8992736116105,code128,,S0005,Pcs,Pcs,Box,4824,6500,6,,,,,,bukan_konsi,,,,,
JEMPOL SAMBAL ASLI 140ML,8992903111506,code128,,S0005,Pcs,Pcs,Box (24),9933,12500,12,,,,,,bukan_konsi,,,,,
BON CABE SBL TABUR ORI 50GR,8995899250310,code128,,S0005,Pcs,Pcs,Box,9100,13500,6,,,,,,bukan_konsi,,,,,
BON CABE SAC 22.5GR,8995899250440,code128,,S0005,Pcs,Pcs,Box,4266,6500,6,,,,,,bukan_konsi,,,,,
DUA BELIBIS SAC 25X10GR,8992984910111,code128,,S0005,Pack,Pack,Box,10450,12500,8,,,,,,bukan_konsi,,,,,
DELMONTE SAUS SMBL BTL 200ML,8998888710222,code128,,S0005,Pcs,Pcs,Box,6600,9000,6,,,,,,bukan_konsi,,,,,
labu2200,labu2200,code128,,S0010,Pcs,Pcs,Box,1200,2200,0,,,,,,bukan_konsi,,,,,
TERONGUNGU6000,TERONGUNGU5000,code128,,S0010,-,-,Box,4000,5000,0,,,,,,bukan_konsi,,,,,
TERONGUNGU6000,TERONGUNGU6000,code128,,S0010,-,-,Box,5000,6000,0,,,,,,bukan_konsi,,,,,
INDOCAFECEREAL GINSENG,9311931280135,code128,,S0002,Pcs,Pcs,Box,1636,3000,30,,,,,,bukan_konsi,,,,,
INDOCAFE GINSENG,9311931024159,code128,,S0002,Pcs,Pcs,Box,2304,3500,30,,,,,,bukan_konsi,,,,,
MAX CREAMER BTL 200GR,9311931183023,code128,,S0005,Pack,Pack,Box,17523,22000,3,,,,,,bukan_konsi,,,,,
INDOCAFE CAPUCCINO SAC 10'S,9311931029017,code128,,S0005,Pcs,Pcs,Box,16159,20500,25,,,,,,bukan_konsi,,,,,
INDOCAFE WHITE BROWN SGR SAC,9311931024418,code128,,S0005,Pcs,Pcs,Box,13717,16500,4,,,,,,bukan_konsi,,,,,
INDOCAFE WHITE HAZELNUT SAC,9311931024432,code128,,S0005,Pcs,Pcs,Box,13717,16500,4,,,,,,bukan_konsi,,,,,
INDOCAFE WHITE VANILLA SAC,9311931024449,code128,,S0005,Pcs,Pcs,Box,13717,16500,4,,,,,,bukan_konsi,,,,,
RTD GOOD DAY VANILLA LATTE,rtdgdvl,code128,,S0002,Pcs,Pcs,Box,1,5000,0,,,,,,bukan_konsi,,,,,
NARAYA OAT CHOCO SWEET POTATO 400GR,8997002054440,code128,,S0005,Pcs,Pcs,Box,36000,39000,0,,,,,,bukan_konsi,,,,,
NARAYA OAT CHOCO PANDAN 400GR,8997002054426,code128,,S0005,Pcs,Pcs,Box,36000,39000,0,,,,,,bukan_konsi,,,,,
RTD GOOD DAY MOCHACINO,RTDGDMOCHA,code128,,S0005,Pcs,Pcs,Box,1,5000,0,,,,,,bukan_konsi,,,,,
ESSE CHANGE ,8997032821272,code128,,S0007,Pcs,Pcs,Box,23500,27000,0,,,,,,bukan_konsi,,,,,
ESSE BERRY POP ,8997032821302,code128,,S0007,Pcs,Pcs,Box,18000,21000,10,,,,,,bukan_konsi,,,,,
ESSE MILD MENTHOL,8997032821203,code128,,S0007,Pcs,Pcs,Box,19000,21500,10,,,,,,bukan_konsi,,,,,
ESSE MILD MERAH,8997032821197,code128,,S0007,Pcs,Pcs,Box,21500,23500,1,,,,,,bukan_konsi,,,,,
POCARI SWEAT PET 2000ML,8997035600324,code128,,S0002,Pcs,Pcs,Box,18000,23000,6,,,,,,bukan_konsi,,,,,
SOY JOY ALMOND COKLAT,8997035600928,code128,,S0005,Pcs,Pcs,Box,7849,9500,12,,,,,,bukan_konsi,,,,,
POCARI SWEAT IONESENCE 250ML,8997035601017,code128,,S0002,Pcs,Pcs,Box,4700,7500,24,,,,,,bukan_konsi,,,,,
PANADOL BIRU ,8992695100207,code128,,S0006,Pcs,Pcs,Box,7250,10500,10,,,,,,bukan_konsi,,,,,
KOPIKO STIK CLASIK,8996001340929,code128,,S0005,Pcs,Pcs,Box,1485,3000,16,,,,,,bukan_konsi,,,,,
RTD TORABIKA ALL VARIANT,rtdtorabika,code128,,S0002,Pcs,Pcs,Box,1,4000,0,,,,,,bukan_konsi,,,,,
TESSA TISSUE 100PLY,8992931005112,code128,,S0004,Pcs,Pcs,Box (80),1250,3500,160,,,,,,bukan_konsi,,,,,
BERAS NGAWITRI 5KG,8997015440087,code128,,S0001,Pcs,Pcs,Box,59000,65000,8,,,,,,bukan_konsi,,,,,
ABON AYAM TOPLES,ABONTOPLES,code128,,S0005,Pcs,Pcs,Box,22500,25000,5,,,,,,bukan_konsi,,,,,
KEMBANG KOL 16000,KEMBANGKOL16000,code128,,S0005,Pcs,Pcs,Box,15000,16000,1,,,,,,bukan_konsi,,,,,
ELLIPS HAIR VITAMIN HAIR TREATMENT,8993417200021,code128,,S0003,Pcs,Pcs,Box,8600,11500,12,,,,,,bukan_konsi,,,,,
CAP PANDA BIRD KLG ,8995227500599,code128,,S0002,Pcs,Pcs,Box,3918,6000,12,,,,,,bukan_konsi,,,,,
CAP PANDA ALOE VERA KLG,8995227501947,code128,,S0002,Pcs,Pcs,Box,3712,6000,24,,,,,,bukan_konsi,,,,,
SARI ROTI KRIM TIRAMISU,8992907953157,code128,,S0005,Pcs,Pcs,Box,3960,4500,0,,,,,,bukan_konsi,,,,,
SARI ROTI KRIM CAPUCINO,8992907953140,code128,,S0005,Pcs,Pcs,Box,3960,4500,0,,,,,,bukan_konsi,,,,,
TERONG UNGU 4500,TERONGUNGU4500,code128,,S0010,Pcs,Pcs,Box,3500,4500,2,,,,,,bukan_konsi,,,,,
brokoly6000,BROKOLY6000,code128,,S0010,Pcs,Pcs,Box,5500,6500,1,,,,,,bukan_konsi,,,,,
CAMPINA SPONGBOB CUP STW,8998009700392,code128,,S0002,Pcs,Pcs,Box,2909,4000,27,,,,,,bukan_konsi,,,,,
KENTANG10000,KENTANG10000,code128,,S0010,Pcs,Pcs,Box,9000,10000,0,,,,,,bukan_konsi,,,,,
ROSES BRAND MG 2L,8993093664711,code128,,S0001,Pcs,Pcs,Box,24000,25500,6,,,,,,bukan_konsi,,,,,
BERAS PREMIUM 7500 TANI 5KG ,BERAS7500TANI,code128,,S0014,Pack,Pack,Box,38500,42500,0,,,,,,bukan_konsi,,,,,
BAWANG MERAH 16000KON,BAWANGMERAHkonsi,code128,,S0014,Pcs,Pcs,Box,14000,16000,0,,,,,,bukan_konsi,,,,,
GULA PASIR CURAH TANI,GULATANI,code128,,S0001,Pcs,Pcs,Box,11500,12500,0,,,,,,bukan_konsi,,,,,
BROKOLY12000,BROKOLY12,code128,,S0010,Pcs,Pcs,Box,11000,12000,0,,,,,,bukan_konsi,,,,,
GOOD DAY ORIGINAL ,GDORI,code128,,S0002,Pcs,Pcs,Box,10500,13000,0,,,,,,bukan_konsi,,,,,
ENERGEN COKLAT SAC ,8996001440049,code128,,S0002,Pcs,Pcs,Box,11075,13500,6,,,,,,bukan_konsi,,,,,
ENERGEN VANILLA SAC,8996001440124,code128,,S0002,Pcs,Pcs,Box,11219,13500,3,,,,,,bukan_konsi,,,,,
FRUIT TEA BLACKCURRANT 500ML,8996006853400,code128,,S0002,Pcs,Pcs,Box,4666,7500,12,,,,,,bukan_konsi,,,,,
BANGO KECAP 275 ML,8999999002503,code128,,S0005,Pcs,Pcs,Box,17800,19500,6,,,,,,bukan_konsi,,,,,
CHITATO KEJU SUPREME 668GR,89686598957,code128,,S0005,Pcs,Pcs,Box,9500,11500,6,,,,,,bukan_konsi,,,,,
QTELA OPAK BBQ,89686611748,code128,,S0005,Pcs,Pcs,Box,3818,5000,10,,,,,,bukan_konsi,,,,,
QTELA OPAK CABE,89686611755,code128,,S0005,Pcs,Pcs,Box,3818,5000,20,,,,,,bukan_konsi,,,,,
DK KACANG KRIBO,8995077602412,code128,,S0005,Pcs,Pcs,Box,6272,7500,20,,,,,,bukan_konsi,,,,,
TARO FAM SEAWEED 40GR,8999999000189,code128,,S0005,Pcs,Pcs,Box,3433,6000,30,,,,,,bukan_konsi,,,,,
TARO NET ITALIAN PIZZA 40GR,8999999000172,code128,,S0005,Pcs,Pcs,Box,3499,5000,36,,,,,,bukan_konsi,,,,,
KUSUKA BBQ 60GR,53314502210,code128,,S0005,Pcs,Pcs,Box,4700,6500,12,,,,,,bukan_konsi,,,,,
QTELA TEMPE RUMPUT LAUT 60GR,89686611878,code128,,S0005,Pcs,Pcs,Box,6366,8000,30,,,,,,bukan_konsi,,,,,
KENTANG MINI 20000,KENTANGMINI20000,code128,,S0010,Pcs,Pcs,Box,19000,20000,0,,,,,,bukan_konsi,,,,,
BROKOLY14000,BROKOLI14000,code128,,S0010,-,-,Box,13000,14000,1,,,,,,bukan_konsi,,,,,
MOGU-MOGU DE COCO MANGO,8850389108048,code128,,S0002,Pcs,Pcs,Box,7500,10000,12,,,,,,bukan_konsi,,,,,
RTDCNI,rtdcni,code128,,S0002,Pcs,Pcs,Box,1,7000,0,,,,,,bukan_konsi,,,,,
ENERGEN JAGUNG SAC,8996001440520,code128,,S0005,Pcs,Pcs,Box,11012,13500,4,,,,,,bukan_konsi,,,,,
ENERGEN KACANG IJO SAC,8996001440087,code128,,S0005,Pcs,Pcs,Box,11096,13500,12,,,,,,bukan_konsi,,,,,
ENERGEN JAHE SAC,8996001440353,code128,,S0002,Pcs,Pcs,Box,11094,13500,6,,,,,,bukan_konsi,,,,,
UBI,UBI10000,code128,,S0010,Pcs,Pcs,Box,9000,10000,10,,,,,,bukan_konsi,,,,,
TORABIKA DOUBLE UP SAC,8998666001696,code128,,S0002,Pack,Pack,Box,13000,15500,0,,,,,,bukan_konsi,,,,,
TORABIKA CAPUCINO SAC,8996001414002,code128,,S0005,Pcs,Pcs,Box,13458,17000,10,,,,,,bukan_konsi,,,,,
TORABIKA SUSU JAHE,8996001440001,code128,,S0002,Pack,Pack,Box,8700,12500,12,,,,,,bukan_konsi,,,,,
TORABIKA DUO KOPI GULA,8996001401033,code128,,S0002,Pack,Pack,Box,8167,11000,6,,,,,,bukan_konsi,,,,,
BELFOOD KENTANG GORENG 500GR,8995229801632,code128,,BELS0005,Pack,Pack,Box,25300,29500,24,,,,,,bukan_konsi,,,,,
BELFOOD ROYAL CRISPY CARAGE 500GR,8993071020119,code128,,BELS0005,Pack,Pack,Box,33739,42000,12,,,,,,bukan_konsi,,,,,
BELFOOD GOLDEN FILLET 500GR,8995229800079,code128,,BELS0005,Pack,Pack,Box,36577,42000,12,,,,,,bukan_konsi,,,,,
BELFOOD FAV CHI.NUGGET CERIA 500GR,8995229800192,code128,,BELS0005,Pack,Pack,Box,29216,36000,12,,,,,,bukan_konsi,,,,,
BELFOOD FAVORITE SPICY WING 500GR,8995229800109,code128,,BELS0005,Pack,Pack,Box,37224,46000,12,,,,,,bukan_konsi,,,,,
BELFOOD ROYAL CHIC.STIK 500GR,8993071010219,code128,,BELS0005,Pack,Pack,Box,30448,37000,12,,,,,,bukan_konsi,,,,,
BELFOOD FAV AYAM GORENG RENYAH 500G,8995229800130,code128,,BELS0005,Pack,Pack,Box,27500,32500,0,,,,,,bukan_konsi,,,,,
BELFOOD FAV CHICKN NUGHT 500GR,8995229800321,code128,,BELS0005,Pack,Pack,Box,22528,27000,12,,,,,,bukan_konsi,,,,,
BELFOOD ROYAL CHICKN NUGHT S 500GR,8993071010110,code128,,BELS0005,Pack,Pack,Box,30448,37000,12,,,,,,bukan_konsi,,,,,
ROMA SLAI OLAY STW 240GR,8996001304013,code128,,S0005,Pcs,Pcs,Box,7500,9500,6,,,,,,bukan_konsi,,,,,
ROMA SLAI OLAI STW 24GR,8996001304549,code128,,S0005,Pcs,Pcs,Box,726,1000,12,,,,,,bukan_konsi,,,,,
ROMA SALI OLAY BLUEBERY 128GR,8996001304044,code128,,S0005,Pcs,Pcs,Box,3500,6000,6,,,,,,bukan_konsi,,,,,
ROMA SLAI OLAI PINEAPLE 128GR,8996001304433,code128,,S0005,Pcs,Pcs,Box,3500,5500,12,,,,,,bukan_konsi,,,,,
MITU BABY ANTISEPTIC WIPES 50'S,8992745550532,code128,,S0003,Pcs,Pcs,Box,14091,17000,0,,,,,,bukan_konsi,,,,,
MITU BABY CHANGING DIAPER BLUE 50'S,8992745560166,code128,,S0003,Pcs,Pcs,Box,9091,16000,0,,,,,,bukan_konsi,,,,,
MITU BABY CHANGE DIAPER PURPLE 50'S,8992745475019,code128,,S0004,Pcs,Pcs,Box,9091,16000,0,,,,,,bukan_konsi,,,,,
MITU BABY CHANGING DIAPER PINK 50'S,8992745560173,code128,,S0004,Pcs,Pcs,Box,9500,15000,18,,,,,,bukan_konsi,,,,,
MITU BABY FRESH&CLEAN BLUE 10'S,8992750540917,code128,,S0004,Pcs,Pcs,Box,2409,5000,0,,,,,,bukan_konsi,,,,,
MITU SENSITIV 10'S,8992745550570,code128,,S0003,Pcs,Pcs,Box,3304,4500,12,,,,,,bukan_konsi,,,,,
MITU BABY FRESH&CLEAN PINK 10'S,8992750540900,code128,,S0003,-,-,Box,2810,4000,12,,,,,,bukan_konsi,,,,,
FOGO LEMARI BREEZE,8992745330103,code128,,S0004,Pcs,Pcs,Box,5174,7500,6,,,,,,bukan_konsi,,,,,
FOGO LEMARI FLORAL ,8992745330110,code128,,S0004,Pcs,Pcs,Box,5174,7500,6,,,,,,bukan_konsi,,,,,
FOGO LEMARI FRESH,8992745330127,code128,,S0004,Pcs,Pcs,Box,4800,7500,6,,,,,,bukan_konsi,,,,,
STELLA POCKET BATH ORANGE,8992745940128,code128,,S0004,Pcs,Pcs,Box,7870,9500,0,,,,,,bukan_konsi,,,,,
STELLA POCKET BATH GREEN,8992745940135,code128,,S0004,Pcs,Pcs,Box,7870,10500,3,,,,,,bukan_konsi,,,,,
STELLA POCKET BATH PURPLE,8992745940142,code128,,S0004,Pcs,Pcs,Box,7870,10500,10,,,,,,bukan_konsi,,,,,
FOGO LEMARI PAPER PRINCES,8992745330134,code128,,S0004,Pcs,Pcs,Box,5280,7500,6,,,,,,bukan_konsi,,,,,
HOT HOT BRONSON KAKI,HOTKAKI,code128,,S0005,Pcs,Pcs,Box,350,500,100,,,,,,bukan_konsi,,,,,
HOT HOT PENDEKAR,HOTPENDEKAR,code128,,S0005,Pcs,Pcs,Box,350,500,100,,,,,,bukan_konsi,,,,,
PARAGO CHOCKLAT STIK,8993274534079,code128,,S0005,Pcs,Pcs,Box,375,500,0,,,,,,bukan_konsi,,,,,
MAMY POKO WIPES  52SHEET,8993189271908,code128,,S0004,Pcs,Pcs,Box,8533,12000,6,,,,,,bukan_konsi,,,,,
BODREX TABLET 10'S,BODREX10S,code128,,S0003,Pack,Pack,Box,3750,7000,10,,,,,,bukan_konsi,,,,,
DK SUKRO KEDELAI 140GR,8995077602788,code128,,S0005,Pcs,Pcs,Box,6272,8500,5,,,,,,bukan_konsi,,,,,
SOBA BALADO PRM 24GRA,8886013304609,code128,,S0005,Pcs,Pcs,Box,1037,2000,60,,,,,,bukan_konsi,,,,,
MIE KREMEZZ SNACK MIX,8993118937110,code128,,S0005,Pcs,Pcs,Box,840,1500,40,,,,,,bukan_konsi,,,,,
DK KACANG KULIT 200GR,11747233033,code128,,S0005,Pcs,Pcs,Box,13000,14500,6,,,,,,bukan_konsi,,,,,
REBO KWACI SUPER 150G,8995108500038,code128,,S0005,Pack,Pack,Box,12333,17500,24,,,,,,bukan_konsi,,,,,
QUAKER 3IN1 ORG 29GR,9556174811207,code128,,S0005,Pcs,Pcs,Box,2189,4000,12,,,,,,bukan_konsi,,,,,
SWALLOW TOIL BAL COLOR ,8886020001089,code128,,S0004,Pcs,Pcs,Box,9181,11500,6,,,,,,bukan_konsi,,,,,
SWALLOW TOIL BAL COLOR ,,code128,,S0003,Pcs,Pcs,Box,2984,4500,6,,,,,,bukan_konsi,,,,,
CHARM BF XTRA MAXI 20'S,8993189270307,code128,,S0003,Pcs,Pcs,Box (6),8250,11500,2,,,,,,bukan_konsi,,,,,
ABC SAMBEL EXTRA PEDAS SAC,711844120341,code128,,S0005,Pack,Pack,Box,6566,8500,9,,,,,,bukan_konsi,,,,,
INDOFOOD SMBL PEDAS 340ML,89686400465,code128,,S0005,Pcs,Pcs,Box,11900,15500,6,,,,,,bukan_konsi,,,,,
SASA SAMBEL ASLI BTL 340ML,8992736139111,code128,,S0005,Pcs,Pcs,Box,10192,14000,6,,,,,,bukan_konsi,,,,,
BON CABE ORI LV 15 BTL 45GR,8995899250341,code128,,S0005,Pcs,Pcs,Box,10700,13500,6,,,,,,bukan_konsi,,,,,
BON CABE SBL ORI SAC 22GR,8995899250211,code128,,S0005,Pcs,Pcs,Box,4266,6500,10,,,,,,bukan_konsi,,,,,
OREO COCONUT DELIGHT 137GR,7622210360472,code128,,S0005,Pcs,Pcs,Box,6454,8000,10,,,,,,bukan_konsi,,,,,
BERAS CAPING GUNUNG GREEN 5KG,BERASCAPINGGUNUNGGREEN,code128,,S0001,Pack,Pack,Box,75000,85000,10,,,,,,bukan_konsi,,,,,
BERAS CAPING GUNUNG RED 5KG,BERASCAPINGGUNUNGRED,code128,,S0001,Pack,Pack,Box,69500,79500,25,,,,,,bukan_konsi,,,,,
INCDOCAFE COFFE-O SAC,9311931024500,code128,,S0005,Pcs,Pcs,Box,7630,10500,5,,,,,,bukan_konsi,,,,,
INDOCAFE EXPRES CAFE SAC,9311931026733,code128,,S0005,Pcs,Pcs,Box,8899,11500,2,,,,,,bukan_konsi,,,,,
TOMAT10000,TOMAT10000,code128,,S0001,Pcs,Pcs,Box (24),9000,10000,1,,,,,,bukan_konsi,,,,,
BROKOLY20000,BROKOLY20000,code128,,S0010,Pcs,Pcs,Box,18000,20000,0,,,,,,bukan_konsi,,,,,
terongungu2000,terongungu2000,code128,,S0010,Pcs,Pcs,Box,1000,2000,0,,,,,,bukan_konsi,,,,,
BERAS MR.PULEN 10KG,BERASMRPULEN,code128,,S0001,Pcs,Pcs,Box,108000,120000,50,,,,,,bukan_konsi,,,,,
NARAYA OAT GREEN TEA,8997002055034,code128,,S0005,Pcs,Pcs,Box,36000,39000,5,,,,,,bukan_konsi,,,,,
OW AIR OKSIGEN 488ML,8997017340026,code128,,S0005,Pcs,Pcs,Box,7600,10000,50,,,,,,bukan_konsi,,,,,
FRUIT TEA GUAVA 500ML,8996006855541,code128,,S0002,Pcs,Pcs,Box,4666,7500,12,,,,,,bukan_konsi,,,,,
PERMENT JUIZY 1PCS,JUIZYMILK,code128,,S0005,Pcs,Pcs,Box,298,500,100,,,,,,bukan_konsi,,,,,
MARLBORO FILTER BLACK,8999909000544,code128,,S0007,Pcs,Pcs,Box,26300,29000,10,,,,,,bukan_konsi,,,,,
SAMPOERNA HIJAU KRETEK,8999909085114,code128,,S0007,Pcs,Pcs,Box,11700,14000,10,,,,,,bukan_konsi,,,,,
FORMULA SG RIPPLE SOFT,8991102022347,code128,,S0004,Pcs,Pcs,Box,2500,4500,12,,,,,,bukan_konsi,,,,,
FORMULA SG SYSTEM MEDIUM,8991102021210,code128,,S0004,Pcs,Pcs,Box,2291,3500,12,,,,,,bukan_konsi,,,,,
ENTROSTOP 10'S,8992858658200,code128,,S0006,Pcs,Pcs,Box,5533,8000,4,,,,,,bukan_konsi,,,,,
BINTANG TOEDJO PUYER,8993058000929,code128,,S0006,Pcs,Pcs,Box,433,1000,12,,,,,,bukan_konsi,,,,,
SHINZUI SOAP 90GR,8992946521409,code128,,S0003,Pcs,Pcs,Box,3000,4000,20,,,,,,bukan_konsi,,,,,
GILLET BLUE II,8888826019589,code128,,S0004,Pcs,Pcs,Box,6474,8500,24,,,,,,bukan_konsi,,,,,
bunga kol,bungakol,code128,,S0010,Pcs,Pcs,Box,17500,18500,12,,,,,,bukan_konsi,,,,,
LARUTAN PENYEGAR KLG JAMBU 320ML,8999988888842,code128,,S0002,Pcs,Pcs,Box,5225,7500,24,,,,,,bukan_konsi,,,,,
SARI ROTI SANDWICH MARGARINE,8992907953171,code128,,S0005,Pcs,Pcs,Box,3800,4500,5,,,,,,bukan_konsi,,,,,
SOY JOY STRAWBERRY,8997035600430,code128,,S0005,Pcs,Pcs,Box,7849,9500,12,,,,,,bukan_konsi,,,,,
SOY JOY RAISIN ALMOND,8997035563476,code128,,S0005,Pcs,Pcs,Box,7849,9500,12,,,,,,bukan_konsi,,,,,
GARUDA ROSTA KAC. PGG 25GR,8992775203415,code128,,S0005,Pcs,Pcs,Box,1600,3000,60,,,,,,bukan_konsi,,,,,
JENGKOL,JENGKOL,code128,,S0010,Pcs,Pcs,Box,5500,6500,0,,,,,,bukan_konsi,,,,,
SUPER BUBUR SOTO ,8996001524060,code128,,S0005,Pcs,Pcs,Box,2376,4000,12,,,,,,bukan_konsi,,,,,
SUPER BUBUR AYAM ,8996001524008,code128,,S0005,Pcs,Pcs,Box,2475,4000,6,,,,,,bukan_konsi,,,,,
SUPER BUBUR ABON SAPI,8996001524015,code128,,S0005,Pcs,Pcs,Box,2475,4000,6,,,,,,bukan_konsi,,,,,
SUPER BUBUR KARI AYAM,8996001524039,code128,,S0005,Pcs,Pcs,Box,2400,3500,6,,,,,,bukan_konsi,,,,,
MIGELAS DUO KARI AYAM,8996001520130,code128,,S0005,Pcs,Pcs,Box,1300,2000,10,,,,,,bukan_konsi,,,,,
MIGELAS DUO BASO SAPI ,8996001520178,code128,,S0005,Pcs,Pcs,Box,1300,2000,10,,,,,,bukan_konsi,,,,,
MIGELAS DUO AYAM BAWANG,8996001520116,code128,,S0005,Pcs,Pcs,Box,1300,2000,10,,,,,,bukan_konsi,,,,,
MIGELAS DUO SOTO,8996001520154,code128,,S0005,Pcs,Pcs,Box,1300,2000,10,,,,,,bukan_konsi,,,,,
PARAGO STW STIK,8993274534086,code128,,S0005,Pcs,Pcs,Box,375,500,10,,,,,,bukan_konsi,,,,,
PARAGO MILK STIK,8993274533843,code128,,S0005,Pcs,Pcs,Box,375,500,10,,,,,,bukan_konsi,,,,,
PARAGO GRAPE CHEWCANDY,8993274540933,code128,,S0005,Pcs,Pcs,Box (80),375,500,1,,,,,,bukan_konsi,,,,,
S0016 TRI 30K,S0016tri30,code128,,S0016,Pcs,Pcs,Box,29287,32000,10,,,,,,bukan_konsi,,,,,
S0016 TRI 50K,S0016tri50,code128,,S0016,Pcs,Pcs,Box,49062,52000,10,,,,,,bukan_konsi,,,,,
S0016 TRI 100K,S0016TRI100,code128,,S0016,Pcs,Pcs,Box,97750,102000,10,,,,,,bukan_konsi,,,,,
S0016 AXIS 25K,S0016AXIS25,code128,,S0016,Pcs,Pcs,Box,24375,27000,10,,,,,,bukan_konsi,,,,,
S0016 AXIS 50K,S0016AXIS50,code128,,S0016,Pcs,Pcs,Box,48750,52000,10,,,,,,bukan_konsi,,,,,
S0016 AXIS 100,S0016AXIS100,code128,,S0016,Pcs,Pcs,Box,97500,102000,10,,,,,,bukan_konsi,,,,,
S0016 FREN 25K,S0016FREN25,code128,,S0016,Pcs,Pcs,Box,24500,27000,10,,,,,,bukan_konsi,,,,,
S0016 FREN 50K,S0016FREN50,code128,,S0016,Pcs,Pcs,Box,48750,52000,10,,,,,,bukan_konsi,,,,,
S0016 FREN 100K,S0016FREN100,code128,,S0016,Pcs,Pcs,Box,97500,102000,10,,,,,,bukan_konsi,,,,,
S0016 TELKOMSEL 10K,S0016telkomsel10,code128,,S0016,Pcs,Pcs,Box,11500,12500,1,,,,,,bukan_konsi,,,,,
S0016 INDOSAT 10K,S0016indosat10,code128,,S0016,Pcs,Pcs,Box,11000,12000,10,,,,,,bukan_konsi,,,,,
S0016 XL 10K,S0016xl10,code128,,S0016,Pcs,Pcs,Box,11000,12000,10,,,,,,bukan_konsi,,,,,
S0016 TRI 10K,S0016tri10,code128,,S0016,Pcs,Pcs,Box,11000,12000,10,,,,,,bukan_konsi,,,,,
S0016 AXIS 10K,S0016AXIS10,code128,,S0016,Pcs,Pcs,Box,11000,12000,10,,,,,,bukan_konsi,,,,,
S0016 FREN 10K,S0016fren10,code128,,S0016,Pcs,Pcs,Box,11000,12000,10,,,,,,bukan_konsi,,,,,
SEBLAK MOMMY RENDANG,8997211180022,code128,,S0005,Pcs,Pcs,Box,16000,18000,16,,,,,,bukan_konsi,,,,,
S0016XL5,S0016xl5,code128,,S0016,Pcs,Pcs,Box,6000,7000,10,,,,,,bukan_konsi,,,,,
terong ungu 2500,terongkungu2500,code128,,S0010,Pcs,Pcs,Box,1500,2500,0,,,,,,bukan_konsi,,,,,
KOL MINI 3000,kolmini3000,code128,,S0010,Pcs,Pcs,,2000,3000,1,,,,,,bukan_konsi,,,,,
WALL POPULER COKLAT,8999999282196,code128,,S0005,Pcs,Pcs,Box,4000,6000,40,,,,,,bukan_konsi,,,,,
WALLS POPULER STW,8999999282202,code128,,S0005,Pcs,Pcs,Box,4000,6000,24,,,,,,bukan_konsi,,,,,
WALLS FEAST VANILLA,8999999294021,code128,,S0005,Pcs,Pcs,Box,4000,6000,0,,,,,,bukan_konsi,,,,,
WALLS FEAST COKLAT,8999999294038,code128,,S0005,Pcs,Pcs,Box,4000,6000,0,,,,,,bukan_konsi,,,,,
WALLS DUNG KAC.HIJAU,8999999037635,code128,,S0005,Pcs,Pcs,Box,3200,4500,42,,,,,,bukan_konsi,,,,,
WALLS FRUIT POP,8999999502232,code128,,S0005,Pcs,Pcs,Box,2800,4000,48,,,,,,bukan_konsi,,,,,
WALLS MAGNUM ALMOND,8999999005610,code128,,S0005,Pcs,Pcs,Box,12000,14000,24,,,,,,bukan_konsi,,,,,
WALLS PINK LAVA,8999999502454,code128,,S0005,Pcs,Pcs,Box,3600,5000,48,,,,,,bukan_konsi,,,,,
WALLS CONSERTO DISC COK GLEE,8999999034610,code128,,S0005,Pcs,Pcs,Box,8000,11000,24,,,,,,bukan_konsi,,,,,
WALLS POP BANANA BOAT,8851932343831,code128,,S0005,Pcs,Pcs,Box,3600,5000,36,,,,,,bukan_konsi,,,,,
LAKBAN BENING DMR 1/2,LAKBANNACHITAPE,code128,,S0009,Pcs,Pcs,Box,2083,4500,36,,,,,,bukan_konsi,,,,,
LAKBAN NACHI TAPE 1,LAKBANNACHI1,code128,,S0009,Pcs,Pcs,Box,4083,6000,25,,,,,,bukan_konsi,,,,,
PAPAN JALAN BUTERFLY,PAPANJALAN,code128,,S0009,Pcs,Pcs,Box,15833,19000,12,,,,,,bukan_konsi,,,,,
KENKO BINDER MINI 12'S,8998838080016,code128,,S0009,Pcs,Pcs,Box,2083,3500,12,,,,,,bukan_konsi,,,,,
BROKOLY5500,BROKOLY5500,code128,,S0010,Pcs,Pcs,Box,4500,5500,0,,,,,,bukan_konsi,,,,,
GUNTING KUKU GOLD,GUNTINGKUKUGOLD,code128,,S0009,Pcs,Pcs,Box,11666,16000,12,,,,,,bukan_konsi,,,,,
STABILO COLOUR JOY ART,8993988130147,code128,,S0009,Pcs,Pcs,Box,2291,4000,0,,,,,,bukan_konsi,,,,,
BUKU NOTE KECIL MIRAGE,8991389211533,code128,,S0009,Pcs,Pcs,Box,5500,8500,10,,,,,,bukan_konsi,,,,,
CAMPINA PETIT GRAPE,8998009720161,code128,,S0005,Pcs,Pcs,Box,1199,2500,0,,,,,,bukan_konsi,,,,,
CAMPINA FANTASY JERUK,8998009971037,code128,,S0005,Pcs,Pcs,Box,1599,3500,60,,,,,,bukan_konsi,,,,,
CAMPINA CHOCO PASSION 110ML,8998009710063,code128,,S0005,Pcs,Pcs,Box,5454,7500,18,,,,,,bukan_konsi,,,,,
CAMPINA CONERCO CHO. MINI,8998009710223,code128,,S0005,Pcs,Pcs,Box,10909,13000,1,,,,,,bukan_konsi,,,,,
CAMPINA CONCERTO STW MINI,8998009710261,code128,,S0005,Pcs,Pcs,Box,11999,14500,3,,,,,,bukan_konsi,,,,,
CAMPINA PETIT CHOHO MIX CUP,8998009700293,code128,,S0005,Pcs,Pcs,Box,1999,3500,36,,,,,,bukan_konsi,,,,,
CAMPINA CONCERTO SUNDAE MOC.110ML,8998009700422,code128,,S0005,Pcs,Pcs,Box,5818,8500,0,,,,,,bukan_konsi,,,,,
FRESH CARE HOT 10ML,8997021870151,code128,,S0003,Pcs,Pcs,Box,12100,16000,12,,,,,,bukan_konsi,,,,,
SAWI PUTIH 8000,SAWIPUTIH8000,code128,,S0010,Pcs,Pcs,Box,7000,8000,1,,,,,,bukan_konsi,,,,,
GARUDA ATOM PEDAS 100GR,8992775210222,code128,,S0005,Pcs,Pcs,Box,6854,8500,10,,,,,,bukan_konsi,,,,,
GERY CHOCOLATOS PASTA SAC 10'S,8992775913000,code128,,S0005,Pack,Pack,Box,15500,17500,0,,,,,,bukan_konsi,,,,,
GERY PASTA STIK,GERYPASTA,code128,,S0005,Pcs,Pcs,Box,740,1500,60,,,,,,bukan_konsi,,,,,
GARUDA PILUS ORIGINAL 95GR,8992775211427,code128,,S0005,Pcs,Pcs,Box,3886,5500,50,,,,,,bukan_konsi,,,,,
GARUDA PILUS PEDAS 95GR,8992775211410,code128,,S0005,Pcs,Pcs,Box,4080,6000,10,,,,,,bukan_konsi,,,,,
GARUDA KACANG KULIT 75GR,8992775110157,code128,,S0005,Pcs,Pcs,Box,3550,6000,10,,,,,,bukan_konsi,,,,,
RTD CHOCOLATOS / MILO,rtdchocolatos,code128,,S0002,Pcs,Pcs,Box (12),1,5000,0,,,,,,bukan_konsi,,,,,
BUSINES FILE FELIX,8982523775851,code128,,S0009,Pcs,Pcs,Box,2416,3500,0,,,,,,bukan_konsi,,,,,
MAP DIAMOND YELLOW/BLUE,MAPDIAMOND,code128,,S0009,Pcs,Pcs,Box,1450,3500,50,,,,,,bukan_konsi,,,,,
AGENDA BOOK 32100,6933005000017,code128,,S0004,Pcs,Pcs,Box,17000,22500,6,,,,,,bukan_konsi,,,,,
AGENDA BOOK 25100,6933005000024,code128,,S0009,Pcs,Pcs,Box,17500,22500,10,,,,,,bukan_konsi,,,,,
B-CLIP NO 107,8998838080023,code128,,S0009,Pcs,Pcs,Box,2291,4500,10,,,,,,bukan_konsi,,,,,
STANDARD BOLDLINER,STANDARDBOLDLINER,code128,,S0009,Pcs,Pcs,Box,7666,10500,0,,,,,,bukan_konsi,,,,,
PILOT BALL LINER MEDIUM,BALLINER,code128,,S0004,Pcs,Pcs,Box,12500,17000,12,,,,,,bukan_konsi,,,,,
BANTEX ORDNER 1446,8992238021365,code128,,S0009,Pcs,Pcs,Box,14583,18000,10,,,,,,bukan_konsi,,,,,
TERONG UNGU 2700,TERONGUNGU2700,code128,,S0010,Pcs,Pcs,Box,1700,2700,0,,,,,,bukan_konsi,,,,,
FRUIT TEA STRAWBERRY BTL 500ML,8996006853394,code128,,S0002,Pcs,Pcs,Box,4666,7500,12,,,,,,bukan_konsi,,,,,
GOLDEN GINGER HOT,88251217873,code128,,S0005,Pcs,Pcs,Box,28517,32500,6,,,,,,bukan_konsi,,,,,
GOLDEN GINGER MILD,88251217866,code128,,S0005,Pcs,Pcs,Box,28517,32500,6,,,,,,bukan_konsi,,,,,
ULTRA SUSU SLIM STRW 250ML,8998009010248,code128,,S0002,Pcs,Pcs,Box (24),4687,6500,0,,,,,,bukan_konsi,,,,,
LAURIER SUPER MAXI 20S,8992727000062,code128,,S0004,Pcs,Pcs,Box (3),8266,10000,9,,,,,,bukan_konsi,,,,,
CHARM BF EXTRA MAXI 8S,8993189270284,code128,,S0004,Pcs,Pcs,Box (3),3750,7000,12,,,,,,bukan_konsi,,,,,
TWEETY COTTON BUDS 117 75S,8992964111705,code128,,S0003,Pcs,Pcs,Box (24),4724,6500,3,,,,,,bukan_konsi,,,,,
KUSUKA JG AMERIKA 180G,653314502199,code128,,S0005,Pcs,Pcs,Box (48),10899,13000,1,,,,,,bukan_konsi,,,,,
KUSUKA SATE PEDAS 180G,653314502168,code128,,S0005,Pcs,Pcs,Box (48),10899,13000,1,,,,,,bukan_konsi,,,,,
CHITATO AYAM BUMBU 60GR,89686598476,code128,,S0005,Pcs,Pcs,Box (48),9433,12000,30,,,,,,bukan_konsi,,,,,
GARUDA KACANG KULIT BWG 250GR,8992775112120,code128,,S0005,Pcs,Pcs,Box (24),17999,19500,5,,,,,,bukan_konsi,,,,,
BUAVITA JUICE APPLE 250ML,8998009020223,code128,,S0002,Pcs,Pcs,Box (24),5700,7500,24,,,,,,bukan_konsi,,,,,
ACTIVE BAR SOAP RED 80GR,8992946521133,code128,,S0004,Pcs,Pcs,Box (6),1866,3000,3,,,,,,bukan_konsi,,,,,
ACTIVE BAR BS PURPLE 80GR,8992946521430,code128,,S0004,Pcs,Pcs,Box (6),1866,3000,3,,,,,,bukan_konsi,,,,,
ACTIVE BAR SOAP BLUE 80GR,8992946521126,code128,,S0004,Pcs,Pcs,Box (6),1866,3000,3,,,,,,bukan_konsi,,,,,
LOTTE XYLITOL LIME 30GR,8990333166042,code128,,S0005,Pcs,Pcs,Box,6399,8500,12,,,,,,bukan_konsi,,,,,
LOTTE XYLITOL BERRY MINT 29GR,8990333166073,code128,,S0005,Pcs,Pcs,Box,6399,8500,12,,,,,,bukan_konsi,,,,,
KAPAS FAC COTTON 30GR,400007483972,code128,,S0004,Pcs,Pcs,Box,2299,4000,12,,,,,,bukan_konsi,,,,,
LOTTE CHOCHO PIE 6'S,8990333811317,code128,,S0005,Pcs,Pcs,Box,13387,16500,12,,,,,,bukan_konsi,,,,,
TONG TJI PREMIUM 50GR,8992936125013,code128,,S0005,Pcs,Pcs,Box,3517,5000,20,,,,,,bukan_konsi,,,,,
TONG TJI SUPER 40GR,8992936214014,code128,,S0005,Pcs,Pcs,Box,2420,4500,10,,,,,,bukan_konsi,,,,,
WALLS CONT.ROYALE MATCHA,8999994057879,code128,,S0005,Pcs,Pcs,Box,7200,9000,12,,,,,,bukan_konsi,,,,,
WALLS CONT. BLACK ,8999999034566,code128,,S0005,Pcs,Pcs,Box,6600,8500,12,,,,,,bukan_konsi,,,,,
SOY JOY HAWTORN BERRY,8997035563469,code128,,S0005,Pcs,Pcs,Box,7849,9500,12,,,,,,bukan_konsi,,,,,
RINSO MOLTO CAIR BTL 1 L,8999999037321,code128,,S0004,Pcs,Pcs,Box,26200,28000,6,,,,,,bukan_konsi,,,,,
MOLTO PWNGI PINK 400ML,8999999400934,code128,,S0004,Pcs,Pcs,Box,5150,6500,6,,,,,,bukan_konsi,,,,,
MOLTO PWNGI BLUE 450ML,8999999400903,code128,,S0004,Pcs,Pcs,Box,5150,6500,6,,,,,,bukan_konsi,,,,,
REXONA ROLL ON SHOWER CLEAN,8999999049508,code128,,S0004,Pcs,Pcs,Box,13550,17000,3,,,,,,bukan_konsi,,,,,
REXONA ROLL ON INVISIBLE DRY,8999999049461,code128,,S0004,Pcs,Pcs,Box,13550,17000,0,,,,,,bukan_konsi,,,,,
REXONA ROLL WMN ADV.WHITNG ,8999999049447,code128,,S0004,Pcs,Pcs,Box,14900,18000,0,,,,,,bukan_konsi,,,,,
REXONA ROLL ON ANT.BAC DEFENSE,8999999047108,code128,,S0004,Pcs,Pcs,Box,13300,15500,6,,,,,,bukan_konsi,,,,,
VASELINE HEALTHY WHT SPF24 PJ 100ML,8999999003067,code128,,S0004,Pcs,Pcs,Box,16500,20500,0,,,,,,bukan_konsi,,,,,
LUX BW PINK SOFT 100ML,8999999036492,code128,,S0004,Pcs,Pcs,Box,8500,11500,6,,,,,,bukan_konsi,,,,,
LUX BW WHITE VELVET TOUCH 100ML,8999999036508,code128,,S0004,Pcs,Pcs,Box,9500,13000,10,,,,,,bukan_konsi,,,,,
CLEAR SHP SAKURA FRESH 170ML,8999999501464,code128,,S0004,Pcs,Pcs,Box,18950,22500,6,,,,,,bukan_konsi,,,,,
LIFEBOUY SHP ANTI AD 70ML,8999999033200,code128,,S0004,Pcs,Pcs,Box,6850,9500,6,,,,,,bukan_konsi,,,,,
AXE SPRAY BLACK 150ML,9300830022557,code128,,S0004,Pcs,Pcs,Box,25000,35000,3,,,,,,bukan_konsi,,,,,
AXE SPRAY DEO GOLD 150ML,9300830019380,code128,,S0004,Pcs,Pcs,Box,24800,32000,3,,,,,,bukan_konsi,,,,,
AXE SPRAY DARK TEMP.150ML,4800888141125,code128,,S0004,Pcs,Pcs,Box,25000,35000,3,,,,,,bukan_konsi,,,,,
CLOSEUP GEL GREEN 160G,8999999707859,code128,,S0004,Pcs,Pcs,Box,13100,15500,12,,,,,,bukan_konsi,,,,,
PONDS MEN ENERGY CHARGE 100GR,8999999034696,code128,,S0004,Pcs,Pcs,Box,23600,26500,6,,,,,,bukan_konsi,,,,,
PONDS MEN WHITE BOOST 100G,8999999034733,code128,,S0004,Pcs,Pcs,Box,23600,26500,6,,,,,,bukan_konsi,,,,,
CLEAR SHP ICE MENTHOLL COOL 170M,8999999029616,code128,,S0004,Pcs,Pcs,Box,18950,22500,6,,,,,,bukan_konsi,,,,,
RINSO ANTI NODA LIQ 800M,8999999006006,code128,,S0004,Pcs,Pcs,Box,16500,18500,3,,,,,,bukan_konsi,,,,,
RINSO MOLTO CAIR POUCH 800M,8999999016128,code128,,S0004,Pcs,Pcs,Box,16500,18500,3,,,,,,bukan_konsi,,,,,
SURF EXTRA LIME 990GR,8999999501938,code128,,S0004,Pcs,Pcs,Box,14750,16500,12,,,,,,bukan_konsi,,,,,
CITRA  NATURAL WHITE UV 250ML,8999999003753,code128,,S0004,Pcs,Pcs,Box,15300,17500,0,,,,,,bukan_konsi,,,,,
LIS0018BOUY SHP A.HAIR F 170ML,8999999033132,code128,,S0004,Pcs,Pcs,Box,13750,16000,6,,,,,,bukan_konsi,,,,,
LIFEBUOY SHP A.HARFALL 70ML,8999999033125,code128,,S0004,Pcs,Pcs,Box,6200,8500,6,,,,,,bukan_konsi,,,,,
PONDS ACNE SOLUTION 50GR,8999999058357,code128,,S0004,Pcs,Pcs,Box,14400,16500,6,,,,,,bukan_konsi,,,,,
PONDS ACNE SOLUTION 100G,8999999058340,code128,,S0004,Pcs,Pcs,Box,22300,25000,6,,,,,,bukan_konsi,,,,,
PONDS PURE WHITE 100G,8999999053048,code128,,S0004,Pcs,Pcs,Box,20900,28000,3,,,,,,bukan_konsi,,,,,
PONDS PURE WHITE 50G,8999999052973,code128,,S0004,Pcs,Pcs,Box,14400,18000,6,,,,,,bukan_konsi,,,,,
CITRA HBL PEARLY WHITE 250M,8999999003760,code128,,S0004,Pcs,Pcs,Box,15300,17500,6,,,,,,bukan_konsi,,,,,
SUNSILK SHP BLACK SHINE 70ML,8999999048174,code128,,S0004,Pcs,Pcs,Box,7500,10500,6,,,,,,bukan_konsi,,,,,
WALLS PADDLE. RAINBOW PWR ,8999999047207,code128,,S0005,Pcs,Pcs,Box,2400,4500,48,,,,,,bukan_konsi,,,,,
PONDS WHITE BEAUTY 100G,8999999053031,code128,,S0004,Pcs,Pcs,Box,20900,28000,3,,,,,,bukan_konsi,,,,,
PONDS WHITE BEAUTY 50G,8999999052959,code128,,S0004,Pcs,Pcs,Box,14000,17500,6,,,,,,bukan_konsi,,,,,
SUNSILK HIJAB REFRESH 70M,8999999048488,code128,,S0004,Pcs,Pcs,Box,7550,9500,6,,,,,,bukan_konsi,,,,,
CITRA PEARLY WHITE UV 120ML,8999999003722,code128,,S0004,Pcs,Pcs,Box,9000,12500,0,,,,,,bukan_konsi,,,,,
PEPSODENT PG ACTION123 HERBAL190G,8999999710866,code128,,S0004,Pcs,Pcs,Box,14900,17000,12,,,,,,bukan_konsi,,,,,
SUNSILK SHPHIJAB AD 70ML,8999999048518,code128,,S0004,Pcs,Pcs,Box,7550,10500,6,,,,,,bukan_konsi,,,,,
LIFEBOUY SOAP VITA PROTEC 85G,8999999059354,code128,,S0004,Pcs,Pcs,Box,2500,3500,12,,,,,,bukan_konsi,,,,,
LIFEBOUY SOAP LMN FRESH 85G,8999999059323,code128,,S0004,Pcs,Pcs,Box,2500,3500,2,,,,,,bukan_konsi,,,,,
LIFEBOUY SOAP NAT.PURE 85G,8999999059330,code128,,S0004,Pcs,Pcs,Box,2300,3500,12,,,,,,bukan_konsi,,,,,
LIFEBOUY SOAP COOL FRESH,8999999059347,code128,,S0004,Pcs,Pcs,Box,2500,3500,12,,,,,,bukan_konsi,,,,,
LIFEBOUY SOAP TOTAL RED 85G,8999999059309,code128,,S0004,Pcs,Pcs,Box,2500,3500,12,,,,,,bukan_konsi,,,,,
LIFEBOUY SOAP MILD CARE 85G,8999999059316,code128,,S0004,Pcs,Pcs,Box,2500,3500,12,,,,,,bukan_konsi,,,,,
PONDS ACNE SOLUTION NEW 100G,8999999034719,code128,,S0004,Pcs,Pcs,Box,23300,25500,3,,,,,,bukan_konsi,,,,,
SLEEK P.TANGAN APPLE POUCH 400M,8993417260711,code128,,S0004,Pcs,Pcs,Box,11500,14000,3,,,,,,bukan_konsi,,,,,
SLEEK P.TANGAN APPLE BTL 500M,8993417260216,code128,,S0004,Pcs,Pcs,Box,17699,21000,3,,,,,,bukan_konsi,,,,,
SLEEK P.TANGAN LEMON POUCH 400M,8993417260728,code128,,S0004,Pcs,Pcs,Box,11500,14000,6,,,,,,bukan_konsi,,,,,
SLEEK P.TANGAN LEMON BTL 500M,8993417260223,code128,,S0004,Pcs,Pcs,Box,17699,21000,3,,,,,,bukan_konsi,,,,,
SLEEK P.TANGAN STW POUCH 400M,8993417260735,code128,,S0004,Pcs,Pcs,Box,11500,14000,4,,,,,,bukan_konsi,,,,,
SLEEK P.TANGAN STW BTL 500ML,8993417260230,code128,,S0004,Pcs,Pcs,Box,17699,21000,3,,,,,,bukan_konsi,,,,,
ELLIPS SMOOTH & SHINYI,8993417200014,code128,,S0004,Pcs,Pcs,Box,8600,11500,12,,,,,,bukan_konsi,,,,,
GARUDA ATOM 22GR,8992775214008,code128,,S0005,Pcs,Pcs,Box,727,1000,20,,,,,,bukan_konsi,,,,,
LEO KENTANG 48GR,8992775511244,code128,,S0005,Pcs,Pcs,Box,3915,5000,9,,,,,,bukan_konsi,,,,,
LEO KENTANG 10GR,8992775511237,code128,,S0005,Pcs,Pcs,Box,727,1000,10,,,,,,bukan_konsi,,,,,
LEO KENTANG RUMPUT LAUT 80G,8992775511282,code128,,S0005,Pcs,Pcs,Box,6580,9500,15,,,,,,bukan_konsi,,,,,
CLEVO MINUMAN STW 200ML,8992775717042,code128,,S0005,Pcs,Pcs,Box,2800,4000,24,,,,,,bukan_konsi,,,,,
CLEVO MINUMAN COKLAT 200M,8992775717035,code128,,S0005,Pcs,Pcs,Box,2800,4000,24,,,,,,bukan_konsi,,,,,
JAMUR KANCING,JAMURKANCING,code128,,S0010,Pcs,Pcs,Box,6000,7000,2,,,,,,bukan_konsi,,,,,
CAP KAKI TIGA LECI 320ML CAN,8995227500278,code128,,S0002,Pcs,Pcs,Box,5124,7000,24,,,,,,bukan_konsi,,,,,
TERONG UNGU 3500 NEW,TERONG3500NEW,code128,,S0010,Pcs,Pcs,Box,2500,3500,3,,,,,,bukan_konsi,,,,,
MAYASI NASTAR 350GR,MAYASINASTAR,code128,,S0005,Pcs,Pcs,Box,52502,57500,6,,,,,,bukan_konsi,,,,,
MAYASI CLASIC GARLIC 60G,8991002502543,code128,,S0005,Pcs,Pcs,Box,8959,11000,15,,,,,,bukan_konsi,,,,,
MAYASI CLASIK ORIGINAL 60G,8991002502529,code128,,S0005,Pcs,Pcs,Box,8959,11000,15,,,,,,bukan_konsi,,,,,
MAYASI PREMIUM HOT&SPICY 80G,8991002502765,code128,,S0005,Pcs,Pcs,Box,9504,12500,15,,,,,,bukan_konsi,,,,,
MAYASI PREMIUM GARLIC 80GR,8991002502376,code128,,S0005,Pcs,Pcs,Box,9504,12500,15,,,,,,bukan_konsi,,,,,
RTD TORABIKA COCOA,RTDTORABIKACOCOA,code128,,S0002,Pcs,Pcs,Box,1,4500,0,,,,,,bukan_konsi,,,,,
labu6500,labu6500,code128,,S0010,Pcs,Pcs,Box,5500,6500,0,,,,,,bukan_konsi,,,,,
SAWI PUTIH 5500,sawiputih5500,code128,,S0010,Pcs,Pcs,Box,4500,5500,0,,,,,,bukan_konsi,,,,,
pucuk less sugar 500ml,8996001600191,code128,,S0002,Pcs,Pcs,Box,4900,6000,24,,,,,,bukan_konsi,,,,,
ROMA KELAPA KLG 450G,8886001012080,code128,,S0005,Pcs,Pcs,Box,20900,25000,6,,,,,,bukan_konsi,,,,,
BEAR BRAND KLNG 189ML,8992696404441,code128,,S0002,Pcs,Pcs,Box,9000,11000,12,,,,,,bukan_konsi,,,,,
WALLS DISC OREO,8999999500689,code128,,S0005,Pcs,Pcs,Box,7600,10500,24,,,,,,bukan_konsi,,,,,
WALLS SHAKE SHAKE,8999999275440,code128,,S0005,Pcs,Pcs,Box,8000,10000,24,,,,,,bukan_konsi,,,,,
WALLS TRICO ,8999999280253,code128,,S0005,Pcs,Pcs,Box,1600,3000,48,,,,,,bukan_konsi,,,,,
WALLS MAGNUM RED VELVETA,8999999504502,code128,,S0005,Pcs,Pcs,Box,10800,13000,12,,,,,,bukan_konsi,,,,,
WALLS MAGNUM WHITE,8999999045555,code128,,S0005,Pcs,Pcs,Box,12000,14000,24,,,,,,bukan_konsi,,,,,
WALLS P.POP COCO MAGMA,8999999047191,code128,,S0005,Pcs,Pcs,Box,1600,3000,48,,,,,,bukan_konsi,,,,,
NISSIN BIS.CRACKERS 300G,8888166338449,code128,,S0005,Pcs,Pcs,Box,8500,11500,20,,,,,,bukan_konsi,,,,,
LOTTE CHO PIE 28GR,8990333811119,code128,,S0005,Pcs,Pcs,Box,2250,3500,12,,,,,,bukan_konsi,,,,,
LOTTE GUM BARLEY MINT,8990333115088,code128,,S0005,Pcs,Pcs,Box,1320,2500,0,,,,,,bukan_konsi,,,,,
LOTTE GUM BLUE BERRY,8990333115033,code128,,S0005,Pcs,Pcs,Box,1500,2500,20,,,,,,bukan_konsi,,,,,
LOTTE GUM NAVEL,8990333115132,code128,,S0005,Pcs,Pcs,Box,1320,2500,20,,,,,,bukan_konsi,,,,,
LOTTE GUM APPLE ,8990333100183,code128,,S0005,Pcs,Pcs,Box,1500,2500,20,,,,,,bukan_konsi,,,,,
LOTTE GUM S.BERRY,8990333115101,code128,,S0005,Pcs,Pcs,Box,1500,2500,20,,,,,,bukan_konsi,,,,,
LOTTE GUM SPEARMINT,8990333100336,code128,,S0005,Pcs,Pcs,Box,1500,2500,20,,,,,,bukan_konsi,,,,,
CUSSON BABY POWDER 50GR,8888103201010,code128,,S0004,Pcs,Pcs,Box,3500,5000,6,,,,,,bukan_konsi,,,,,
MY BABY SWEET F. POWDER 75G,8999908660008,code128,,S0004,Pcs,Pcs,Box,4250,6500,6,,,,,,bukan_konsi,,,,,
DIAPET KAPLET,8998777110218,code128,,S0003,Pcs,Pcs,Box,1900,4000,25,,,,,,bukan_konsi,,,,,
GANDUM GRNG KEJU ALL Var,GANDUMALLVAR,code128,,S0005,Pcs,Pcs,Box,10000,12500,24,,,,,,bukan_konsi,,,,,
GARUDA KULIT BWG 70GR,8992775112144,code128,,S0005,-,-,Box,3903,5500,40,,,,,,bukan_konsi,,,,,
GERY WFR KEJU 14GR,8992775302286,code128,,S0005,Pcs,Pcs,Box,720,1500,20,,,,,,bukan_konsi,,,,,
CHOCOLATOS DARK MINI 33G,8992775311547,code128,,S0005,Pcs,Pcs,Box,1599,3500,30,,,,,,bukan_konsi,,,,,
CHOCO MILK WHITE 20GR,8992952950934,code128,,S0005,Pcs,Pcs,Box,895,1500,24,,,,,,bukan_konsi,,,,,
YEOS SOYA BEAN KLG 300M,9556156003347,code128,,S0005,Pcs,Pcs,Box,3899,5500,24,,,,,,bukan_konsi,,,,,
QUAKER OAT QUICK COOK 200G,9556174802229,code128,,S0005,Pcs,Pcs,Box,10300,12500,12,,,,,,bukan_konsi,,,,,
LOTTE XYLITOL FRESHMINT 29G,8990333166059,code128,,S0005,Pcs,Pcs,Box,6399,8500,12,,,,,,bukan_konsi,,,,,
HEXOS BARLEY MINT SAC,8998685013007,code128,,S0005,Pcs,Pcs,Box,1339,3500,24,,,,,,bukan_konsi,,,,,
QTELA RS AYAM BW 60GR,89686611816,code128,,S0005,Pcs,Pcs,Box,4199,6000,12,,,,,,bukan_konsi,,,,,
POTABEE BBQ BEEF 68GR,8998866201469,code128,,S0005,Pcs,Pcs,Box,7200,10000,30,,,,,,bukan_konsi,,,,,
POTABEE SEAWEED 68GR,8998866201490,code128,,S0005,Pcs,Pcs,Box,7200,10000,30,,,,,,bukan_konsi,,,,,
CHITATO SAPI BMB BKR 35GR,89686598582,code128,,S0005,Pcs,Pcs,Box,5500,7500,10,,,,,,bukan_konsi,,,,,
CHITATO COUPLE TEMPURA 55G,89686598254,code128,,S0005,Pcs,Pcs,Box,7899,9500,10,,,,,,bukan_konsi,,,,,
KUSUKA RUMPUT LAUT 180G,653314506012,code128,,S0005,Pcs,Pcs,Box,10900,12500,6,,,,,,bukan_konsi,,,,,
TUSUK GIGI HOKKY,TUSUKGIGI,code128,,S0005,Pcs,Pcs,Box,2750,4000,10,,,,,,bukan_konsi,,,,,
QUAKER OAT INSTANT 200G,9556174802236,code128,,S0005,Pcs,Pcs,Box,10300,12500,6,,,,,,bukan_konsi,,,,,
DETTOL COOL SOAP 105G ,8993560025007,code128,,S0004,Pcs,Pcs,Box,4841,7000,6,,,,,,bukan_konsi,,,,,
DETTOL SOAP ORIGINAL 105G,8993560024987,code128,,S0004,Pcs,Pcs,Box,4841,7000,6,,,,,,bukan_konsi,,,,,
DETTOL SOAP FRESH 105G,8993560025021,code128,,S0004,Pcs,Pcs,Box,4841,6500,6,,,,,,bukan_konsi,,,,,
DETTOL SOAP SKINCARE 105G,8993560025083,code128,,S0004,Pcs,Pcs,Box,4841,6500,6,,,,,,bukan_konsi,,,,,
NPP SPECIAL,NPPSPECIAL,code128,,S0012,Pcs,Pcs,Box (12),7200,18000,0,,,,,,bukan_konsi,,,,,
S0012 KWETIAU,NPPKWETIAU,code128,,S0012,Pcs,Pcs,Box (24),7200,18000,0,,,,,,bukan_konsi,,,,,
NPP BIASA,NPPBIASA,code128,,S0012,Pcs,Pcs,Box,7200,18000,0,,,,,,bukan_konsi,,,,,
LE MINERALE 1500ML,8996001600399,code128,,S0002,Pcs,Pcs,Box,3375,6500,24,,,,,,bukan_konsi,,,,,
WALLS MAGNUM MINI COKLAT 1PCS,MAGNUMMINICOKLAT,code128,,S0005,Pcs,Pcs,Box,5466,7000,6,,,,,,bukan_konsi,,,,,
WALLS MAGNUM MINI WHITE 1PCS,MAGNUMMINIWHITE,code128,,S0005,Pcs,Pcs,Box,5466,7000,6,,,,,,bukan_konsi,,,,,
WALLS SELECTION OREO 410ML,8999999035051,code128,,S0005,Pcs,Pcs,Box,21200,23500,0,,,,,,bukan_konsi,,,,,
S0012 SPECIAL,S0012SPECIAL,code128,,S0012,Pcs,Pcs,Box,7200,18000,0,,,,,,bukan_konsi,,,,,
WALLS MINI COOK & COK 12X28M,8999999058456,code128,,S0005,Pack,Pack,Box,24000,27500,10,,,,,,bukan_konsi,,,,,
WALLS EXTRA CREAMY 350M,8999999042257,code128,,S0005,Pcs,Pcs,Box,17600,20000,2,,,,,,bukan_konsi,,,,,
WALLS ROYAL MATCHA 135M,8999999057879,code128,,S0005,Pcs,Pcs,Box,7200,10000,12,,,,,,bukan_konsi,,,,,
SOY JOY BANANA 30GR,8997035600720,code128,,S0005,Pcs,Pcs,Box,7849,9500,12,,,,,,bukan_konsi,,,,,
KLATU SANTAN 70M,8997204240030,code128,,S0005,Pcs,Pcs,Box,2420,3500,0,,,,,,bukan_konsi,,,,,
GARUDA ATOM 200GR,8992775210109,code128,,S0005,Pcs,Pcs,Box,10982,13500,30,,,,,,bukan_konsi,,,,,
GARUDA TING-TING PACK,8992775610008,code128,,S0005,Pcs,Pcs,Box,5860,8000,20,,,,,,bukan_konsi,,,,,
GARUDA KACANG KULIT 400G,8992775110119,code128,,S0005,Pcs,Pcs,Box,27480,30000,0,,,,,,bukan_konsi,,,,,
GARUDA ATOM PEDAS 23G,8992775200339,code128,,S0005,Pcs,Pcs,Box,799,1000,250,,,,,,bukan_konsi,,,,,
GERY SALUT SWEET CHEESE 18G,8992775305034,code128,,S0005,Pcs,Pcs,Box,800,1500,120,,,,,,bukan_konsi,,,,,
GARUDA ROSTA PEDAS 25G,8992775203439,code128,,S0005,Pcs,Pcs,Box,1600,3000,20,,,,,,bukan_konsi,,,,,
MAKARONI BANTAT SEKAWAN 200G,MAKARONIBANTAT,code128,,S0005,Pcs,Pcs,Box,12000,15500,0,,,,,,bukan_konsi,,,,,
NISSIN BICUIT KLPA IJO 280G,8888166996083,code128,,S0005,Pcs,Pcs,Box,6249,8500,10,,,,,,bukan_konsi,,,,,
NISSIN WFR COKLAT 50G,8888166994768,code128,,S0005,Pcs,Pcs,Box,1700,3000,60,,,,,,bukan_konsi,,,,,
NISSIN CHOCO SOES 100G,8888166995000,code128,,S0005,Pcs,Pcs,Box,8500,10500,36,,,,,,bukan_konsi,,,,,
SAWI PUTIH 4000,sawiputih4000,code128,,S0010,Pcs,Pcs,Box,3000,4000,0,,,,,,bukan_konsi,,,,,
KRIPIK JAGUNG SEKAWAN 200G,KRIPIKJAGUNGSEKAWAN,code128,,S0005,Pcs,Pcs,Box,11000,14500,5,,,,,,bukan_konsi,,,,,
KRIPIK PISANG SEKAWAN 200GR,KRIPIKPISANGSEKAWAN,code128,,S0005,Pcs,Pcs,Box,12000,15500,5,,,,,,bukan_konsi,,,,,
UBI UNGU SEKAWAN 180G,UBIUNGUSEKAWAN,code128,,S0005,Pcs,Pcs,Box,12000,15500,5,,,,,,bukan_konsi,,,,,
LOTTE BLACK STIK,8990333115095,code128,,S0005,Pcs,Pcs,Box,1500,2500,20,,,,,,bukan_konsi,,,,,
MYLANTAH KAPLET 10'S,8992725051219,code128,,S0003,Pcs,Pcs,Box,6500,9000,10,,,,,,bukan_konsi,,,,,
WALLS P.POP OCTUPUS,8851932368506,code128,,S0005,Pcs,Pcs,Box,3600,5000,36,,,,,,bukan_konsi,,,,,
BOLA DUNIA A4 70,8991389295021,code128,,S0008,Pack,Pack,Box,38500,43500,50,,,,,,bukan_konsi,,,,,
MITU TISSUE BOTOL BLUE ,8992750540412,code128,,S0004,Pcs,Pcs,Box,12806,16500,0,,,,,,bukan_konsi,,,,,
MITU TISSUE PINK BTL ,8992750540405,code128,,S0004,Pcs,Pcs,Box,12806,16500,3,,,,,,bukan_konsi,,,,,
MITU BABY FRESH&CLEAN PINK REFILL,8992750540504,code128,,S0004,Pcs,Pcs,Box,11653,14500,0,,,,,,bukan_konsi,,,,,
MITU BABAY POWDER 75GR,8992745550488,code128,,S0004,Pcs,Pcs,Box,5379,7500,6,,,,,,bukan_konsi,,,,,
MITU BABY POWDER 200GR,8992745380160,code128,,S0004,Pcs,Pcs,Box,9788,14000,2,,,,,,bukan_konsi,,,,,
MITU BABY OIL 100ML,8992745380542,code128,,S0004,Pcs,Pcs,Box,11805,14000,6,,,,,,bukan_konsi,,,,,
MITU HAIR LOTION 100ML,8992745826880,code128,,S0004,Pcs,Pcs,Box,13712,16500,3,,,,,,bukan_konsi,,,,,
MITU COLOGNE GREEN 50ML,8992745326663,code128,,S0004,Pcs,Pcs,Box,6246,8000,3,,,,,,bukan_konsi,,,,,
MITU COLOGNE PINK 50ML,8992745326472,code128,,S0004,Pcs,Pcs,Box,6246,8000,3,,,,,,bukan_konsi,,,,,
STELLA RED KISS,8992745326687,code128,,S0004,Pcs,Pcs,Box,12394,15000,3,,,,,,bukan_konsi,,,,,
STELLA ORANGE BLOSSOM,8992745326694,code128,,S0004,Pcs,Pcs,Box,12394,15000,0,,,,,,bukan_konsi,,,,,
STELLA PURPLE DREAM,8992745380191,code128,,S0004,Pcs,Pcs,Box,12394,15000,3,,,,,,bukan_konsi,,,,,
STELLA SKYLINE DRAGON 70M,8992745320357,code128,,S0004,Pcs,Pcs,Box,19223,23500,1,,,,,,bukan_konsi,,,,,
STELLA SKYLINE ORIN 70ML,8992745320388,code128,,S0004,Pcs,Pcs,Box,19223,23500,1,,,,,,bukan_konsi,,,,,
STELLA SKYLINE FRES APPLE 70ML,8992745325505,code128,,S0004,Pcs,Pcs,Box,19223,23500,1,,,,,,bukan_konsi,,,,,
STELLA SKYLINE LEMON 70ML,8992745320364,code128,,S0004,Pcs,Pcs,Box,19233,23500,1,,,,,,bukan_konsi,,,,,
MITU TISSUE BTL ANTISEPTIC,8992745380597,code128,,S0004,Pcs,Pcs,Box,11200,16500,3,,,,,,bukan_konsi,,,,,
EKONOMI CREAM LMN 500K,8998866600095,code128,,S0004,Pcs,Pcs,Box,1700,3500,30,,,,,,bukan_konsi,,,,,
EKONOMI PTH 500K,8998866607872,code128,,S0004,Pcs,Pcs,Box,1662,3500,30,,,,,,bukan_konsi,,,,,
LARUTAN PENYEGAR CAP BADAK 200ML,8999988888989,code128,,S0002,Pcs,Pcs,Box,2959,5000,0,,,,,,bukan_konsi,,,,,
SARI ROTI DORAYAKI,8992907952549,code128,,S0005,Pcs,Pcs,Box,4400,5000,0,,,,,,bukan_konsi,,,,,
TORABIKA CREAM LATE,8998666001306,code128,,S0005,Pcs,Pcs,Box,9900,13000,0,,,,,,bukan_konsi,,,,,
TORABIKA BROWN CAFE,8996001410547,code128,,S0005,Pcs,Pcs,Box,8500,11500,3,,,,,,bukan_konsi,,,,,
TORACAFE CHOCOMELT VOLCANO,8998666001924,code128,,S0005,Pcs,Pcs,Box,9680,13000,0,,,,,,bukan_konsi,,,,,
KOTA TUA KOPI BOX 5'S,8997029940092,code128,,S0005,Pcs,Pcs,Box,5750,7500,16,,,,,,konsi,,,,,
KOTA TUA KOPI PREMIUM 180G,8997029940085,code128,,S0005,Pcs,Pcs,Box,22500,25500,20,,,,,,konsi,,,,,
KOTA TUA KOPI SAC 10'S,KOTATUASAC,code128,,S0005,Pcs,Pcs,Box,10500,13500,10,,,,,,konsi,,,,,
ENVIO MILD ,8991911101011,code128,,S0007,Pcs,Pcs,Box,15300,18000,10,,,,,,bukan_konsi,,,,,
PILOT BALLPOINT HITAM,PILOTHITAM,code128,,S0004,Pcs,Pcs,Box,1850,3500,12,,,,,,bukan_konsi,,,,,
PILOT BALLPOINT BIRU,PILOTBIRU,code128,,S0005,Pcs,Pcs,Box,1850,3500,12,,,,,,bukan_konsi,,,,,
ubiungu18000,ubiungu18000,code128,,S0010,Pcs,Pcs,Box,16500,18000,0,,,,,,bukan_konsi,,,,,
SIDU BUKU TULIS 38L,8991389220016,code128,,S0009,Pcs,Pcs,Box,2200,4000,40,,,,,,bukan_konsi,,,,,
SIDU BUKU TULIS 58L,8991389220054,code128,,S0009,Pcs,Pcs,Box,2632,4500,0,,,,,,bukan_konsi,,,,,
GUNTING KA 838,8993988345008,code128,,S0004,Pcs,Pcs,Box,7500,12000,12,,,,,,bukan_konsi,,,,,
KENKO PEMB. S0008 N0.30,8998838310083,code128,,S0009,Pcs,Pcs,Box,10500,13500,10,,,,,,bukan_konsi,,,,,
KENKO TIP-EX RE TYPE 823,8998830050002,code128,,S0009,Pcs,Pcs,Box,4674,6500,10,,,,,,bukan_konsi,,,,,
JOYKO LEM STIK GS-100,8993988111092,code128,,S0004,Pcs,Pcs,Box,1625,3500,24,,,,,,bukan_konsi,,,,,
PENGGARIS PLASTIK 30CM,PENGGARISPLASTIK,code128,,S0009,Pcs,Pcs,Box,1458,3000,0,,,,,,bukan_konsi,,,,,
KENKO DOUBLE TAPE 1/2,KENKO1/2TAPE,code128,,S0009,Pcs,Pcs,Box,2416,4500,12,,,,,,bukan_konsi,,,,,
KENKO DOUBLE TAPE 1,KENKO1TAPE,code128,,S0009,Pcs,Pcs,Box,4833,7000,12,,,,,,bukan_konsi,,,,,
RTD KOPIKO BROWN COFFE,rtdkopikobc,code128,,S0002,Pcs,Pcs,Box,1,5000,0,,,,,,bukan_konsi,,,,,
RTD TORABIKA CAPUCINO,rtdtorabika1,code128,,S0002,Pcs,Pcs,Box,1,5000,0,,,,,,bukan_konsi,,,,,
JOYKO ISI ULANG CUTTER L-500,JOYKOL500,code128,,S0004,Pcs,Pcs,Box,4800,7500,12,,,,,,bukan_konsi,,,,,
CHITATO CPL SOY 55GR,89686598261,code128,,S0005,Pcs,Pcs,Box,7899,9500,10,,,,,,bukan_konsi,,,,,
QTELA UBIUNGU 45GR,89686611007,code128,,S0005,Pcs,Pcs,Box,4900,6500,12,,,,,,bukan_konsi,,,,,
MOMOGI JAGUNG BAKAR,8994075230399,code128,,S0005,Pcs,Pcs,Box (24),395,500,0,,,,,,bukan_konsi,,,,,
MINUTE PULPY MANGO 350ML,8992761166144,code128,,S0002,Pcs,Pcs,Box,5899,7000,12,,,,,,bukan_konsi,,,,,
NANO-NANO MILK STW 12G,8998685179017,code128,,S0005,Pcs,Pcs,Box,1999,3000,24,,,,,,bukan_konsi,,,,,
NAN0-NANO MILKY CHO 12G,8998685221013,code128,,S0005,Pcs,Pcs,Box,1999,3000,30,,,,,,bukan_konsi,,,,,
NESCAFE UHT FRENCH VNLA 200M,8992696422650,code128,,S0005,Pcs,Pcs,Box,3888,6000,36,,,,,,bukan_konsi,,,,,
MR. MUSCLE P.KACA PUMP 500ML,8992779251405,code128,,S0004,Pcs,Pcs,Box,9900,13000,6,,,,,,bukan_konsi,,,,,
WINDEX APLE POUCH 425MLA,8992779257407,code128,,S0004,Pcs,Pcs,Box,3050,5000,4,,,,,,bukan_konsi,,,,,
MR MUSCLE BIRU REF 440ML,8992779251306,code128,,S0004,Pcs,Pcs,Box,3799,6500,6,,,,,,bukan_konsi,,,,,
BONCABE TABUR TERI ,8995899250228,code128,,S0005,Pcs,Pcs,Box,5766,7500,12,,,,,,bukan_konsi,,,,,
DUA BELIBIS 135ML,8992984910128,code128,,S0005,Pcs,Pcs,Box,9400,12500,6,,,,,,bukan_konsi,,,,,
DELMONTE EXTRA HOT BTL 200ML,8998888710529,code128,,S0005,Pcs,Pcs,Box,6800,10500,6,,,,,,bukan_konsi,,,,,
DUA BELIBIS BTL 340ML,8992984910135,code128,,S0005,Pcs,Pcs,Box,13500,18500,6,,,,,,bukan_konsi,,,,,
MAMASUKA TP TEMPE 80G,8995102702070,code128,,S0005,Pcs,Pcs,Box,2266,4500,10,,,,,,bukan_konsi,,,,,
KOBE TEPUNG TEMPE 80GR,8995899111024,code128,,S0005,Pcs,Pcs,Box,2519,4500,10,,,,,,bukan_konsi,,,,,
BANGO AYAM BACEM 60GR,8999999042448,code128,,S0005,Pcs,Pcs,Box,2966,4500,9,,,,,,bukan_konsi,,,,,
BANGO TEMPE TAHU BACEM 60G,8999999042462,code128,,S0005,Pcs,Pcs,Box,2966,4500,9,,,,,,bukan_konsi,,,,,
CHITATO CUP SAPI PGG 55GR,89686598049,code128,,S0005,Pcs,Pcs,Box,4500,7500,24,,,,,,bukan_konsi,,,,,
TROP SLIM DIATAB/CLASIC SAC,TROPGULAJAGUNG,code128,,S0005,Pcs,Pcs,Box,788,1500,100,,,,,,bukan_konsi,,,,,
S0016 TELKOMSEL 5,S0016telkomsel5,code128,,S0005,Pcs,Pcs,Box,6000,7500,1,,,,,,bukan_konsi,,,,,
LUCKY STRIKE MILD 12,8998127912288,code128,,S0007,Pcs,Pcs,Box,9300,12500,10,,,,,,bukan_konsi,,,,,
LUCKY STRIKE 16,8998127912264,code128,,S0007,Pcs,Pcs,Box,14500,17000,10,,,,,,bukan_konsi,,,,,
LUCKY STRIK MERAH,89981108,code128,,S0007,Pcs,Pcs,Box,23050,25500,10,,,,,,bukan_konsi,,,,,
"GERY SALUUT WFR 7,5GR",8992775312452,code128,,S0005,Pcs,Pcs,Box,412,1000,144,,,,,,bukan_konsi,,,,,
PONDS WHITE BEAUTY 50G DUL,8999999052980,code128,,S0004,Pcs,Pcs,Box,13750,16000,3,,,,,,bukan_konsi,,,,,
BAYGON FRESH SCENT 600M ,8998899001166,code128,,S0004,Pcs,Pcs,Box,23000,29500,3,,,,,,bukan_konsi,,,,,
BAYGON LAVENDER 600M,8998899001470,code128,,S0004,Pcs,Pcs,Box,23000,29500,3,,,,,,bukan_konsi,,,,,
NISSIN WFR COKLAT 330G KLG,8888166995321,code128,,S0005,Pcs,Pcs,Box,24000,27500,6,,,,,,bukan_konsi,,,,,
MARJAN SYRUP MELON,8998888110213,code128,,S0005,Pcs,Pcs,Box,16500,20000,12,,,,,,bukan_konsi,,,,,
ABC SQUASH MANGGA,711844150065,code128,,S0002,Pcs,Pcs,Box,12500,12500,12,,,,,,bukan_konsi,,,,,
MIE LIDI ITEUNG ALL VAR,8992940873207,code128,,S0005,Pcs,Pcs,Box,15000,17500,22,,,,,,bukan_konsi,,,,,
WALLS CHOCO NUTTY CRUNCH,8999999502218,code128,,S0005,Pcs,Pcs,Box,21200,24000,0,,,,,,bukan_konsi,,,,,
PADDLE POP OCTOPUS EXP,8851932368506,code128,,S0005,Pcs,Pcs,Box,3600,5500,0,,,,,,bukan_konsi,,,,,
WALLS ICE CREAM SANDWICH ,8999999048556,code128,,S0005,Pcs,Pcs,Box,4800,7000,32,,,,,,bukan_konsi,,,,,
WALLS CRNT MINI DSC TRM GLEE,8999999034672,code128,,S0005,Pcs,Pcs,Box,26500,28500,2,,,,,,bukan_konsi,,,,,
WALLS KACANG IJO STICK,8999999037635,code128,,S0005,Pcs,Pcs,Box,3200,5000,0,,,,,,bukan_konsi,,,,,
GUDANG GARAM SIGNATUR MILD,8998989300230,code128,,S0007,Pcs,Pcs,Box,15800,18500,10,,,,,,bukan_konsi,,,,,
GUDANG GARAM SIGNATUR FILTER,8998989300155,code128,,S0007,Pcs,Pcs,Box,15500,18000,10,,,,,,bukan_konsi,,,,,
BELFOOD ROYAL CHIC.STIK 500GR CTN,BELFOODROYALCHICKENSTICK,code128,,BELS0005,Pack,Pack,Box (12),377832,415548,1,,,,,,bukan_konsi,,,,,
"BELS0005 Royal, Crispy Karaage 500 ",BELFOODROYALCRISPYKARAGE,code128,,BELS0005,Pack,Pack,Box (12),426972,455124,12,,,,,,bukan_konsi,,,,,
"BELS0005 Royal, Chicken Nugget S 50",BELFOODROYALCHICKENNUGGETS,code128,,BELS0005,Pack,Pack,Box (12),377.83,427188,1,,,,,,bukan_konsi,,,,,
"BELS0005 Royal, Golden Fillet 500 G",BELFOODROYALGOLDENFILLET,code128,,BELS0005,Pack,Pack,Box (12),490308,522636,12,,,,,,bukan_konsi,,,,,
"BELS0005 Royal, Cordon Bleu 500 gr",BELFOODROYALCORDONBLEU,code128,,BELS0005,Pack,Pack,Box (12),668850,712950,12,,,,,,bukan_konsi,,,,,
"BELS0005 Favorite, Chicken Nugget C",BELFOODFAVCHICKENNUGGETCERIA,code128,,BELS0005,Pack,Pack,Box (12),362544,386448,12,,,,,,bukan_konsi,,,,,
BELS0005 Favorite Kentang GRG 500GR,BELFOODFAVKENTANGGORENG,code128,,S0005,Pack,Pack,Box (12),255528,294492,0,,,,,,bukan_konsi,,,,,
"BELS0005 Favorite, Ayam Goreng Reny",BELFOODFAVAYAMGORENG,code128,,BELS0005,Pack,Pack,Box (12),331968,353856,12,,,,,,bukan_konsi,,,,,
"BELS0005 Favorite, Spicy Wing 500 g",BELFOODFAVSPICYWING,code128,,BELS0005,Pack,Pack,Box (12),538902,574434,12,,,,,,bukan_konsi,,,,,
"BELS0005 Favorite, Chicken Nugget 5",BELFOODFAVCHICKENNUGGET,code128,,BELS0005,Pack,Pack,Box (12),279552,297984,12,,,,,,bukan_konsi,,,,,
"BELS0005 Favorite, Chicken Stick 50",BELFOODFAVCHICKENSTICK,code128,,BELS0005,Pack,Pack,Box (6),279552,297984,12,,,,,,bukan_konsi,,,,,
"BELS0005 Favorite, Sosis Ayam 200 G",BELFOODFAVSOSISAYAM,code128,,BELS0005,Pack,Pack,Box (30),346710,369570,12,,,,,,bukan_konsi,,,,,
"BELS0005 Uenaaak, Sosis Ayam 375 gr",belfooduenaksosisayam,code128,,BELS0005,Pack,Pack,Box (12),177632,189344,12,,,,,,bukan_konsi,,,,,
SAPU NAGOYA,SAPUNAGOYA,code128,,S0004,Pcs,Pcs,Box (12),13000,18000,24,,,,,,bukan_konsi,,,,,
PIRING KUE ULTAH 10S,PIRINGKUE,code128,,S0004,Pcs,Pcs,Box,1500,3000,10,,,,,,bukan_konsi,,,,,
SENDOK plastik,SENDOK5000,code128,,S0004,Pcs,Pcs,Box,3500,5000,10,,,,,,bukan_konsi,,,,,
GARPU KECIL,GARPUKECIL,code128,,S0004,Pcs,Pcs,Box,3000,4000,0,,,,,,bukan_konsi,,,,,
BITS 300ML,BITS,code128,,S0005,Pcs,Pcs,Box,4620,7500,24,,,,,,bukan_konsi,,,,,
POCARI SWEAT 900ML,8997035600546,code128,,S0002,Pcs,Pcs,Box,10100,14500,15,,,,,,bukan_konsi,,,,,
ESSE SHUFFLE POP,8997032821227,code128,,S0007,Pcs,Pcs,Box,19500,22000,0,,,,,,bukan_konsi,,,,,
STELLA DAILY FRESH GREEN,8992745560210,code128,,S0004,Pcs,Pcs,Box,12394,15000,3,,,,,,bukan_konsi,,,,,
MITU BABY SENSITIVE NEW BABY 50'S ,8992745540182,code128,,S0004,Pcs,Pcs,Box,14091,17000,0,,,,,,bukan_konsi,,,,,
CAMPINA LUVE LITTE COKLAT 110M,8998009700316,code128,,S0005,Pcs,Pcs,Box,8800,10500,5,,,,,,bukan_konsi,,,,,
CAMPINA LUVE LITTE RASPBERY 110M,8998009700330,code128,,S0005,Pcs,Pcs,Box,8800,10500,5,,,,,,bukan_konsi,,,,,
CAMPINA TROP CHOCO SODA 45ML,8998009971082,code128,,S0005,Pcs,Pcs,Box,2799,4500,45,,,,,,bukan_konsi,,,,,
CAMPINA COW RAINBOW POP,8998009971198,code128,,S0005,Pcs,Pcs,Box,2799,4500,30,,,,,,bukan_konsi,,,,,
CAMPINA HEART COFFE,8998009971129,code128,,S0005,Pcs,Pcs,Box,3599,5500,21,,,,,,bukan_konsi,,,,,
YUPI HEART & PIZZA,8992741956208,code128,,S0005,Pcs,Pcs,Box,847,1500,12,,,,,,bukan_konsi,,,,,
YUPI AQUARIUM,8992741904100,code128,,S0005,Pcs,Pcs,Box (5),847,1500,12,,,,,,bukan_konsi,,,,,
YUPI FRUIT COCTAIL,8992741902922,code128,,S0005,Pcs,Pcs,Box,847,2000,0,,,,,,bukan_konsi,,,,,
LEVITE SIRSAK 350ML,8992752121695,code128,,S0002,Pcs,Pcs,Box,3120,5500,12,,,,,,bukan_konsi,,,,,
LEVITE JAMBU 350ML,8992752121596,code128,,S0002,Pcs,Pcs,Box,2750,4500,12,,,,,,bukan_konsi,,,,,
LEVITE ORANGE 350ML,8992752121497,code128,,S0002,Pcs,Pcs,Box,3120,5500,12,,,,,,bukan_konsi,,,,,
KUNCI MAS MG 1.8L,8992826112215,code128,,S0001,Pcs,Pcs,Box (6),20831,23000,6,,,,,,bukan_konsi,,,,,
KUNCI MAS MG 900ML,8992826112093,code128,,S0001,Pcs,Pcs,Box (12),10742,13500,12,,,,,,bukan_konsi,,,,,
S0016 tri 5K,S0016tri5,code128,,S0005,Pcs,Pcs,Box,5000,7000,0,,,,,,bukan_konsi,,,,,
BELFOOD CHICKEN NUGGET S 250GR,8995229801861,code128,,BELS0005,Pack,Pack,Box (12),16280,20000,12,,,,,,bukan_konsi,,,,,
BELFOOD CHICKEN NUGGET 250GR,8995229800963,code128,,BELS0005,Pcs,Pcs,Box (24),10480,14000,24,,,,,,bukan_konsi,,,,,
BELFOOD CHICKEN STICK 250GR,8995229800970,code128,,BELS0005,Pack,Pack,Box (24),10640,14500,24,,,,,,bukan_konsi,,,,,
BELFOOD CHICKEN SOSIS AYAM 200GR,8995229804145,code128,,BELS0005,Pcs,Pcs,Box (24),8500,10000,24,,,,,,bukan_konsi,,,,,
"BELS0005 FAVORIT, CHICKEN STICK 250",BELFOODFAVCHICKENSTICK250,code128,,BELS0005,Pack,Pack,Box (24),290472,309624,12,,,,,,bukan_konsi,,,,,
KUSUKA BBQ 180GR,53314502111,code128,,S0005,Pcs,Pcs,Box,11299,13500,6,,,,,,bukan_konsi,,,,,
TEH BTL SOSRO GRN TEA 450M,8996006857873,code128,,S0005,Pcs,Pcs,Box,5699,7000,24,,,,,,bukan_konsi,,,,,
OISHI RINBE KEJU 60G,8997004301146,code128,,S0005,Pcs,Pcs,Box,5100,7500,10,,,,,,bukan_konsi,,,,,
MENTOS RAINBOW 37G,8990800012483,code128,,S0005,Pcs,Pcs,Box,2895,5000,12,,,,,,bukan_konsi,,,,,
VICK INHALER NEW,4987176018083,code128,,S0003,Pcs,Pcs,Box,13750,16000,0,,,,,,bukan_konsi,,,,,
ANTANGIN JRG SACHET,8992003782354,code128,,S0005,Pcs,Pcs,Box,2083,4000,0,,,,,,bukan_konsi,,,,,
PANADOL HIJAU COLD FLU,8992695190208,code128,,S0006,Pcs,Pcs,Box,10000,13500,10,,,,,,bukan_konsi,,,,,
MINYAK KAYU PUTIH 15ML,8993176110098,code128,,S0006,Pcs,Pcs,Box,5362,8500,12,,,,,,bukan_konsi,,,,,
LANG TELON 30ML,8993176110135,code128,,S0006,Pcs,Pcs,Box,8993,12000,6,,,,,,bukan_konsi,,,,,
NANO NOUGAT ORRIGINAL,8998685028001,code128,,S0005,Pcs,Pcs,Box,1985,3500,20,,,,,,bukan_konsi,,,,,
NANO NOUGAT COKLAT,8998685175002,code128,,S0005,Pcs,Pcs,Box,1925,3500,20,,,,,,bukan_konsi,,,,,
SARI ROTI MINI PISANG COKLAT,8992907953263,code128,,S0005,Pcs,Pcs,Box,3250,4000,5,,,,,,bukan_konsi,,,,,
RTD ENERGEN COKLAT,rtdenergencoklat,code128,,S0002,Pcs,Pcs,Box,1,5000,0,,,,,,bukan_konsi,,,,,
"BELS0005 Royal, Nugget Drummies 500",BELFOODNUGGETDRUMMIES,code128,,BELS0005,Pcs,Pcs,Box,377454,402744,12,,,,,,bukan_konsi,,,,,
"BELS0005 Uenaaak, SMALL NUGGET 250G",BELS0005MALLNUGGET250,code128,,BELS0005,Pack,Pack,Box,213818,228144,12,,,,,,bukan_konsi,,,,,
"BELS0005 Uenaaak, SMALL NUGGET 500G",BELS0005MALLNUGGET500,code128,,BELS0005,Pack,Pack,Box,180000,192060,12,,,,,,bukan_konsi,,,,,
"BELS0005 Uenaaak, CHICKEN STICK 250",BELFOODCHICKENSTICKUENAKA,code128,,BELS0005,Pack,Pack,Box,213818,228144,12,,,,,,bukan_konsi,,,,,
"BELS0005 Uenaaak, BAKSO AYAM 500GR",BELFOODBAKSOAYAM500,code128,,BELS0005,Pack,Pack,Box,150695,160631,12,,,,,,bukan_konsi,,,,,
"BELS0005 Uenaaak, NUGGET S 250GR",BELFOODNUGGETS,code128,,BELS0005,Pack,Pack,Box,213818,228144,12,,,,,,bukan_konsi,,,,,
"BELS0005 Uenaaak, Sosis Ayam 500GR",BELS0005OSISAYAM500,code128,,BELS0005,Pack,Pack,Box,152727,180420,0,,,,,,bukan_konsi,,,,,
"BELS0005 Uenaaak, LUNCHEON AYAM 450",BELFOODLUENCHEONAYAM,code128,,BELS0005,Pack,Pack,Box,132000,140844,12,,,,,,bukan_konsi,,,,,
"BELS0005 Royal, CHEEZY BITES 500GR",BELFOODCHEEZYBITES,code128,,BELS0005,Pack,Pack,Box,499636,533112,12,,,,,,bukan_konsi,,,,,
"BELS0005 Favorite, Sosis SAPI 800GR",BELS0005OSISSAPI800,code128,,BELS0005,Pack,Pack,Box,509090,543200,12,,,,,,bukan_konsi,,,,,
CAMPINA CON BOLD STW 110M,8998009710339,code128,,S0005,Pcs,Pcs,Box,6779,8500,18,,,,,,bukan_konsi,,,,,
BERAS TANI 2KG konsi,BERASTANI2KG,code128,,S0001,Pack,Pack,Box,15400,18000,25,,,,,,bukan_konsi,,,,,
CAMPINA SPONGEBOB STW COK VNLA,8998009971235,code128,,S0005,Pcs,Pcs,Box,3650,5500,10,,,,,,bukan_konsi,,,,,
CAMPINA MALT BLAST65ML,8998009971181,code128,,S0005,Pcs,Pcs,Box (24),3599,5500,30,,,,,,bukan_konsi,,,,,
ROMA CREAM KELAPA 130GR,8996001301289,code128,,S0005,Pcs,Pcs,Box (24),4800,7000,24,,,,,,bukan_konsi,,,,,
GERY BUT.COOKIES 320GR,8992775319031,code128,,S0005,Pcs,Pcs,Box (24),24119,25000,6,,,,,,bukan_konsi,,,,,
GERY EGG ROLL 210GR,8992775319048,code128,,S0005,Pcs,Pcs,Box,24322,27000,0,,,,,,bukan_konsi,,,,,
CHOCOLATOS GOLD EDITION 350GR,8992775311738,code128,,S0005,Pcs,Pcs,Box,46162,49000,0,,,,,,bukan_konsi,,,,,
GERY WAFELATOS 280GR,8992775319307,code128,,S0005,Pcs,Pcs,Box,20482,21500,6,,,,,,bukan_konsi,,,,,
DJI SAM SOE MAGNUM MILD,8999909000711,code128,,S0007,Pcs,Pcs,Box,17400,20000,10,,,,,,bukan_konsi,,,,,
CIVA ALL VARIANT 8500,civa8500,code128,,S0005,Pcs,Pcs,Box,6500,8500,40,,,,,,konsi,,,,,
CIVA SNACK ALL VAR 28500,CIVA28500,code128,,S0005,Pcs,Pcs,Box,25000,28500,0,,,,,,konsi,,,,,
CIVA 3000,CIVA3000,code128,,S0005,Pcs,Pcs,Box,1600,3000,0,,,,,,bukan_konsi,,,,,
WALLS MAGNUM CLASIC 90M,8999999005689,code128,,S0005,Pcs,Pcs,Box,12000,14000,12,,,,,,bukan_konsi,,,,,
WALLS P.POP ICY FLOAT,8999999054601,code128,,S0005,Pcs,Pcs,Box,2791,4000,48,,,,,,bukan_konsi,,,,,
TOPLES BULAT BESAR,TOPLESBULAT75000,code128,,S0004,Pcs,Pcs,Box,60000,75000,12,,,,,,bukan_konsi,,,,,
TOPLES KOTAK / SEGI TIGA,TOPLEKOTAK/SEGITIGA65000,code128,,S0004,Pcs,Pcs,Box,50000,65000,24,,,,,,bukan_konsi,,,,,
KAIN PANJANG SOLO,KAINPANJANG60000,code128,,S0004,Pcs,Pcs,Box,45000,60000,16,,,,,,bukan_konsi,,,,,
GARUDA KACANG ATOM 130G,8992775204009,code128,,S0005,Pcs,Pcs,Box,6786,9000,10,,,,,,bukan_konsi,,,,,
MR. MINYAK ZAITUN 175ML,8995151120115,code128,,S0003,Pcs,Pcs,Box,24240,29000,3,,,,,,bukan_konsi,,,,,
MR. GULA ASAM UHT 200M,8995151170042,code128,,S0002,Pcs,Pcs,Box,4300,5500,10,,,,,,bukan_konsi,,,,,
MR. KUNIR ASAM UHT 200M,8995151160975,code128,,S0002,Pcs,Pcs,Box,4300,5500,10,,,,,,bukan_konsi,,,,,
STELLA MATIC DREAM ISLAND 225M,8992745560388,code128,,S0004,Pcs,Pcs,Box,27372,30500,6,,,,,,bukan_konsi,,,,,
GAJAH LEM PERANGKAP TIKUS 70GR,8992748195303,code128,,S0004,Pcs,Pcs,Box,14089,17500,4,,,,,,bukan_konsi,,,,,
GAJAH LEM TIKUS TUBE 100ML,8992748195204,code128,,S0004,Pcs,Pcs,Box,12774,16000,4,,,,,,bukan_konsi,,,,,
"BELS0005 Uenaaak, NUGGET S 500GR",BELS0005UENAAAK NUG S,code128,,BELS0005,Pack,Pack,Box,185640,197880,12,,,,,,bukan_konsi,,,,,
GIV SOAP WHITE,8998866606417,code128,,S0003,Pcs,Pcs,Box,1700,3000,12,,,,,,bukan_konsi,,,,,
GIV SOAP ORANGE ,,code128,,S0003,Pcs,Pcs,Box,2000,3000,24,,,,,,bukan_konsi,,,,,
GIV SOAP UNGU,8998866602389,code128,,S0003,Pcs,Pcs,Box,2000,3000,4,,,,,,bukan_konsi,,,,,
GIV SOAP BIRU,8998866888615,code128,,S0003,Pcs,Pcs,Box,1700,3000,12,,,,,,bukan_konsi,,,,,
JAZZ DETERGENT 900GR,8992727005289,code128,,S0004,Pcs,Pcs,Box,11666,14500,12,,,,,,bukan_konsi,,,,,
NESCAFE BLACK UHT 200M,8992696425316,code128,,S0005,Pcs,Pcs,Box,3584,6000,36,,,,,,bukan_konsi,,,,,
BEAR BRAND GOLD TEH PUTIH 140M,8992696417922,code128,,S0005,Pcs,Pcs,Box,7358,9000,24,,,,,,bukan_konsi,,,,,
BEAR BRAND GOLD MALT PTH 140M,8992696417946,code128,,S0002,Pcs,Pcs,Box,7358,9000,24,,,,,,bukan_konsi,,,,,
PONDS CLEAR SOLUTION FC 100ML,8999999053062,code128,,S0003,Pcs,Pcs,Box,21300,23500,6,,,,,,bukan_konsi,,,,,
HATARI PINEAPPLE JAM ,4711036008583,code128,,S0005,Pcs,Pcs,Box (12),7333,9500,0,,,,,,bukan_konsi,,,,,
STARLET CIGARET FILTER,8997207190196,code128,,S0007,Pcs,Pcs,Box,10000,11500,10,,,,,,bukan_konsi,,,,,
BELFOOD FAV. MANTAU COKLAT 386G,BELFOODMANTAUCOK386G,code128,,BELS0005,Pcs,Pcs,Box,139091,148410,12,,,,,,bukan_konsi,,,,,
PUREAL OAT COKLAT 250ML,8992982602506,code128,,S0002,Pcs,Pcs,Box,6500,8500,12,,,,,,bukan_konsi,,,,,
S0016 INDOSAT 5k,S0016indosat5,code128,,S0005,Pcs,Pcs,Box,5000,7000,0,,,,,,bukan_konsi,,,,,
MONDE EGG DROP 110GR,8888166989948,code128,,S0005,Pcs,Pcs,Box,5400,8500,24,,,,,,bukan_konsi,,,,,
KUSUKA AYAM L.HITAM 110G,653314502151,code128,,S0005,Pcs,Pcs,Box,10900,13000,6,,,,,,bukan_konsi,,,,,
NUSANTARA JUICE MADU 200ML,8992918401111,code128,,S0005,Pcs,Pcs,Box,4833,6500,24,,,,,,bukan_konsi,,,,,
NARAYA KWACI 100GR,8997002051494,code128,,S0005,Pcs,Pcs,Box,9499,11500,12,,,,,,bukan_konsi,,,,,
REFINA GARAM MEJA 500GR,8993226125003,code128,,S0005,Pcs,Pcs,Box,6350,8000,10,,,,,,bukan_konsi,,,,,
SAORI SAUS TRIYAKI 135ML,8992770096227,code128,,S0005,Pcs,Pcs,Box,7374,9000,4,,,,,,bukan_konsi,,,,,
SAORI SAUS TIRAM 140ML,8992770096128,code128,,S0005,Pcs,Pcs,Box,7374,9000,4,,,,,,bukan_konsi,,,,,
ABC SAMBAL MNS PDS BTL 335ML,711844120099,code128,,S0005,Pcs,Pcs,Box,11528,15000,6,,,,,,bukan_konsi,,,,,
ABC SMBL ASLI POUCH 380GR,711844120525,code128,,S0005,Pcs,Pcs,Box,10866,15000,6,,,,,,bukan_konsi,,,,,
WIPOL LEMON PINE 800ML,8999999407858,code128,,S0005,Pcs,Pcs,Box,12833,15500,6,,,,,,bukan_konsi,,,,,
SO KLIN PL APEL POUCH 800ML,8998866679602,code128,,S0004,Pcs,Pcs,Box,8599,11000,0,,,,,,bukan_konsi,,,,,
SO KLIN PL LAVENDER BTL 450ML,8998866603546,code128,,S0004,Pcs,Pcs,Box,6188,9500,3,,,,,,bukan_konsi,,,,,
SO KLIN PL APEL BTL 450ML,8998866692601,code128,,S0004,Pcs,Pcs,Box,7000,9500,0,,,,,,bukan_konsi,,,,,
LAURIEL DBL COMPORT WG 9'S,8992727004084,code128,,S0004,Pcs,Pcs,Box,6033,8500,9,,,,,,bukan_konsi,,,,,
LAURIEL DBL COMP NON WG 8'S,8992727004053,code128,,S0004,Pcs,Pcs,Box,3300,5500,3,,,,,,bukan_konsi,,,,,
LAURIEL DBL CMFRT WG 18'S,8992727004091,code128,,S0004,Pcs,Pcs,Box,11350,13500,4,,,,,,bukan_konsi,,,,,
LOTTE XYLITOL STW 11GR,8990333140172,code128,,S0005,Pcs,Pcs,Box,2559,4000,15,,,,,,bukan_konsi,,,,,
FRUIT TEA TWA X TREME 200M,8996006853462,code128,,S0002,Pcs,Pcs,Box,2491,4000,24,,,,,,bukan_konsi,,,,,
HEXOS LEMON MINT SAC,8998685012000,code128,,S0005,Pcs,Pcs,Box,1339,3500,50,,,,,,bukan_konsi,,,,,
BENDERA FF MILKY STW BTL 180M,8992753174201,code128,,S0002,Pcs,Pcs,Box,3458,4500,24,,,,,,bukan_konsi,,,,,
LOVE JUICE MAGGA 330ML,8997009781134,code128,,S0002,Pcs,Pcs,Box,4840,7000,3,,,,,,bukan_konsi,,,,,
LOVE JUICE ORANGE 330ML,8997009780236,code128,,S0002,Pcs,Pcs,Box,4840,7000,0,,,,,,bukan_konsi,,,,,
LOVE JUICE POME 330ML,8997009780397,code128,,S0002,Pcs,Pcs,Box,4400,6500,12,,,,,,bukan_konsi,,,,,
LOVE JUICE SIRSAK 330ML,8997009780410,code128,,S0002,Pcs,Pcs,Box,4500,6500,1,,,,,,bukan_konsi,,,,,
LOVE JUICE GUAVA 330ML,8997009780243,code128,,S0002,Pcs,Pcs,Box,4840,7000,3,,,,,,bukan_konsi,,,,,
ROOT BER BTL BELING,8999510800113,code128,,S0002,Pcs,Pcs,Box,5751,8000,24,,,,,,bukan_konsi,,,,,
CAMPINA SPONGBOB SUSU COKLAT,,code128,,S0005,Pcs,Pcs,Box,3636,5000,30,,,,,,bukan_konsi,,,,,
CAMPINA SPONGBOB SUSU COKLAT,8998009720901,code128,,S0005,Pcs,Pcs,Box,1999,3500,30,,,,,,bukan_konsi,,,,,
CAMPINA HULA PISANG COKLAT,8998009971242,code128,,S0005,Pcs,Pcs,Box,3199,4500,45,,,,,,bukan_konsi,,,,,
CAMPINA NINJA CUP 80ML,8998009700415,code128,,S0005,Pcs,Pcs,Box,3199,5000,27,,,,,,bukan_konsi,,,,,
CAMPINA CON. COK SUNDAE,8998009710087,code128,,S0002,Pcs,Pcs,Box,6399,8000,20,,,,,,bukan_konsi,,,,,
NESTLE PURE 1500ML,8992982201501,code128,,S0002,Pcs,Pcs,Box,3633,6000,10,,,,,,bukan_konsi,,,,,
NESTLE PURE 600ML,8992982206001,code128,,S0002,Pcs,Pcs,Box,1762,3500,10,,,,,,bukan_konsi,,,,,
NESTLE PURE 330ML,8992982203307,code128,,S0002,Pcs,Pcs,Box,1354,2500,120,,,,,,bukan_konsi,,,,,
NESTLE PURE 330ML KARTON,NESTLE330,code128,,S0002,Pack,Pack,Box (24),33701,40000,10,,,,,,bukan_konsi,,,,,
COCOBIT COCO 350ML,89686827781,code128,,S0002,Pcs,Pcs,Box (24),4400,6500,0,,,,,,bukan_konsi,,,,,
COPY LASER F4 80,COPYLASERF480,code128,,S0004,Pcs,Pcs,Box,34100,38500,100,,,,,,bukan_konsi,,,,,
COPY LASER A4 70,8993242107014,code128,,S0004,Pcs,Pcs,Box (24),35000,40000,10,,,,,,bukan_konsi,,,,,
"BELS0005 Royal, Sosis Beef Frankfur",BEEFFRANKFUR,code128,,BELS0005,Pack,Pack,Box (12),532896,568320,12,,,,,,bukan_konsi,,,,,
"BELS0005 Royal, Bakso Goreng Ayam P",BKSGORENGAYAMPDS425,code128,,BELS0005,Pack,Pack,Box (12),507051,540483,12,,,,,,bukan_konsi,,,,,
"BELS0005 Favorite, Chicken Stick 10",CHICKENSTICK1000,code128,,BELS0005,Pack,Pack,Box (12),254981,271793,12,,,,,,bukan_konsi,,,,,
DK SUKRO BBQ 140GR,8995077601897,code128,,S0005,Pcs,Pcs,Box,5500,7000,6,,,,,,bukan_konsi,,,,,
FROZZ BLUEBERRY 15GR,8998685057308,code128,,S0005,Pcs,Pcs,Box,6435,9500,0,,,,,,bukan_konsi,,,,,
DK SUKRO POLONG,8995077601767,code128,,S0005,Pcs,Pcs,Box,6100,7500,6,,,,,,bukan_konsi,,,,,
KUSUKA BALADO 180GR,653314502540,code128,,S0005,Pcs,Pcs,Box,10700,13500,6,,,,,,bukan_konsi,,,,,
LUCKY STRIKE SWITCH,89981115,code128,,S0007,Pcs,Pcs,Box,23050,25000,10,,,,,,bukan_konsi,,,,,
GARUDA PILUS ABON 95G,8992775211472,code128,,S0005,Pcs,Pcs,Box,3886,5500,40,,,,,,bukan_konsi,,,,,
GERY SNACK SEREAL 30GR,8992775318201,code128,,S0005,Pcs,Pcs,Box,1650,3500,40,,,,,,bukan_konsi,,,,,
BELFOOD FAV BASO KUAH 100GR,BELFOODFAVBASOKUAH,code128,,BELS0005,Pack,Pack,Box,314696,346881,12,,,,,,bukan_konsi,,,,,
BELFOOD UENAAK SMALL NUGGET 250G,BELFOODUENAKSMALNUGGET250GR,code128,,BELS0005,Pcs,Pcs,Box,214031,228143,12,,,,,,bukan_konsi,,,,,
BELFOOD ROYAL CHICKEN NUGGET S 250G,BELFOODROYAL CHICKN NUGETS250GR,code128,,BELS0005,Pcs,Pcs,Box,404039,430679,12,,,,,,bukan_konsi,,,,,
BELFOOD ROYAL CHEEZY BITES 250G,BELFOODROYALCHEZZYBITES,code128,,BELS0005,Pcs,Pcs,Box,561287,598295,12,,,,,,bukan_konsi,,,,,
BELFOOD FAV CHIC NUG SAFARI 450G,BELFOODFAVSAFARI450GR,code128,,BELS0005,Pcs,Pcs,Box,339612,362004,12,,,,,,bukan_konsi,,,,,
SUN KARA TCA 65ML,8992717781025,code128,,S0005,Pcs,Pcs,Box,2361,3500,36,,,,,,bukan_konsi,,,,,
MY BABY POWDER SWEET F 50G,8999908053800,code128,,S0004,Pcs,Pcs,Box,2750,4500,12,,,,,,bukan_konsi,,,,,
CUSSON BABY POWDER SOFT 50G,8998103000565,code128,,S0004,Pcs,Pcs,Box,3500,5000,5,,,,,,bukan_konsi,,,,,
INDOFOOD SAMBAL HIJAU 200GR,89686401837,code128,,S0005,Pcs,Pcs,Box,15900,18500,6,,,,,,bukan_konsi,,,,,
MAYASI NASTAR 110GR,8991002507807,code128,,S0005,Pcs,Pcs,Box,24798,27500,6,,,,,,bukan_konsi,,,,,
indofood sambal balado 200g,89686401820,code128,,S0005,Pcs,Pcs,Box,14499,16500,3,,,,,,bukan_konsi,,,,,
ROMA SLAI OLAI BLUEBERY 240G,8996001304037,code128,,S0005,Pcs,Pcs,Box,7500,9500,12,,,,,,bukan_konsi,,,,,
ABC SQUASH ORANGE 310ML,711844150003,code128,,S0002,Pcs,Pcs,Box,9900,12500,12,,,,,,bukan_konsi,,,,,
GOODY BAG BESAR,GOODYBAGBESAR,code128,,S0004,Pcs,Pcs,Box,10000,12500,10,,,,,,bukan_konsi,,,,,
GOODY BAG KECIL,GOODYBAG8000,code128,,S0004,Pcs,Pcs,Box,6500,8000,10,,,,,,bukan_konsi,,,,,
INDOFOOD SAMBAL BANGKOK 140ML,89686401011,code128,,S0005,Pcs,Pcs,Box,7300,9500,6,,,,,,bukan_konsi,,,,,
GUDANG GARAM MILD SHIVER 16 ,8998989300179,code128,,S0007,Pcs,Pcs,Box,18500,21000,10,,,,,,bukan_konsi,,,,,
GG MILD PTH 16 MILD,8998989300087,code128,,S0007,Pcs,Pcs,Box,16900,19500,10,,,,,,bukan_konsi,,,,,
"BELS0005 Favorite, Chicken Nugget C",belfoodceria,code128,,BELS0005,Pack,Pack,Box (24),388752,414384,12,,,,,,bukan_konsi,,,,,
M-150 BTL 150ML,8851123212038,code128,,S0002,Pcs,Pcs,Box (24),3361,5000,1,,,,,,bukan_konsi,,,,,
PHILIPS ESSENTIAL 8WAT,8718291791874,code128,,S0004,Pcs,Pcs,Box,22500,38500,2,,,,,,bukan_konsi,,,,,
GULA SINGKONG CAIR 750ML,GULASINGKONG,code128,,S0005,Pcs,Pcs,Box,28000,31500,4,,,,,,bukan_konsi,,,,,
AKSESORIS 2000,aksesoris2000,code128,,S0004,Pcs,Pcs,Box,1800,2000,74,,,,,,bukan_konsi,,,,,
AKSESORIS 3000,AKSESORIS3000,code128,,S0004,Pcs,Pcs,Box,2400,3000,30,,,,,,bukan_konsi,,,,,
AKSESORIS 5000,AKSESORIS5000,code128,,S0004,Pcs,Pcs,Box,4000,5000,30,,,,,,bukan_konsi,,,,,
AKSESORIS 6000,AKSESORIS6000,code128,,S0004,Pcs,Pcs,Box,4800,6000,66,,,,,,bukan_konsi,,,,,
AKSESORIS 8000,AKSESORIS8000,code128,,S0004,Pcs,Pcs,Box,6400,8000,30,,,,,,bukan_konsi,,,,,
AKSESORIS 10000,AKSESORIS10000,code128,,S0004,Pcs,Pcs,Box,8000,10000,78,,,,,,bukan_konsi,,,,,
AKSESORIS ID CARD 30000,AKSESORIS30000,code128,,S0004,Pcs,Pcs,Box,17500,30000,30,,,,,,bukan_konsi,,,,,
AKSESORIS FARPUM 12000,FARPUM12000,code128,,S0004,Pcs,Pcs,Box,9600,12000,12,,,,,,bukan_konsi,,,,,
AKSESORIS FARPUM 25000,FARPUM25000,code128,,S0004,Pcs,Pcs,Box,20000,25000,7,,,,,,bukan_konsi,,,,,
AKSESORIS FARPUM 40000,FARPUM40000,code128,,S0004,Pcs,Pcs,Box,32000,40000,4,,,,,,bukan_konsi,,,,,
ULTRA MILK KID STW 125ML,ULTRAMILKSTW125ML,code128,,S0002,Pcs,Pcs,Box,2950,3500,6,,,,,,bukan_konsi,,,,,
ABC SAMBALTERASI BTL 190GR,700844120396,code128,,S0005,Pcs,Pcs,Box,16799,19500,6,,,,,,bukan_konsi,,,,,
"BELS0005 Uenaaak, Chicken Stick 500","BELS0005 Uenaaak, Chicken Stick 500",code128,,BELS0005,Pack,Pack,Box (24),180180,192060,12,,,,,,bukan_konsi,,,,,
"BELS0005 Favorite, Chicken Nugget 2","BELS0005 Favorite, Chicken Nugget 2",code128,,BELS0005,Pcs,Pcs,Box (12),286103,304967,12,,,,,,bukan_konsi,,,,,
AKSESORIS ID CARD,AKSESORIS25000,code128,,S0004,Pcs,Pcs,Box,17500,25000,0,,,,,,bukan_konsi,,,,,
GILLET GOAL 5'S,8992765101004,code128,,S0004,Pcs,Pcs,Box,14500,16500,20,,,,,,bukan_konsi,,,,,
AKSESORIS id card 22500,AKSESORIS22500,code128,,S0004,Pcs,Pcs,Box,17500,22500,0,,,,,,bukan_konsi,,,,,
AKSESORIS id card ,AKSESORIS35000,code128,,S0004,Pcs,Pcs,Box,17500,35000,0,,,,,,bukan_konsi,,,,,
"BELS0005 Favorite, Mantau Polos 386",MANTAUPOLOS,code128,,BELS0005,Pcs,Pcs,Box (12),135590,144530,12,,,,,,bukan_konsi,,,,,
GARUDA PILUS SAPI PGG 95GR,8992775211434,code128,,S0005,Pcs,Pcs,Box,4080,6000,10,,,,,,bukan_konsi,,,,,
MOISTA PUTRI SALJU TOPLES,MOISTAPUTRISALJU,code128,,S0002,Pcs,Pcs,Box,40500,45000,1,,,,,,bukan_konsi,,,,,
MOISTA NASTAR BLUE BERRY,MOISTANASTARBLEBERRY,code128,,S0005,Pcs,Pcs,Box,36000,40000,1,,,,,,bukan_konsi,,,,,
MOISTA BOLA COKLAT TOPLES,MOISTABOLACOKLAT,code128,,S0005,Pcs,Pcs,Box,36000,40000,1,,,,,,bukan_konsi,,,,,
MOISTA CHOCO CHIPS TOPLES,MOISTACHOCOCHIP,code128,,S0005,Pcs,Pcs,Box,45000,50000,1,,,,,,bukan_konsi,,,,,
WALLS SOLERO SPLIT,8851932365192,code128,,S0005,Pcs,Pcs,Box,4000,6000,30,,,,,,bukan_konsi,,,,,
CLEAR SHP STRONG & SOFT 170ML,8999999029821,code128,,S0004,Pcs,Pcs,Box,17950,20700,5,,,,,,bukan_konsi,,,,,
WALLS CORNETTO OREO,8999999513757,code128,,S0005,Pcs,Pcs,Box,8800,12000,12,,,,,,bukan_konsi,,,,,
MINYAK GORENG KITA 1.8 L,36034519,code128,,S0005,Pcs,Pcs,Box,22000,24000,120,,,,,,bukan_konsi,,,,,
GULA  LOKAL POLOS 1KG,GULALOKALPOLOS,code128,,S0005,Pcs,Pcs,Box,12500,14500,150,,,,,,bukan_konsi,,,,,
LAKBAN BLACK DMR 1/2,LAKBANBLACK1/2,code128,,S0009,Pcs,Pcs,Box,8800,11000,0,,,,,,bukan_konsi,,,,,
KIWI CAIR HITAM LIQ 30ML,8998899940557,code128,,S0009,Pcs,Pcs,Box,10000,14000,12,,,,,,bukan_konsi,,,,,
"BELS0005 Uenaaak, Sosis Ayam 150 Gr","BELS0005 Uenaaak, Sosis Ayam 150 Gr",code128,,BELS0005,Pcs,Pcs,Box (12),196560,209520,12,,,,,,bukan_konsi,,,,,
KANGARO PUNCH DP 480,8901057203159,code128,,S0009,Pcs,Pcs,Box,9166,12500,10,,,,,,bukan_konsi,,,,,
ALTECO LEM GLUE 3G,8888299758398,code128,,S0004,Pcs,Pcs,Box,3625,5500,12,,,,,,bukan_konsi,,,,,
POST IT SIGN HERE T&J,POSITT&J,code128,,S0004,Pcs,Pcs,Box,6500,8500,12,,,,,,bukan_konsi,,,,,
GULA SUS 1KG,8995163400014,code128,,S0005,Pcs,Pcs,Box,12500,14500,100,,,,,,bukan_konsi,,,,,
"BELS0005 Royal, CHEEZY BITES 500GR",8995229801588,code128,,BELS0005,Pcs,Pcs,Box,40304,45500,12,,,,,,bukan_konsi,,,,,
"BELS0005 Royal, Bakso Goreng Ayam P",8995229803971,code128,,BELS0005,-,-,Box,33780,36500,12,,,,,,bukan_konsi,,,,,
"BELS0005 Royal, Sosis Beef Frankfu",8995229804121,code128,,BELS0005,Pcs,Pcs,Box,35520,37000,12,,,,,,bukan_konsi,,,,,
BELFOOD ROYAL SOSIS AYAM KEJU,8995229804138,code128,,BELS0005,Pcs,Pcs,Box,32455,35700,12,,,,,,bukan_konsi,,,,,
BELFOOD FAV CHIC NUG SAFARI 450G,8995229801243,code128,,BELS0005,Pcs,Pcs,Box,27368,33000,12,,,,,,bukan_konsi,,,,,
"BELS0005 Favorite, Chicken Nugget 2",BELFOODFAVCHICKNUGHET,code128,,BELS0005,Pcs,Pcs,Box,13100,14000,12,,,,,,bukan_konsi,,,,,
BELFOOD ROYAL CHICKEN NUGGET S 250G,,code128,,BELS0005,Pcs,Pcs,Box,16818,18500,12,,,,,,bukan_konsi,,,,,
HOLISTICARE TUBE 30'S,8992863125001,code128,,S0006,Pcs,Pcs,Box,41610,46000,3,,,,,,bukan_konsi,,,,,
HOLISTICARE STRIP 4'S,8992863661035,code128,,S0006,Pcs,Pcs,Box,5767,8500,12,,,,,,bukan_konsi,,,,,
STIMUNO SYRUP GRAFE 60ML,8994388113242,code128,,S0006,Pcs,Pcs,Box,22000,25500,2,,,,,,bukan_konsi,,,,,
STIMUNO SYRUP ORIGINAL 60ML,8994388130140,code128,,S0006,Pcs,Pcs,Box,22000,25500,2,,,,,,bukan_konsi,,,,,
STIMUNO FORTE BOX 10'S,8994388130126,code128,,S0006,Pcs,Pcs,Box,24225,26500,4,,,,,,bukan_konsi,,,,,
TERONG BULAT 7000,TERONG7000,code128,,S0010,Pcs,Pcs,Box,6000,7000,2,,,,,,bukan_konsi,,,,,
TERONG UNGU 4000,TERONGUNGU4000,code128,,S0010,Pcs,Pcs,Box,3000,4000,1,,,,,,bukan_konsi,,,,,
GERY SALUUT WFR AVENGGER 14GR,8992775302231,code128,,S0005,Pcs,Pcs,Box,780,1500,120,,,,,,bukan_konsi,,,,,
GERY CHOCOLATOS 9GR,8992775311608,code128,,S0005,Pcs,Pcs,Box,147,500,24,,,,,,bukan_konsi,,,,,
BELFOOD Uenaak BAKSO AYAM 500G,UENAAKBAKSOAYAM,code128,,BELS0005,Pcs,Pcs,Box,150500,158400,12,,,,,,bukan_konsi,,,,,
Mizone Yuzu Lemon,8992752121367,code128,,S0002,Pcs,Pcs,Box (12),2750,4500,36,,,,,,bukan_konsi,,,,,
ROMA SANDWICH COKLAT 216GR,8996001305041,code128,,S0005,Pcs,Pcs,Box,5658,8000,12,,,,,,bukan_konsi,,,,,
ROMA COOKIES 30GR,8996001305119,code128,,S0005,Pcs,Pcs,Box,1700,2000,10,,,,,,bukan_konsi,,,,,
GARUDA TELUR 250GR,8992775212103,code128,,S0005,Pcs,Pcs,Box,11951,14500,20,,,,,,bukan_konsi,,,,,
LISTERIN TARTAR CONT.80ML,8992725910448,code128,,S0003,Pcs,Pcs,Box,7400,9500,6,,,,,,bukan_konsi,,,,,
IDEAL COTTON POT BUDS,IDEALPOT100,code128,,S0004,Pcs,Pcs,Box,8299,10500,9,,,,,,bukan_konsi,,,,,
WELLNESS COTTON BUD 100'S,8993072611040,code128,,S0003,Pcs,Pcs,Box,6733,9500,9,,,,,,bukan_konsi,,,,,
ROMY STIK CUMI PEDAS 30GR,8994075240428,code128,,S0005,Pcs,Pcs,Box,899,2000,50,,,,,,bukan_konsi,,,,,
ROMY STIK RUMPUT L 30GR,8994075240565,code128,,S0005,Pcs,Pcs,Box,869,2000,20,,,,,,bukan_konsi,,,,,
YUPI APPLE RING 45GR,8992741950206,code128,,S0005,Pcs,Pcs,Box,3666,5000,18,,,,,,bukan_konsi,,,,,
YUPI STRAWBERRY KISS 45GR,8992741950220,code128,,S0005,Pcs,Pcs,Box,3783,5500,18,,,,,,bukan_konsi,,,,,
FRESTEA GREEN TEA 500ML,8992761122317,code128,,S0002,Pcs,Pcs,Box,4399,7000,12,,,,,,bukan_konsi,,,,,
FRESTEA MADU 500ML,8992761122430,code128,,S0002,Pcs,Pcs,Box,4399,7000,12,,,,,,bukan_konsi,,,,,
COCA COLA SLIM KLG 330M,8992761111014,code128,,S0002,Pcs,Pcs,Box,4637,6500,24,,,,,,bukan_konsi,,,,,
LOTTE XYLITOL STW 58GR,8990333170179,code128,,S0005,Pcs,Pcs,Box,12799,16500,6,,,,,,bukan_konsi,,,,,
LOTTE XYLITOL MINT BREEZY 58GR,8990333164123,code128,,S0005,Pcs,Pcs,Box,12800,16500,6,,,,,,bukan_konsi,,,,,
LOTTE XYLITOL STW MINT 29GR,8990333160170,code128,,S0005,Pcs,Pcs,Box,6399,8500,12,,,,,,bukan_konsi,,,,,
GEMEZ ENNAKK 22GR,8886013300601,code128,,S0005,Pcs,Pcs,Box,1037,2000,60,,,,,,bukan_konsi,,,,,
NUSANTARA MADU MURNI 100ML,8992918401104,code128,,S0005,Pcs,Pcs,Box,26400,28500,3,,,,,,bukan_konsi,,,,,
NUSANTARA MADU SUPER 100ML,8992918401098,code128,,S0005,Pcs,Pcs,Box,31600,34500,3,,,,,,bukan_konsi,,,,,
CAP KAKI TIGA MARKISA 320ML CAN,8995227501039,code128,,S0002,Pcs,Pcs,Box,4854,6500,0,,,,,,bukan_konsi,,,,,
CAP KAKI TIGA ANGGUR 320ML CAN,8995227500230,code128,,S0005,Pcs,Pcs,Box,5124,7000,24,,,,,,bukan_konsi,,,,,
CAP KAKI TIGA JERUK NIPIS 320ML CAN,8995227502074,code128,,S0002,Pcs,Pcs,Box,4854,6500,0,,,,,,bukan_konsi,,,,,
JUS BUAH ALL Var,JUSBUAH,code128,,S0002,Pcs,Pcs,Box,8000,10000,10,,,,,,bukan_konsi,,,,,
SARI ROTI SANDWICH SRIKAYA MEDAN,8992907952594,code128,,S0005,Pcs,Pcs,Box,3850,5000,0,,,,,,bukan_konsi,,,,,
HIT MAT ALAT ELEKTRIK,8992745120148,code128,,S0004,Pcs,Pcs,Box,11802,14500,6,,,,,,bukan_konsi,,,,,
HIT FLORAL ISI ULANG 18'S,8992745140573,code128,,S0004,Pcs,Pcs,Box,4907,6500,3,,,,,,bukan_konsi,,,,,
HIT CLASIK ISI ULANG 18'S,8992745120636,code128,,S0004,Pcs,Pcs,Box,4907,6500,3,,,,,,bukan_konsi,,,,,
MAX TEA LEMON SAC 10'S,9311931202205,code128,,S0005,Pcs,Pcs,Box,10010,13000,10,,,,,,bukan_konsi,,,,,
LA BOLD 12,8991906108896,code128,,S0007,Pcs,Pcs,Box,13300,16000,10,,,,,,bukan_konsi,,,,,
DJARUM BLACK CAPUCINO,8991906101170,code128,,S0007,Pcs,Pcs,Box,18700,21500,10,,,,,,bukan_konsi,,,,,
PUTERI SP COLOG ROSE 245M,8995151220792,code128,,S0004,Pcs,Pcs,Box,16960,20000,3,,,,,,bukan_konsi,,,,,
PUTERI SP COLOG LIME JASMINE 245M,8995151221034,code128,,S0004,Pcs,Pcs,Box,16960,20000,3,,,,,,bukan_konsi,,,,,
PUTERI SPLASH CHRYSANT 245ML,8995151220822,code128,,S0004,Pcs,Pcs,Box,15400,19000,2,,,,,,bukan_konsi,,,,,
PUTERI SP COLOG CHAMOMILE 245ML,8995151220891,code128,,S0004,Pcs,Pcs,Box,14500,18500,3,,,,,,bukan_konsi,,,,,
PUTERI SPLASH LIME JASMINE 135M,8995151221010,code128,,S0004,Pcs,Pcs,Box,12800,16000,3,,,,,,bukan_konsi,,,,,
PUTERI SPLASH ROSE 135M,8995151220839,code128,,S0004,Pcs,Pcs,Box,12880,16000,3,,,,,,bukan_konsi,,,,,
PUTERI SP COLOG ORCID 135M,8995151220846,code128,,S0004,Pcs,Pcs,Box,12800,16000,3,,,,,,bukan_konsi,,,,,
PUTERI SPLASH CHAMOMILE 135M,8995151220877,code128,,S0004,Pcs,Pcs,Box,12800,16000,3,,,,,,bukan_konsi,,,,,
PUTERI SPLASH ROSE MANGO 135M,8995151221102,code128,,S0004,Pcs,Pcs,Box,11500,14500,0,,,,,,bukan_konsi,,,,,
PUTERI SPLASH CHRYSANT 135M,8995151220860,code128,,S0004,Pcs,Pcs,Box,12880,16000,3,,,,,,bukan_konsi,,,,,
MR SHP BAYAM 175ML,8995151130060,code128,,S0004,Pcs,Pcs,Box,16640,19500,0,,,,,,bukan_konsi,,,,,
MR SHP DAUN LANDEP 175ML,8995151130039,code128,,S0004,Pcs,Pcs,Box,16640,20000,2,,,,,,bukan_konsi,,,,,
MR SHP DAUN WARU 175ML,8995151130015,code128,,S0004,Pcs,Pcs,Box,16640,20000,2,,,,,,bukan_konsi,,,,,
MR SHP MERANG 175ML,8995151130046,code128,,S0004,Pcs,Pcs,Box,16640,20000,2,,,,,,bukan_konsi,,,,,
MR SHP TEH HIJAU 175ML,8995151130497,code128,,S0004,Pcs,Pcs,Box,18500,21000,3,,,,,,bukan_konsi,,,,,
PUTERI SPLASH FLOWER BOUQUET 135M,8995151220884,code128,,S0004,Pcs,Pcs,Box,11500,14500,0,,,,,,bukan_konsi,,,,,
MR PEMBERSIH JERUK NIPIS 75M,8995151110567,code128,,S0004,Pcs,Pcs,Box,12000,14500,2,,,,,,bukan_konsi,,,,,
MR PEMBERSIH GAMBIR 75ML,8995151110543,code128,,S0004,Pcs,Pcs,Box,12000,14500,2,,,,,,bukan_konsi,,,,,
MR PEMBERSIH MAWAR 75ML,8995151110550,code128,,S0004,Pcs,Pcs,Box,12000,14500,2,,,,,,bukan_konsi,,,,,
MR PENYEGAR JR NIPIS 75M,8995151110604,code128,,S0004,Pcs,Pcs,Box,10300,12500,2,,,,,,bukan_konsi,,,,,
MR PENYEGAR GAMBIR 75ML,8995151110581,code128,,S0004,Pcs,Pcs,Box,10300,12500,2,,,,,,bukan_konsi,,,,,
MR MINYAK CENDANA 175ML,8995151120122,code128,,S0004,Pcs,Pcs,Box,25440,29500,3,,,,,,bukan_konsi,,,,,
MR H&B ZAITUN 150GR,8995151121419,code128,,S0004,Pcs,Pcs,Box,19300,21500,3,,,,,,bukan_konsi,,,,,
MR SOAP ZAITUN 85GR,8995151120528,code128,,S0004,Pcs,Pcs,Box,16720,21000,3,,,,,,bukan_konsi,,,,,
MR SOAP ROSE MAWAR 85G,8995151120801,code128,,S0004,Pcs,Pcs,Box,21250,23500,3,,,,,,bukan_konsi,,,,,
MR SOAP COFS0018 85GR,8995151120627,code128,,S0004,Pcs,Pcs,Box,19300,21500,3,,,,,,bukan_konsi,,,,,
MR SOAP JASMINE MELATI,8995151120849,code128,,S0004,Pcs,Pcs,Box,19300,21500,3,,,,,,bukan_konsi,,,,,
INDOMILK FULL CREAM 1L,8993007000680,code128,,S0002,Pcs,Pcs,Box,12900,15500,6,,,,,,bukan_konsi,,,,,
MR SLIMMING TEA 15 BAG,8995151160029,code128,,S0005,Pcs,Pcs,Box,18080,23000,2,,,,,,bukan_konsi,,,,,
MR SLIMMING TEA 30 BAG,8995151160012,code128,,S0005,Pcs,Pcs,Box,33920,41000,10,,,,,,bukan_konsi,,,,,
MR MASKER BENGKOANG TUBE 60G,8995151110437,code128,,S0004,Pcs,Pcs,Box,14880,17500,3,,,,,,bukan_konsi,,,,,
MR MASKER BENGKOANG SAC 15G,8995151110116,code128,,S0004,Pcs,Pcs,Box,7920,10500,4,,,,,,bukan_konsi,,,,,
MR MASKER JERAWAT SAC 15G,8995151110109,code128,,S0004,Pcs,Pcs,Box,8600,10500,20,,,,,,bukan_konsi,,,,,
MR MASKER TOMAT SAC 15GR,8995151110178,code128,,S0004,Pcs,Pcs,Box,8600,10500,20,,,,,,bukan_konsi,,,,,
NESLITE ,8994557313855,code128,,S0007,Pcs,Pcs,Box,13800,17000,10,,,,,,bukan_konsi,,,,,
NESLITE MENTHOL,8994557311929,code128,,S0007,Pcs,Pcs,Box,13800,17000,10,,,,,,bukan_konsi,,,,,
MBK POWDER SILVER 13GR,8991977110026,code128,,S0004,Pcs,Pcs,Box,1541,2500,12,,,,,,bukan_konsi,,,,,
GILLETTE BLUE II PLUS,8888826019589,code128,,S0004,Pcs,Pcs,Box,5250,7000,12,,,,,,bukan_konsi,,,,,
PEPSODENT SG TRIPLE SOFT,8999999031923,code128,,S0004,Pcs,Pcs,Box,3500,5000,12,,,,,,bukan_konsi,,,,,
LOVE VEGIE FRUIT CARROT 300M,8997009781196,code128,,S0002,Pcs,Pcs,Box,6000,7500,26,,,,,,bukan_konsi,,,,,
FATIGON HYDRO COCO 500ML,8997009781110,code128,,S0002,Pcs,Pcs,Box,9413,12000,12,,,,,,bukan_konsi,,,,,
KAPAS SAVE L 50GR,8993072143435,code128,,S0004,Pcs,Pcs,Box,4600,7500,24,,,,,,bukan_konsi,,,,,
LUCKY STRIKE BOLD 12,8998127912394,code128,,S0007,Pcs,Pcs,Box,10800,13000,10,,,,,,bukan_konsi,,,,,
TORABIKA TORA CARAMELO,8998666001900,code128,,S0005,Pcs,Pcs,Box,13000,15000,10,,,,,,bukan_konsi,,,,,
ESSE GOLD FILTER,8997032821050,code128,,S0007,Pcs,Pcs,Box,19500,21500,5,,,,,,bukan_konsi,,,,,
OPPO F3 PLUS S0018 5% OF 6.500.000,OPPOF3PLUS,code128,,S0004,Pcs,Pcs,Box,6175000,325000,1,,,,,,bukan_konsi,,,,,
SAMPOERNA MILD BLUST NEW,8999909000650,code128,,S0007,Pcs,Pcs,Box,21700,25000,10,,,,,,bukan_konsi,,,,,
BELFOOD FAV CHIC STIK 250GR,BELFOODROYALCHICKNSTIK250,code128,,BELS0005,Pack,Pack,Box (12),309624,309624,0,,,,,,bukan_konsi,,,,,
BELFOOD UEENAK SOSIS AYAM 1000GR,BELFOOD SOSIS AYAM 1KG,code128,,BELS0005,Pcs,Pcs,Box,140914,156557,12,,,,,,bukan_konsi,,,,,
BELFOOD UEENAK SOSIS AYAM 375G,BELS0005OSISAYAM375GR,code128,,BELS0005,Pcs,Pcs,Box,146476,151319,12,,,,,,bukan_konsi,,,,,
BELFOOD UEENAAK SOSIS AYAM 75GR,BELFOODUEENAKKSOSISAYAM75G,code128,,BELS0005,Pcs,Pcs,Box,183989,190072,12,,,,,,bukan_konsi,,,,,
KOPIKO SAC CLASSIC,8996001340981,code128,,S0005,Pcs,Pcs,Box,700,1000,10,,,,,,bukan_konsi,,,,,
BENG BENG MAX 32GR,8996001355756,code128,,S0005,Pcs,Pcs,Box,1980,3500,12,,,,,,bukan_konsi,,,,,
WALLS KACANG MERAH STIK,8999999500627,code128,,S0005,Pcs,Pcs,Box,3200,5000,36,,,,,,bukan_konsi,,,,,
ELLIPS HAIR VITAMIN NUTRI COLOR,8993417200038,code128,,S0004,Pcs,Pcs,Box,8600,11500,6,,,,,,bukan_konsi,,,,,
ELLIPS HAIR VITAMIN SHINY BLACK,8993417200045,code128,,S0004,Pcs,Pcs,Box,8600,11500,12,,,,,,bukan_konsi,,,,,
ESKULIN GEL TUESDAY 100ML,8993417212222,code128,,S0004,Pcs,Pcs,Box,11499,15000,3,,,,,,bukan_konsi,,,,,
ESKULIN GEL SUNDAY 100ML,8993417212277,code128,,S0004,Pcs,Pcs,Box,11499,15000,3,,,,,,bukan_konsi,,,,,
ESKULIN SPL F SIGHT 125M,8993417214240,code128,,S0004,Pcs,Pcs,Box,14699,18500,3,,,,,,bukan_konsi,,,,,
ESKULIN SP F LOVE 125M,8993417214219,code128,,S0004,Pcs,Pcs,Box,14699,18500,3,,,,,,bukan_konsi,,,,,
ESKULIN SP F DATE 125M,8993417214226,code128,,S0004,Pcs,Pcs,Box,15100,18500,0,,,,,,bukan_konsi,,,,,
ESKULIN H SANITIZER ORANGE 50M,8993417353130,code128,,S0004,Pcs,Pcs,Box,7777,10000,6,,,,,,bukan_konsi,,,,,
ESKULIN H SANITIZER PINK 50M,8993417353123,code128,,S0004,Pcs,Pcs,Box,6799,10000,6,,,,,,bukan_konsi,,,,,
ESKULIN H SANITIZER BLUE 50M,8993417353116,code128,,S0004,Pcs,Pcs,Box,6799,10000,6,,,,,,bukan_konsi,,,,,
MASTER COLOGNE SPORTY 75M,8993417142161,code128,,S0004,Pcs,Pcs,Box,7849,11500,0,,,,,,bukan_konsi,,,,,
MASTER COLOGNE COOL 75M,8993417142147,code128,,S0004,Pcs,Pcs,Box,7849,11500,6,,,,,,bukan_konsi,,,,,
MASTER COLOGNE DYNAMIC 75M,8993417145148,code128,,S0004,Pcs,Pcs,Box,8500,11000,0,,,,,,bukan_konsi,,,,,
MASTER COLOGNE POWER 75M,8993417142123,code128,,S0004,Pcs,Pcs,Box,7849,11000,6,,,,,,bukan_konsi,,,,,
MASTER COLOGNE PASSION 75ML,8993417145124,code128,,S0004,Pcs,Pcs,Box,8500,11000,0,,,,,,bukan_konsi,,,,,
MASTER COLOGNE SPIRIT 75ML,8993417145131,code128,,S0004,Pcs,Pcs,Box,8500,11000,0,,,,,,bukan_konsi,,,,,
MASTER COLOGNE SPIRIT 75ML,8993417145117,code128,,S0004,Pcs,Pcs,Box,8500,11000,0,,,,,,bukan_konsi,,,,,
GERY SALUUT WFR HAZELNT 6G,8992775312407,code128,,S0005,Pcs,Pcs,Box,412,1000,24,,,,,,bukan_konsi,,,,,
JAVACAFE LATTE CAN 240ML,9311931703115,code128,,S0002,Pcs,Pcs,Box,7887,10000,30,,,,,,bukan_konsi,,,,,
INDOCAFE EXPRES KOPI MANIS SAC,9311931026719,code128,,S0005,Pcs,Pcs,Box,7568,9500,10,,,,,,bukan_konsi,,,,,
YUPI O'RINGO MINI 40G,8992741905183,code128,,S0005,Pcs,Pcs,Box,3783,5500,18,,,,,,bukan_konsi,,,,,
PIATTOSS SEAWED 85GR,8996196002954,code128,,S0005,Pcs,Pcs,Box,7300,10500,10,,,,,,bukan_konsi,,,,,
POTTABEE BBQ BEEF 35G,8998866201452,code128,,S0005,Pcs,Pcs,Box,4699,6500,10,,,,,,bukan_konsi,,,,,
SPRITE SLIM 330ML,8992761111038,code128,,S0002,Pcs,Pcs,Box,4312,7000,24,,,,,,bukan_konsi,,,,,
CAP GAJAH LEM TIKUS 3'S,8992745195214,code128,,S0004,Pcs,Pcs,Box,4016,6500,6,,,,,,bukan_konsi,,,,,
SOS PL ORG POUCH 400ML,55500130276,code128,,S0004,Pcs,Pcs,Box,4050,7500,6,,,,,,bukan_konsi,,,,,
SOS PL LEMON 400ML,55500130269,code128,,S0004,Pcs,Pcs,Box,4050,7500,6,,,,,,bukan_konsi,,,,,
SOS PL APPLE 400ML,55500130252,code128,,S0004,Pcs,Pcs,Box,4450,7500,6,,,,,,bukan_konsi,,,,,
BAGUS KAPUR AJAIB 2'S,8886020033431,code128,,S0004,Pcs,Pcs,Box,2266,4000,24,,,,,,bukan_konsi,,,,,
"BELS0005 Favorite, Sosis Ayam 400gr","BELS0005 Favorite, Sosis Ayam 400gr",code128,,BELS0005,Pcs,Pcs,Box,333059,355019,12,,,,,,bukan_konsi,,,,,
SWALLOW JMB NP BAL 5'S,8886020001140,code128,,S0004,Pcs,Pcs,Box,14400,16500,6,,,,,,bukan_konsi,,,,,
SWALLOW TOIL COLOR 6'S,8886020001102,code128,,S0004,Pcs,Pcs,Box,16600,18500,4,,,,,,bukan_konsi,,,,,
BIBIT UNGGUL 5KG,BIBITUNGGUL5KG,code128,,S0001,Pcs,Pcs,Box,70000,75000,1,,,,,,bukan_konsi,,,,,
INDOFOOD SBL EXT PDS 275ML,89686400359,code128,,S0005,Pcs,Pcs,Box,9400,13500,6,,,,,,bukan_konsi,,,,,
SASA SAMBAL EXT HOT 135ML,8992736111407,code128,,S0005,Pcs,Pcs,Box,4824,6500,6,,,,,,bukan_konsi,,,,,
INDOFOOD SBL PDS 340ML,89686400564,code128,,S0005,Pcs,Pcs,Box,12199,14500,6,,,,,,bukan_konsi,,,,,
ABC SBL ASLI PET 275ML,711844120419,code128,,S0005,Pcs,Pcs,Box,9978,13000,6,,,,,,bukan_konsi,,,,,
ABC SBL XTRAPDS 335ML,711844120075,code128,,S0005,Pcs,Pcs,Box,11735,15000,6,,,,,,bukan_konsi,,,,,
INDOFOOD SBL BANGKOK 340ML,89686401066,code128,,S0005,Pcs,Pcs,Box,13699,16000,4,,,,,,bukan_konsi,,,,,
LANG KAYU PTH 30ML,8993176110081,code128,,S0006,Pcs,Pcs,Box,9900,13000,6,,,,,,bukan_konsi,,,,,
CIPTADENT SG CRYSTAL C SOFT,8998866103978,code128,,S0004,Pcs,Pcs,Box,2500,4000,12,,,,,,bukan_konsi,,,,,
STANDARD AE7 BLACK/BLUE ,AE7,code128,,S0009,Pcs,Pcs,Box,1416,3500,10,,,,,,bukan_konsi,,,,,
BOLPENKU ,BOLPENKU,code128,,S0009,Pcs,Pcs,Box,833,2500,36,,,,,,bukan_konsi,,,,,
SLEEK KARBOL 400ML,8993417231612,code128,,S0004,Pcs,Pcs,Box,4181,6500,12,,,,,,bukan_konsi,,,,,
GARNIER MEN WASABI 100M,8992304039614,code128,,S0004,Pcs,Pcs,Box,24640,27500,3,,,,,,bukan_konsi,,,,,
GARNIER MEN POWER WHITE 100ML,8992304047435,code128,,S0004,Pcs,Pcs,Box,26730,30000,0,,,,,,bukan_konsi,,,,,
GARNIER MEN CHARCOAL F,8992304024740,code128,,S0004,Pcs,Pcs,Box,22550,25500,2,,,,,,bukan_konsi,,,,,
GARNIER MEN COOLONG FOAM ,8992304009167,code128,,S0004,Pcs,Pcs,Box,24640,28500,2,,,,,,bukan_konsi,,,,,
GARNIER LC SUPER FOAM 100M,8992304081583,code128,,S0004,Pcs,Pcs,Box,23760,27000,3,,,,,,bukan_konsi,,,,,
GARNIER LC PURE ACTIVE MATCHA 100M,8992304082221,code128,,S0004,Pcs,Pcs,Box,21230,25000,3,,,,,,bukan_konsi,,,,,
GARNIER LC BRIGHT FOAM 100M,8991380700029,code128,,S0004,Pcs,Pcs,Box,21230,25000,3,,,,,,bukan_konsi,,,,,
CLARISA&RICK KUE ALL Var,CLARISA,code128,,S0005,Pcs,Pcs,Box,17500,20000,0,,,,,,bukan_konsi,,,,,
CAPING GUNUNG BLUE 5KG,CAPINGBLUE,code128,,S0001,-,-,Box,50000,55000,50,,,,,,bukan_konsi,,,,,
CAPING BLUE 25KG,CAPINGBLUE25KG,code128,,S0001,Pcs,Pcs,Box,235000,265000,10,,,,,,bukan_konsi,,,,,
GERY BISCHOC KEJU 13GR,8992775315248,code128,,S0005,Pcs,Pcs,Box,709,1000,10,,,,,,bukan_konsi,,,,,
LEO NUGGET R. LAUT 65G,8992775518304,code128,,S0005,Pcs,Pcs,Box,6750,9000,30,,,,,,bukan_konsi,,,,,
LEO BALADO SANJAY 45GR,8992775511268,code128,,S0005,Pcs,Pcs,Box,4307,6000,20,,,,,,bukan_konsi,,,,,
CLEVO SMOOTHY LECI 200M,8992775916032,code128,,S0002,Pcs,Pcs,Box,2499,4000,3,,,,,,bukan_konsi,,,,,
CLEVO SMOOTHY STW BLAC 200M,8992775916018,code128,,S0002,Pcs,Pcs,Box,2499,4000,3,,,,,,bukan_konsi,,,,,
TENANGIN AJA SAC,8993014711630,code128,,S0006,Pcs,Pcs,Box,1800,3000,5,,,,,,bukan_konsi,,,,,
FITOXY OXY 500ML,8997207490012,code128,,S0002,Pcs,Pcs,Box,5462,8000,24,,,,,,bukan_konsi,,,,,
ROMA SLAI O NANAS 240G,8996001304020,code128,,S0005,Pcs,Pcs,Box,7500,9500,24,,,,,,bukan_konsi,,,,,
KINO CANDY ICE CREAM,8992942830000,code128,,S0005,Pcs,Pcs,Box,3622,5000,6,,,,,,bukan_konsi,,,,,
KINO CANDI DURIAN,8992942307175,code128,,S0005,Pcs,Pcs,Box,4799,6500,6,,,,,,bukan_konsi,,,,,
KINO CANDY DOUBLE MINT,8992942114018,code128,,S0005,Pcs,Pcs,Box,4799,6500,6,,,,,,bukan_konsi,,,,,
KINO CANDY MANGGA,8992942220009,code128,,S0005,Pcs,Pcs,Box,4799,6500,6,,,,,,bukan_konsi,,,,,
KINO CANDY CHEW FRUIT,8992942358627,code128,,S0005,Pcs,Pcs,Box,5243,7000,6,,,,,,bukan_konsi,,,,,
KINO CANDY CHEW MINT,8992942358580,code128,,S0005,Pcs,Pcs,Box,5243,7000,6,,,,,,bukan_konsi,,,,,
KINO CANDY FRENTA STW,8992942119174,code128,,S0005,Pcs,Pcs,Box,5749,7500,6,,,,,,bukan_konsi,,,,,
KINO CANDY FRENTA TAMARIND,8992942119198,code128,,S0005,Pcs,Pcs,Box,5749,7500,6,,,,,,bukan_konsi,,,,,
KINO CANDY FRENTA APPLE,8992942119235,code128,,S0005,Pcs,Pcs,Box,5749,7500,6,,,,,,bukan_konsi,,,,,
DJARUM MLD BLACK 16,8991906109992,code128,,S0007,Pcs,Pcs,Box,18100,21000,10,,,,,,bukan_konsi,,,,,
SWAN NAPHTALIN 150GR,8886020002017,code128,,S0004,Pcs,Pcs,Box,6500,8500,6,,,,,,bukan_konsi,,,,,
GG SURYA EXCLUSIVE 16,8998989300070,code128,,S0007,Pcs,Pcs,Box,23700,26000,10,,,,,,bukan_konsi,,,,,
AQUA CLICK 450ML,8992752091301,code128,,S0002,Pcs,Pcs,Box,2500,4000,24,,,,,,bukan_konsi,,,,,
NISSIN WALENS CHO 100GR,8888166993150,code128,,S0005,Pcs,Pcs,Box,7000,10500,30,,,,,,bukan_konsi,,,,,
ZUPERR KEJU WFR 40GR,8996001350515,code128,,S0005,Pcs,Pcs,Box,788,1500,10,,,,,,bukan_konsi,,,,,
PROCLIN CAIR BTL 180ML,8992745550228,code128,,S0004,Pcs,Pcs,Box,5000,7500,4,,,,,,bukan_konsi,,,,,
MOISTA ROTI KERING 8000,146,code128,,S0005,Pcs,Pcs,Box,6000,8000,0,,,,,,konsi,,,,,
MOISTA 6000,147,code128,,S0005,Pcs,Pcs,Box,5000,6000,0,,,,,,konsi,,,,,
MOISTA 5000,148,code128,,S0005,Pcs,Pcs,Box,4000,5000,10,,,,,,konsi,,,,,
MOISTA BAGELAN ,moista12000,code128,,S0005,Pack,Pack,Box,10000,12000,10,,,,,,konsi,,,,,
NARAYA OAT CHOCO COKLAT 400GR,8997002053900,code128,,S0005,Pcs,Pcs,Box (40),36000,39500,2,,,,,,konsi,,,,,
NARAYA OAT CHOCO VANILA 400GR,8997002052491,code128,,S0005,Pcs,Pcs,Box (40),36000,40000,1,,,,,,konsi,,,,,
NARAYA OAT CHOCO SWEET POTATO 400GR,8997002054440,code128,,S0005,Pcs,Pcs,Box,36000,39000,0,,,,,,konsi,,,,,
NARAYA OAT CHOCO PANDAN 400GR,8997002054426,code128,,S0005,Pcs,Pcs,Box,36000,39000,0,,,,,,konsi,,,,,
NARAYA OAT GREEN TEA,8997002055034,code128,,S0005,Pcs,Pcs,Box,36000,39000,5,,,,,,konsi,,,,,
CNI GINGSENG COFFE SACHET,cni,code128,,S0002,Pcs,Pcs,Box (20),5000,7000,20,,,,,,konsi,,,,,
OW AIR OKSIGEN 488ML,8997017340026,code128,,S0005,Pcs,Pcs,Box,7600,10000,50,,,,,,konsi,,,,,
TAS DEKOPAGE BESAR,149,code128,,S0004,Pcs,Pcs,Box,185000,200000,0,,,,,,konsi,,,,,
TAS DEKOPAGE MOTIF KECIL,150,code128,,S0004,Pcs,Pcs,Box,75000,80000,0,,,,,,konsi,,,,,
TAS DOMPET,155,code128,,S0004,Pcs,Pcs,Box,35000,45000,0,,,,,,konsi,,,,,
LEM DECOUPAGE,160,code128,,S0004,Pcs,Pcs,Box,15000,20000,2,,,,,,konsi,,,,,
LEM DECOUPAGE 1 LTR,162,code128,,S0004,Pcs,Pcs,Box,50000,55000,0,,,,,,konsi,,,,,
CAT ARKRILIK,157,code128,,S0004,Pcs,Pcs,Box,20000,25000,0,,,,,,konsi,,,,,
CAT ARKRILIK GOLD,158,code128,,S0004,Pcs,Pcs,Box,30000,35000,0,,,,,,konsi,,,,,
Bfree WATER HEALTHY 500ML,bFREE,code128,,S0002,Pcs,Pcs,Box,7000,10000,10,,,,,,konsi,,,,,
SEBLAK MOMMY RENDANG,8997211180022,code128,,S0005,Pcs,Pcs,Box,16000,18000,16,,,,,,konsi,,,,,
SEBLAK MOMY ORIGINAL,8997211180015,code128,,S0005,Pcs,Pcs,Box,16000,18000,6,,,,,,konsi,,,,,
GANDUM GRNG KEJU ALL Var,GANDUMALLVAR,code128,,S0005,Pcs,Pcs,Box,10000,12500,24,,,,,,konsi,,,,,
MIE LIDI ITEUNG ALL VAR,8992940873207,code128,,S0005,Pcs,Pcs,Box,15000,17500,22,,,,,,konsi,,,,,
BERAS MR.PULEN 10KG,BERASMRPULEN,code128,,S0001,Pcs,Pcs,Box,108000,120000,50,,,,,,konsi,,,,,
BERAS 10KG BMW,2,code128,,S0001,Pcs,Pcs,Box,120000,125000,2,,,,,,konsi,,,,,
BERAS CAP TANAK 5KG ,8997015440025,code128,,S0005,Pack,Pack,Box,60000,70000,10,,,,,,konsi,,,,,
BERAS NGAWITRI 5KG,8997015440087,code128,,S0001,Pcs,Pcs,Box,59000,65000,8,,,,,,konsi,,,,,
BERAS PREMIUM 7500 TANI 5KG ,BERAS7500TANI,code128,,S0014,Pack,Pack,Box,38500,42500,0,,,,,,konsi,,,,,
BERAS PREMIUM 7500 TANI 5KG ,BERAS7500TANI,code128,,S0014,Pack,Pack,Box,38500,42500,0,,,,,,konsi,,,,,
BERAS CAPING GUNUNG GREEN 5KG,BERASCAPINGGUNUNGGREEN,code128,,S0001,Pack,Pack,Box,75000,85000,10,,,,,,konsi,,,,,
BERAS CAPING GUNUNG RED 5KG,BERASCAPINGGUNUNGRED,code128,,S0001,Pack,Pack,Box,69500,79500,25,,,,,,konsi,,,,,
BERAS MR.PULEN 10KG,BERASMRPULEN,code128,,S0001,Pcs,Pcs,Box,108000,120000,50,,,,,,konsi,,,,,
BERAS TANI 2KG konsi,BERASTANI2KG,code128,,S0001,Pack,Pack,Box,15400,18000,25,,,,,,konsi,,,,,
ROA SAMBAL IKAN ASIN,ROASAMBELIKANASIN,code128,,S0005,Pcs,Pcs,Box,40000,50000,5,,,,,,konsi,,,,,
ROA SAMBEL REGULER ,ROASAMBELREGULER,code128,,S0005,Pcs,Pcs,Box,40000,50000,5,,,,,,konsi,,,,,
NUSKIN SCION WHITENING ROLL ON 75ML,NUSKINROLLON,code128,,S0003,Pcs,Pcs,Box,65000,85000,4,,,,,,konsi,,,,,
GOLDEN GINGER HOT,88251217873,code128,,S0005,Pcs,Pcs,Box,28517,32500,6,,,,,,konsi,,,,,
GOLDEN GINGER MILD,88251217866,code128,,S0005,Pcs,Pcs,Box,28517,32500,6,,,,,,konsi,,,,,
HOLISTICARE TUBE 30'S,8992863125001,code128,,S0006,Pcs,Pcs,Box,41610,46000,3,,,,,,konsi,,,,,
HOLISTICARE STRIP 4'S,8992863661035,code128,,S0006,Pcs,Pcs,Box,5767,8500,12,,,,,,konsi,,,,,
STIMUNO SYRUP GRAFE 60ML,8994388113242,code128,,S0006,Pcs,Pcs,Box,22000,25500,2,,,,,,konsi,,,,,
STIMUNO SYRUP ORIGINAL 60ML,8994388130140,code128,,S0006,Pcs,Pcs,Box,22000,25500,2,,,,,,konsi,,,,,
STIMUNO FORTE BOX 10'S,8994388130126,code128,,S0006,Pcs,Pcs,Box,24225,26500,4,,,,,,konsi,,,,,
TENANGIN AJA SAC,8993014711630,code128,,S0006,Pcs,Pcs,Box,1800,3000,5,,,,,,konsi,,,,,
MAKARONI BANTAT SEKAWAN 200G,MAKARONIBANTAT,code128,,S0005,Pcs,Pcs,Box,12000,15500,0,,,,,,konsi,,,,,
UBI MERAH,67,code128,,S0005,Pack,Pack,Box,9000,10000,0,,,,,,konsi,,,,,
KERIPIK UBI UNGU,KERIPIKUBIUNGU,code128,,S0005,Pcs,Pcs,Box,5000,6000,0,,,,,,konsi,,,,,
UBI,UBI10000,code128,,S0010,Pcs,Pcs,Box,9000,10000,10,,,,,,konsi,,,,,
KRIPIK JAGUNG SEKAWAN 200G,KRIPIKJAGUNGSEKAWAN,code128,,S0005,Pcs,Pcs,Box,11000,14500,5,,,,,,konsi,,,,,
KRIPIK PISANG SEKAWAN 200GR,KRIPIKPISANGSEKAWAN,code128,,S0005,Pcs,Pcs,Box,12000,15500,5,,,,,,konsi,,,,,
UBI UNGU SEKAWAN 180G,UBIUNGUSEKAWAN,code128,,S0005,Pcs,Pcs,Box,12000,15500,5,,,,,,konsi,,,,,
MAWAR LAUNDRY PELICIN & PENGHARUM,mawar,code128,,S0003,Pcs,Pcs,Box,25000,30000,40,,,,,,konsi,,,,,
KOTA TUA KOPI BOX 5'S,8997029940092,code128,,S0005,Pcs,Pcs,Box,5750,7500,16,,,,,,konsi,,,,,
KOTA TUA KOPI PREMIUM 180G,8997029940085,code128,,S0005,Pcs,Pcs,Box,22500,25500,20,,,,,,konsi,,,,,
KOTA TUA KOPI SAC 10'S,KOTATUASAC,code128,,S0005,Pcs,Pcs,Box,10500,13500,10,,,,,,konsi,,,,,
CIVA ALL VARIANT 8500,civa8500,code128,,S0005,Pcs,Pcs,Box,6500,8500,40,,,,,,konsi,,,,,
CIVA SNACK ALL VAR 28500,CIVA28500,code128,,S0005,Pcs,Pcs,Box,25000,28500,0,,,,,,konsi,,,,,
CIVA 3000,CIVA3000,code128,,S0005,Pcs,Pcs,Box,1600,3000,0,,,,,,konsi,,,,,
TOPLES BULAT BESAR,TOPLESBULAT75000,code128,,S0004,Pcs,Pcs,Box,60000,75000,12,,,,,,konsi,,,,,
TOPLES KOTAK / SEGI TIGA,TOPLEKOTAK/SEGITIGA65000,code128,,S0004,Pcs,Pcs,Box,50000,65000,24,,,,,,konsi,,,,,
KAIN PANJANG SOLO,KAINPANJANG60000,code128,,S0004,Pcs,Pcs,Box,45000,60000,16,,,,,,konsi,,,,,
NESLITE ,8994557313855,code128,,S0007,Pcs,Pcs,Box,13800,17000,10,,,,,,konsi,,,,,
NESLITE MENTHOL,8994557311929,code128,,S0007,Pcs,Pcs,Box,13800,17000,10,,,,,,konsi,,,,,
NESLITE BLACK ,8994557309643,code128,,S0007,Pcs,Pcs,Box,13800,17000,10,,,,,,konsi,,,,,
ANUGRAH ALL VARIANT,ANUGRAHALLVAR,code128,,S0005,Pcs,Pcs,Box,9500,15000,30,,,,,,konsi,,,,,
JENNY CAKE BOGOR,JENNYCAKE,code128,,S0005,Pcs,Pcs,Box,24000,28500,6,,,,,,konsi,,,,,
CLARISA&RICK KUE ALL Var,CLARISA,code128,,S0005,Pcs,Pcs,Box,17500,20000,0,,,,,,konsi,,,,,
AKSESORIS 2000,aksesoris2000,code128,,S0004,Pcs,Pcs,Box,1800,2000,74,,,,,,konsi,,,,,
AKSESORIS 3000,AKSESORIS3000,code128,,S0004,Pcs,Pcs,Box,2400,3000,30,,,,,,konsi,,,,,
AKSESORIS 5000,AKSESORIS5000,code128,,S0004,Pcs,Pcs,Box,4000,5000,30,,,,,,konsi,,,,,
AKSESORIS 6000,AKSESORIS6000,code128,,S0004,Pcs,Pcs,Box,4800,6000,66,,,,,,konsi,,,,,
AKSESORIS 8000,AKSESORIS8000,code128,,S0004,Pcs,Pcs,Box,6400,8000,30,,,,,,konsi,,,,,
AKSESORIS 10000,AKSESORIS10000,code128,,S0004,Pcs,Pcs,Box,8000,10000,78,,,,,,konsi,,,,,
AKSESORIS ID CARD 30000,AKSESORIS30000,code128,,S0004,Pcs,Pcs,Box,17500,30000,30,,,,,,konsi,,,,,
AKSESORIS id card 22500,AKSESORIS22500,code128,,S0004,Pcs,Pcs,Box,17500,22500,0,,,,,,konsi,,,,,
AKSESORIS id card ,AKSESORIS35000,code128,,S0004,Pcs,Pcs,Box,17500,35000,0,,,,,,konsi,,,,,
AKSESORIS FARPUM 12000,FARPUM12000,code128,,S0004,Pcs,Pcs,Box,9600,12000,12,,,,,,konsi,,,,,
AKSESORIS FARPUM 25000,FARPUM25000,code128,,S0004,Pcs,Pcs,Box,20000,25000,7,,,,,,konsi,,,,,
AKSESORIS FARPUM 40000,FARPUM40000,code128,,S0004,Pcs,Pcs,Box,32000,40000,4,,,,,,konsi,,,,,
ANUGRAH ALL VARIANT,ANUGRAHALLVAR,code128,,S0005,Pcs,Pcs,Box,9500,15000,30,,,,,,konsi,,,,,
OTEHA SAMBAL VARIANT,OTEHA,code128,,S0005,Pcs,Pcs,Box,18500,21000,40,,,,,,konsi,,,,,
ABON AYAM TOPLES,ABONTOPLES,code128,,S0005,Pcs,Pcs,Box,22500,25000,5,,,,,,konsi,,,,,
ABON AYAM BUNDEL,ABONBUNDEL,code128,,S0005,Pcs,Pcs,Box,8000,10000,10,,,,,,konsi,,,,,
S0019 185000,S0019185000,code128,,S0019,Pcs,Pcs,Box,166500,185000,60,,,,,,konsi,,,,,
S0019 KULOT,S0019KULOT150000,code128,,S0019,Pcs,Pcs,Box,135000,150000,32,,,,,,konsi,,,,,
S0019 BOLERO 150000,S0019150000,code128,,S0004,Pcs,Pcs,Box,135000,150000,7,,,,,,konsi,,,,,
S0019 KEMEJA PENDEK T PURING,S0019160000,code128,,S0004,Pcs,Pcs,Box,144000,160000,25,,,,,,konsi,,,,,
S0019 KEMEJA PNJG T PURING,KEMEJATANPAPURING,code128,,S0004,Pcs,Pcs,Box,157500,175000,20,,,,,,konsi,,,,,
S0019 KEMEJA PNJG T PURING,KEMEJATANPAPURING,code128,,S0004,Pcs,Pcs,Box,157500,175000,20,,,,,,konsi,,,,,
S0019 KEMEJA SOLO PURING,S0019265000,code128,,S0004,Pcs,Pcs,Box,238500,265000,30,,,,,,konsi,,,,,
BAHAN SIPON,sipon,code128,,S0004,Pcs,Pcs,Box,85500,95000,14,,,,,,konsi,,,,,
KEMEJA XXL D/S,KEMEJAXXL115000,code128,,S0020,Pcs,Pcs,Box,102000,120000,10,,,,,,konsi,,,,,
KEMEJA PANJANG D/S,KEMEJAPANJANG115000,code128,,S0020,Pcs,Pcs,Box,103500,115000,12,,,,,,konsi,,,,,
KEMEJA PENDEK D/S,KEMEJA100000,code128,,S0020,Pcs,Pcs,Box,90000,100000,16,,,,,,konsi,,,,,
S0019 KEMEJA SOLO PURING,S0019265000,code128,,S0004,Pcs,Pcs,Box,238500,265000,30,,,,,,konsi,,,,,
S0019 KEMEJA SOLO PURING,S0019265000,code128,,S0004,Pcs,Pcs,Box,238500,265000,30,,,,,,konsi,,,,,
S0019 KEMEJA PNJG T PURING,KEMEJATANPAPURING,code128,,S0004,Pcs,Pcs,Box,157500,175000,20,,,,,,konsi,,,,,
S0019 KEMEJA PENDEK T PURING,S0019160000,code128,,S0004,Pcs,Pcs,Box,144000,160000,25,,,,,,konsi,,,,,
KALUNG AKSESORIS,KALUNGAKSESORIS,code128,,S0019,Pcs,Pcs,Box,31500,35000,22,,,,,,konsi,,,,,
CELANA HITAM PJG BD,CELANAHITAMPJG,code128,,S0020,Pcs,Pcs,Box,110500,130000,15,,,,,,konsi,,,,,
BAHAN SIPON,sipon,code128,,S0004,Pcs,Pcs,Box,85500,95000,14,,,,,,konsi,,,,,
KARPET 170 X 230 BESAR,KARPETBESAR,code128,,S0004,Pcs,Pcs,Box,510000,550000,1,,,,,,konsi,,,,,
KARPET 160 X 210 KECIL,KARPETKECIL,code128,,S0004,Pcs,Pcs,Box,270000,310000,1,,,,,,konsi,,,,,
MUKENA S0019 (UNGU BIRU HIJAU),MUKENAS0019,code128,,S0004,Pcs,Pcs,Box,95000,105000,3,,,,,,konsi,,,,,
MUKENA BALI WARNA WARNI,MUKENABALI,code128,,S0004,Pcs,Pcs,Box,95000,105000,4,,,,,,konsi,,,,,
MUKENA PTH BORDIR PADANG,MUKENABORDIRPADANG,code128,,S0004,Pcs,Pcs,Box,230000,240000,1,,,,,,konsi,,,,,
MUKENA BW PTH BORDIR TASIK,MUKENATASIK,code128,,S0004,Pcs,Pcs,Box,210000,220000,1,,,,,,konsi,,,,,
JILBAB MOTIF VELVET SILK,JILBABVELVETSILK,code128,,S0004,Pcs,Pcs,Box,33000,38000,10,,,,,,konsi,,,,,
JILBAB PARIS SULAM,JILBABPARISSULAMPITA,code128,,S0004,Pcs,Pcs,Box,50000,55000,6,,,,,,konsi,,,,,
SEBLAK MOMMY RENDANG,8997211180022,code128,,S0005,Pcs,Pcs,Box,16000,18000,16,,,,,,konsi,,,,,
SEBLAK MOMY ORIGINAL,8997211180015,code128,,S0005,Pcs,Pcs,Box,16000,18000,6,,,,,,konsi,,,,,
SEBLAK MOMY ORIGINAL,8997211180015,code128,,S0005,Pcs,Pcs,Box,16000,18000,6,,,,,,konsi,,,,,
CIVA ALL VARIANT 8500,civa8500,code128,,S0005,Pcs,Pcs,Box,6500,8500,40,,,,,,konsi,,,,,
CIVA SNACK ALL VAR 28500,CIVA28500,code128,,S0005,Pcs,Pcs,Box,25000,28500,0,,,,,,konsi,,,,,
RENGGINANG IKAN ,8990817777801,code128,,S0005,Pcs,Pcs,Box,9000,12000,0,,,,,,konsi,,,,,
KACANG SANGRAI PANGERAN,KACANGSANGRAI,code128,,S0005,Pcs,Pcs,Box,8000,9500,10,,,,,,konsi,,,,,
AMPYANG KACANG JAHE,AMPYANG,code128,,S0005,Pcs,Pcs,Box,13000,16500,15,,,,,,konsi,,,,,
AROMANIS,8997018380113,code128,,S0005,Pcs,Pcs,Box,12000,15500,0,,,,,,konsi,,,,,
AMPYANG KACANG JAHE,AMPYANG,code128,,S0005,Pcs,Pcs,Box,13000,16500,15,,,,,,konsi,,,,,
RENGGINANG 12'S,RENGGINANG,code128,,S0005,Pcs,Pcs,Box,9000,12500,15,,,,,,konsi,,,,,
GAHARU COFFE,GAHARU,code128,,S0002,Pcs,Pcs,Box,18000,20000,7,,,,,,konsi,,,,,
KEPO CHIP COKLAT 120G,8997216670023,code128,,S0005,Pcs,Pcs,Box,20000,24500,0,,,,,,konsi,,,,,
KEPO CHIP SAPI PGG 120G,8997216670054,code128,,S0005,Pcs,Pcs,Box,20000,24500,2,,,,,,konsi,,,,,
KEPO CHIP KEJU A 120G,8997216670078,code128,,S0005,Pcs,Pcs,Box,20000,24500,2,,,,,,konsi,,,,,
KEPO CHIP BALADO PDS 120G,8997216670030,code128,,S0005,Pcs,Pcs,Box,20000,24500,2,,,,,,konsi,,,,,
KEPO CHIP SUSU MNS 120G,8997216670016,code128,,S0005,Pcs,Pcs,Box,20000,24500,2,,,,,,konsi,,,,,
KARUNIA BALI KAPRI 75G,8997031421183,code128,,S0005,Pcs,Pcs,Box,5500,7500,6,,,,,,konsi,,,,,
KARUNIA Krupuk KULIT 45GR,8997031421893,code128,,S0005,Pcs,Pcs,Box,7000,10500,16,,,,,,konsi,,,,,
KARUNIA KCG VABA 200G,8997031421411,code128,,S0005,Pcs,Pcs,Box,6000,9500,6,,,,,,konsi,,,,,
KARUNIA MARNING 150G,8997031421770,code128,,S0005,Pcs,Pcs,Box,4500,7500,6,,,,,,konsi,,,,,
GULAKU TEBU KUNING 1KG,8995177102058,code128,,S0001,Pcs,Pcs,Box (24),11800,16000,24,,,,,,konsi,,,,,
CALPICO FREZZ ORIGINAL 350ML,8992714041085,code128,,S0002,Pcs,Pcs,Box,5100,7500,24,,,,,,,,,,,
BELVITA PSG&CEREAL 80G,7622210737533,code128,,S0005,Pcs,Pcs,Box,6749,8500,12,,,,,,,,,,,
BIORE BF WHT SCRB 100M,8992727001656,code128,,S0004,Pcs,Pcs,Box,8300,10600,6,,,,,,,,,,,
BIORE BF PURE MILD 100M,8992727000383,code128,,S0004,Pcs,Pcs,Box,9600,12500,6,,,,,,,,,,,
MILKY FRUIT GRAPE 70ML,8997011926219,code128,,S0002,Pcs,Pcs,Box,1100,1500,10,,,,,,,,,,,
RTD MILO,rtdmilo,code128,,S0002,Pcs,Pcs,Box,1,4000,0,,,,,,,,,,,
MILO SAC 3 IN 1 35GR,8992696409057,code128,,S0005,Pcs,Pcs,Box,3200,5000,0,,,,,,,,,,,
CALPICO MINI 63ML,8992714042068,code128,,S0002,Pcs,Pcs,Box,875,2000,30,,,,,,,,,,,
MILKY MOO SWISS 70ML,8997011922105,code128,,S0002,Pcs,Pcs,Box,1330,2000,10,,,,,,,,,,,
YUPI BEARS MINI 50GR,8992741950244,code128,,S0005,Pcs,Pcs,Box,3666,5000,12,,,,,,,,,,,
LOTTE XYLITOL NEOS STW 58GR,8990333170179,code128,,S0005,Pcs,Pcs,Box,13600,15500,6,,,,,,,,,,,
LOTTE XYLITOL FRESH MINT 58GR,8990333164055,code128,,S0005,Pcs,Pcs,Box,12800,16500,6,,,,,,,,,,,
LOTTE XYLITOL BRZ 29GR,8990333166127,code128,,S0005,Pcs,Pcs,Box,7000,8500,12,,,,,,,,,,,
YUPI ROLLETO 10GR,8992741902397,code128,,S0005,Pcs,Pcs,Box,791,1500,24,,,,,,,,,,,
PIATOS BBQ 85GR,8996196000905,code128,,S0005,Pcs,Pcs,Box,6979,9500,30,,,,,,,,,,,
ROMY STIK BBQ 30GR,8994075240497,code128,,S0005,Pcs,Pcs,Box,789,2000,50,,,,,,,,,,,
SARI ROTI SANDWICH BLUEBERRY,8992907952341,code128,,S0005,Pcs,Pcs,Box,3850,4500,0,,,,,,,,,,,
PILUS GARUDA KEJU 22GR,8992775211700,code128,,S0005,Pcs,Pcs,Box,785,1500,20,,,,,,,,,,,
WRIGLEY DOUBLMINT PEPERMINT 23GR,8997018480769,code128,,S0005,Pcs,Pcs,Box,13500,16500,2,,,,,,,,,,,
WRIGLEY DOUBLMINT WINTERFROST 23G,8997018480820,code128,,S0005,Pcs,Pcs,Box,13500,16500,2,,,,,,,,,,,
WRIGLEY DOUBLMINT 58G,9555192501909,code128,,S0005,Pcs,Pcs,Box,12000,16000,6,,,,,,,,,,,
LEVITE ANGGUR HIJAU 350ML,8992752121992,code128,,S0002,Pcs,Pcs,Box,3120,5500,12,,,,,,,,,,,
NARAYA CHOC CREAM COKIES 400GR,8997002052279,code128,,S0005,Pcs,Pcs,Box,35000,38500,2,,,,,,,,,,,
NARAYA MIXED CEREAL CHO 250GR,8997002055294,code128,,S0005,Pcs,Pcs,Box,33000,37500,2,,,,,,,,,,,
WALLS CORNETTI RAINBOW POP,8999999054526,code128,,S0005,Pcs,Pcs,Box,7600,10000,24,,,,,,,,,,,
walls padle pop twister 60ml,8999999046897,code128,,S0005,Pcs,Pcs,Box,3960,6000,36,,,,,,,,,,,
NU GREEN TEA GULA BATU 450ML,8992388133277,code128,,S0002,Pcs,Pcs,Box,4666,7000,24,,,,,,,,,,,
NU GREEN TEA MELATI 330,8992388101085,code128,,S0002,Pcs,Pcs,Box,3125,5000,24,,,,,,,,,,,
NU GREEN TEA MADU 330ML,8992388101092,code128,,S0002,Pcs,Pcs,Box,3125,5000,24,,,,,,,,,,,
NU TEH TARIK BTL 330ML,8992388133345,code128,,S0002,Pcs,Pcs,Box,4666,7000,24,,,,,,,,,,,
NU ICE TEA MELATI 330ML,8992388133598,code128,,S0002,Pcs,Pcs,Box,2083,3500,12,,,,,,,,,,,
NU ICE TEA MADU 330ML,8992388133581,code128,,S0002,Pcs,Pcs,Box,2083,3500,12,,,,,,,,,,,
SUPER O2 DAYLIO 330ML,8992775613023,code128,,S0002,Pcs,Pcs,Box,3000,5000,24,,,,,,,,,,,
GPU MINYAK URUT 30ML,8993176110111,code128,,S0003,-,-,Box,8500,12000,6,,,,,,,,,,,
KENKO CUTTER ISI ULANG 5'S,KENKOCUTTERISIULANG,code128,,S0009,Pcs,Pcs,Box,3958,6500,10,,,,,,,,,,,
BUKU TULIS AL 38L,8997022640715,code128,,S0009,Pcs,Pcs,Box,1750,3500,10,,,,,,,,,,,
KWITANSI 40 T,8991389228227,code128,,S0009,Pcs,Pcs,Box,2800,5500,20,,,,,,,,,,,
PIA SNACKIT PANDAN 150GR,8992942120187,code128,,S0005,Pcs,Pcs,Box,9583,12500,12,,,,,,,,,,,
PIA SNACKIT K HIJAU 150GR,8992942120101,code128,,S0005,Pcs,Pcs,Box,9583,12500,12,,,,,,,,,,,
PIA SNACKIT KEJU 150GR,8992942120460,code128,,S0005,Pcs,Pcs,Box,9583,12500,12,,,,,,,,,,,
PIA SNACKIT COKLAT 150GR,8992942120125,code128,,S0005,Pcs,Pcs,Box,9583,12500,12,,,,,,,,,,,
PIA SNACKIT COKLAT 75GR,8992942120347,code128,,S0005,Pcs,Pcs,Box,5031,7000,12,,,,,,,,,,,
PIA SNACKIT K HIJAU 65GR,8992942120316,code128,,S0005,Pcs,Pcs,Box,5031,7000,24,,,,,,,,,,,
PIA SNACKIT KEJU 75GR,8992942120484,code128,,S0005,Pcs,Pcs,Box,5031,7000,24,,,,,,,,,,,
RTD BENDERA PUTIH,RTDBENDERAPUTIH,code128,,S0002,Pcs,Pcs,Box,1,4000,0,,,,,,,,,,,
SARI ROTI SOBEK KAYU MANIS,8992907953355,code128,,S0005,Pcs,Pcs,Box,11000,12000,2,,,,,,,,,,,
SARI ROTI MINI KEJU,8992907952778,code128,,S0005,Pcs,Pcs,Box,3500,4000,2,,,,,,,,,,,
KAPAL API 65GR,8991002105430,code128,,S0005,Pcs,Pcs,Box,4400,6500,50,,,,,,,,,,,
BENIH PADI 5KG,BENIHPADI,code128,,S0014,Pack,Pack,Box,65000,75000,10,,,,,,,,,,,
SNICKERS 35GR,69024894,code128,,S0005,Pcs,Pcs,Box,5500,7000,44,,,,,,,,,,,
SNICKERS 51GR,6914973600362,code128,,S0005,Pcs,Pcs,Box,8500,10500,48,,,,,,,,,,,
SORGHUM KECAP MANIS 640M,8997219230217,code128,,S0005,Pcs,Pcs,Box,21000,23500,12,,,,,,,,,,,
KINDERJOY BOY,80974482,code128,,S0005,Pcs,Pcs,Box,10500,13000,24,,,,,,,,,,,
RICOLA ALPIN FRESH 15GR,7610700612231,code128,,S0005,Pcs,Pcs,Box,5507,8000,36,,,,,,,,,,,
RICOLA ORIGINAL HERB,7610700612323,code128,,S0005,Pcs,Pcs,Box,5507,8000,6,,,,,,,,,,,
RICOLA LEMONT MINT 15G,7610700612491,code128,,S0005,Pcs,Pcs,Box,5507,8000,36,,,,,,,,,,,
RICOLA STW 25GR,7610700604274,code128,,S0005,Pcs,Pcs,Box,12560,15000,20,,,,,,,,,,,
RICOLA LMN MINT 25G,7610700604083,code128,,S0005,Pcs,Pcs,Box,12560,15000,20,,,,,,,,,,,
RICOLA SPEARMINT 25GR,7610700604199,code128,,S0005,Pcs,Pcs,Box,12560,15000,20,,,,,,,,,,,
RICOLA BLACKCURRANT 25G,7610700604113,code128,,S0005,Pcs,Pcs,Box,12560,15000,20,,,,,,,,,,,
RICOLA MOUNTAIN M 45G,7610700944783,code128,,S0005,Pcs,Pcs,Box,15000,18500,14,,,,,,,,,,,
RICOLA LEMONT MINT 45G,7610700607046,code128,,S0005,Pcs,Pcs,Box,15000,18500,18,,,,,,,,,,,
RICOLA ORIGINAL HERB 45G,7610700607008,code128,,S0005,Pcs,Pcs,Box,15000,18500,18,,,,,,,,,,,
RICOLA TIN SWISS HRBL 100G,7610700600863,code128,,S0005,Pcs,Pcs,Box,25594,28500,3,,,,,,,,,,,
RICOLA TIN MENTHOL 100G,7610700601068,code128,,S0005,Pcs,Pcs,Box,25594,28500,3,,,,,,,,,,,
RICOLA TIN LMN MINT 100G,7610700602393,code128,,S0005,Pcs,Pcs,Box,25594,28500,3,,,,,,,,,,,
POCKY CHOC 47GR,8851019210117,code128,,S0005,Pcs,Pcs,Box,6457,8500,10,,,,,,,,,,,
POCKY STW 45GR,8851019210124,code128,,S0005,Pcs,Pcs,Box,6457,8500,10,,,,,,,,,,,
POCKY DOUBLE COK 47G,8851019510132,code128,,S0005,Pcs,Pcs,Box,6238,8500,10,,,,,,,,,,,
POCKY  TEA MATCHA 33G,8851019210223,code128,,S0005,Pcs,Pcs,Box,6457,8500,10,,,,,,,,,,,
PLN PASCABAYAR REG,PLNPASCABAYAR,code128,,S0016,Pcs,Pcs,Box,26539,29539,1,,,,,,,,,,,
GARNIER COL NAT 3.16,8901526988693,code128,,S0004,Pcs,Pcs,Box,15180,18500,2,,,,,,,,,,,
GARNIER COL NAT 3 ,8901526988686,code128,,S0004,Pcs,Pcs,Box,15180,18500,2,,,,,,,,,,,
GARNIER L COMP FP IVORY ,6923492589348,code128,,S0004,Pcs,Pcs,Box,33110,36500,1,,,,,,,,,,,
GARNIER L COMP FP NATURAL,6923492589355,code128,,S0004,Pcs,Pcs,Box,33110,36500,1,,,,,,,,,,,
GARNIER L COMP FP SAND,6923492589362,code128,,S0004,Pcs,Pcs,Box,33110,36500,1,,,,,,,,,,,
GARNIER BB MIRACLE 18ML,8992304036804,code128,,S0004,Pcs,Pcs,Box,21670,25500,2,,,,,,,,,,,
GARNIER TLOC WHITE ICY DUO 50ML,8992304047442,code128,,S0004,Pcs,Pcs,Box,17710,19000,0,,,,,,,,,,,
GARNIER SHAVING WHTE 50ML,8992304073458,code128,,S0004,Pcs,Pcs,Box,15290,18000,2,,,,,,,,,,,
GARNIER F WASABI 50ML,8992304039607,code128,,S0004,Pcs,Pcs,Box,15180,18500,3,,,,,,,,,,,
GARNIER MEN ACNO F 50ML,8992304016967,code128,,S0004,Pcs,Pcs,Box,15180,18500,2,,,,,,,,,,,
GARNIER MEN ICY SCRUB 50ML,8992304009181,code128,,S0004,Pcs,Pcs,Box,14410,17500,2,,,,,,,,,,,
GARNIER SAKURA WHITE FOAM 50ML,8992304047169,code128,,S0004,Pcs,Pcs,Box,15180,18500,3,,,,,,,,,,,
GARNIER SAKURA WHT 100ML,8992304047152,code128,,S0004,Pcs,Pcs,Box,23540,27000,3,,,,,,,,,,,
GARNIER PURE ACTIVE 100ML,8992304036033,code128,,S0004,Pcs,Pcs,Box,21230,24500,3,,,,,,,,,,,
GARNIER CLEAN MICELAR PINK 125M,6928820029572,code128,,S0004,Pcs,Pcs,Box,22550,25500,0,,,,,,,,,,,
GARNIER CLEAN MICELAR BLUE 125M,6928820029558,code128,,S0004,Pcs,Pcs,Box,22550,25500,0,,,,,,,,,,,
MR S0018LING MUNDISARI 15GR,8995151110154,code128,,S0003,Pcs,Pcs,Box,7720,10500,4,,,,,,,,,,,
MR PP 2 IN 1 WHT 150ML,8995151110444,code128,,S0003,Pcs,Pcs,Box,15040,19500,10,,,,,,,,,,,
SAPU TANGAN,SAPUTANGAN,code128,,S0004,Pcs,Pcs,Box,14800,18500,12,,,,,,,,,,,
RIDER SINGLET 34,8993559111070,code128,,S0004,Pcs,Pcs,Box,21666,30000,6,,,,,,,,,,,
RIDER SINGLET 38,8993559111094,code128,,S0004,Pcs,Pcs,Box,27200,32500,3,,,,,,,,,,,
RIDER SINGLET 36,8993559111087,code128,,S0004,Pcs,Pcs,Box,21666,30000,6,,,,,,,,,,,
GT MAN CD PTH L,8994280130088,code128,,S0004,Pcs,Pcs,Box,27625,32500,10,,,,,,,,,,,
GT MAN CD PTH XL,8994280140087,code128,,S0004,Pcs,Pcs,Box,27625,32500,6,,,,,,,,,,,
GT MAN CD COLOR XL,8994280140094,code128,,S0004,Pcs,Pcs,Box,19000,32500,59,,,,,,,,,,,
GT MAN CD COLOR L,8994280130095,code128,,S0004,Pcs,Pcs,Box,25500,32500,3,,,,,,,,,,,
GT MAN CD COULOR M,8994280120096,code128,,S0004,Pcs,Pcs,Box,25500,32500,3,,,,,,,,,,,
SWAN SINGLET SIZE,SWANSINGLET,code128,,S0004,Pcs,Pcs,Box,21250,25000,12,,,,,,,,,,,
RIDER OBLONG L,8993559112039,code128,,S0004,Pcs,Pcs,Box,40000,55000,12,,,,,,,,,,,
RIDER OBLONG M,8993559112022,code128,,S0004,Pcs,Pcs,Box,40000,55000,0,,,,,,,,,,,
RIDER OBLONG XL,8993559112084,code128,,S0004,Pcs,Pcs,Box,40000,55000,12,,,,,,,,,,,
SARUNG TANGAN WOLL,SARUNGTANGAN,code128,,S0004,Pcs,Pcs,Box,8500,10000,8,,,,,,,,,,,
KAOS KAKI STUDENT SOCK,KAOSKAKISTUDENT,code128,,S0004,Pcs,Pcs,Box,8500,10000,9,,,,,,,,,,,
KAOS KAKI SPORT COTTON ,KAOSKAKISPORT,code128,,S0004,Pcs,Pcs,Box,17000,18000,0,,,,,,,,,,,
KAOS KAKI FELLAS ARMY,KAOSKAKIARMY,code128,,S0004,Pcs,Pcs,Box,16000,20000,6,,,,,,,,,,,
KAOS KAKI CEWE JEMPOL,JEMPOL,code128,,S0004,Pcs,Pcs,Box,14365,16900,24,,,,,,,,,,,
KAOS KAKI ELEGANT ,6716,code128,,S0004,Pcs,Pcs,Box,21165,24900,12,,,,,,,,,,,
TOYOTA OPEN TABLE,TOYOTA,code128,,S0017,Pcs,Pcs,Box,1,250000,2,,,,,,,,,,,
CAMPINA CON BOLD TIRAMISU,8998009710322,code128,,S0005,Pcs,Pcs,Box,6799,9000,18,,,,,,,,,,,
CAMPINA PATRIK STIK 65G,8998009971235,code128,,S0005,Pcs,Pcs,Box,3599,5000,21,,,,,,,,,,,
CAMPINA BOLD BROWNS,8998009710315,code128,,S0005,Pcs,Pcs,Box,6799,9500,18,,,,,,,,,,,
AMG URI CRAN OPEN TABLE,OPENTABLE,code128,,S0017,Pcs,Pcs,Box,200000,250000,1,,,,,,,,,,,
RICOLA ALPIN FRESH 45G,7610700607091,code128,,S0005,Pcs,Pcs,Box,15000,18500,19,,,,,,,,,,,
OREO COKLAT CREAM 137G,8992760223015,code128,,S0005,Pcs,Pcs,Box,6318,8500,24,,,,,,,,,,,
OREO SANDWICH CREAM 137G,8992760221028,code128,,S0005,Pcs,Pcs,Box,6318,8500,24,,,,,,,,,,,
SUNLIGHT LIME BTL 800M,8999999036355,code128,,S0004,Pcs,Pcs,Box,20800,23500,0,,,,,,,,,,,
HALAWA BMB SAC ALL Var,HALAWAALLVAR,code128,,S0005,Pcs,Pcs,Box,1000,1500,144,,,,,,,,,,,
LOTTE XYLITOL JERUK NIPIS 58G,8990333164048,code128,,S0005,Pcs,Pcs,Box,12800,16500,6,,,,,,,,,,,
LOTTE XYLITOL BLUEBERI  58G,8990333164079,code128,,S0005,Pcs,Pcs,Box,12799,16500,6,,,,,,,,,,,
FISHERMAN LEMON,50604159,code128,,S0005,Pcs,Pcs,Box,13000,15500,27,,,,,,,,,,,
FISHERMAN CITRUS,50070657,code128,,S0005,Pcs,Pcs,Box,13000,15500,25,,,,,,,,,,,
FISHERMAN BLACKCURRANT,96068809,code128,,S0005,Pcs,Pcs,Box,13000,15500,10,,,,,,,,,,,
FISHERMAN MINT,50357154,code128,,S0005,Pcs,Pcs,Box,11500,15500,24,,,,,,,,,,,
PIATOS DUO NORI 25GR,8996196003357,code128,,S0005,Pcs,Pcs,Box,1440,3500,40,,,,,,,,,,,
SAVE L KAPAS 30GR,8993072143428,code128,,S0004,Pcs,Pcs,Box,3033,5000,24,,,,,,,,,,,
CHARM BF SPR CMF 35CM,8993189270260,code128,,S0004,Pcs,Pcs,Box,8700,11000,6,,,,,,,,,,,
CHARM BF EXTRA MAXI 10'S,8993189270291,code128,,S0004,Pcs,Pcs,Box,4400,6500,6,,,,,,,,,,,
KRIPIK SINGKONG GELOMBANG ,KRIPIKSINGKONGALLVAR,code128,,S0005,Pcs,Pcs,Box,9000,11500,30,,,,,,,,,,,
CIRENG RUJAK,CIRENG,code128,,S0005,Pcs,Pcs,Box,12000,15500,10,,,,,,,,,,,
KENTANG CURAH GR,KENTANGCURAH,code128,,S0005,Pcs,Pcs,Box,12000,15500,20,,,,,,,,,,,
S0018 AMG DAY DAY OPEN TABLE,S0018AMG,code128,,S0018,Pcs,Pcs,Box,1,250000,0,,,,,,,,,,,
SILVER CHUNKYBAR ALMOND 100G,8991001111777,code128,,S0005,Pcs,Pcs,Box,16500,22000,24,,,,,,,,,,,
SILVER CHUNKYBAR MEDE 100G,8991001111647,code128,,S0005,Pcs,Pcs,Box,21500,24500,12,,,,,,,,,,,
SILVER Q BITES bukan_konsiEW 40GR,8991001111791,code128,,S0005,Pcs,Pcs,Box,6999,10000,0,,,,,,,,,,,
SILVER Q BITES ALMOND 40GR,8991001111807,code128,,S0005,Pcs,Pcs,Box,6999,10000,0,,,,,,,,,,,
SILVER Q BITES NUT 40GR,8991001111609,code128,,S0005,Pcs,Pcs,Box,6996,10000,0,,,,,,,,,,,
S0018 SEWA BACWAL DJARUM ,S0018BACWALLDJARUM,code128,,S0018,Pcs,Pcs,Box,1,1500000,0,,,,,,,,,,,
SUPER PELL GOLD 800M,8999999057015,code128,,S0004,Pcs,Pcs,Box,10900,14500,3,,,,,,,,,,,
DOWNY PASSION 800ML,4902430622080,code128,,S0004,Pcs,Pcs,Box,23950,27500,5,,,,,,,,,,,
ROYCO SAPI POUCH 100GR,8999999192198,code128,,S0005,Pcs,Pcs,Box,4650,6500,10,,,,,,,,,,,
ROYCO AYAM POUCH 100GR,8999999192150,code128,,S0005,Pcs,Pcs,Box,4650,6500,10,,,,,,,,,,,
BARCO JERIGENT 5L,8993077840506,code128,,S0005,Pcs,Pcs,Box,154650,159650,1,,,,,,,,,,,
WRIGLEY DOUBLEM CAN 12GR,8997018484576,code128,,S0005,Pcs,Pcs,Box,6000,8500,10,,,,,,,,,,,
KINO CHEW BALL MINT 37G,8992942006375,code128,,S0005,Pcs,Pcs,Box,2994,3500,24,,,,,,,,,,,
B&B KIDS SHP FRUITY FUN 200M,8993417170263,code128,,S0004,Pcs,Pcs,Box,13349,16500,3,,,,,,,,,,,
B&B KIDS SHP SWEET FLORAL 200M,8993417170256,code128,,S0004,Pcs,Pcs,Box,13349,16500,3,,,,,,,,,,,
ESKULIN SPL FIRST KISS 125M,8993417214233,code128,,S0004,Pcs,Pcs,Box,14699,18500,3,,,,,,,,,,,
ESKULIN H SANITIZER P 50M,8993417353154,code128,,S0004,Pcs,Pcs,Box,6799,10000,10,,,,,,,,,,,
MASTER KID COL SPIDERMAN 100ML,8993417312236,code128,,S0004,Pcs,Pcs,Box,11550,14500,3,,,,,,,,,,,
MASTER KID COL CAP AMERICA 100M,8993417312267,code128,,S0004,Pcs,Pcs,Box,11550,14500,3,,,,,,,,,,,
OVAL FAC ALOE WHITENG 100ML,8993417001277,code128,,S0004,Pcs,Pcs,Box,14549,17000,3,,,,,,,,,,,
OVALE FAC A.ACNE 100M,8993417001260,code128,,S0004,Pcs,Pcs,Box,14549,17000,3,,,,,,,,,,,
OVALE BDK DINGIN TEH HIJAU ,8993417285622,code128,,S0004,Pcs,Pcs,Box,5700,8000,3,,,,,,,,,,,
OVALE FACIAL MASK BEDAK DINGIN,8993417285615,code128,,S0004,Pcs,Pcs,Box,5949,8500,6,,,,,,,,,,,
OVALE LLR BALI BENGKOANG,8993417282256,code128,,S0004,Pcs,Pcs,Box,15099,19500,0,,,,,,,,,,,
OVALE LLR BALI MILK,8993417282263,code128,,S0004,Pcs,Pcs,Box,15099,19500,0,,,,,,,,,,,
OVALE CLEAN ALOE 100ML,8993417070228,code128,,S0004,Pcs,Pcs,Box,11999,14500,4,,,,,,,,,,,
RESIK V MANJAKANI 50M,8993417165016,code128,,S0004,Pcs,Pcs,Box,8199,10500,4,,,,,,,,,,,
S0018 MNC BANK OPEN TABLE,S0018MNCBANK,code128,,S0018,Pcs,Pcs,Box,1,200000,0,,,,,,,,,,,
CAMPINA SPIDERMAN 55ML,8998009971266,code128,,S0005,Pcs,Pcs,Box,3599,5500,21,,,,,,,,,,,
CAMPINA OLYMPIA COK FUDGE 80M,8998009700057,code128,,S0005,Pcs,Pcs,Box,3200,6500,0,,,,,,,,,,,
CAMPINA SPONG CUP STW CHO BNA,8998009700392,code128,,S0005,Pcs,Pcs,Box,3199,5000,21,,,,,,,,,,,
TARIK MAX TEA SAC 10'S,9311931201208,code128,,S0002,Pcs,Pcs,Box,15730,18000,15,,,,,,,,,,,
FRUITY ALL YOGURT,FRUITYALLVAR,code128,,S0002,Pcs,Pcs,Box,7000,8000,14,,,,,,,,,,,
DJARUM BLACK 16,8991906101125,code128,,S0007,Pcs,Pcs,Box,19300,22000,10,,,,,,,,,,,
ABON SPR 99 250GR,ABONSPR250,code128,,S0005,Pcs,Pcs,Box,25500,29500,13,,,,,,,,,,,
ABON SPR 99 100GR,ABONSPR100GR,code128,,S0005,Pcs,Pcs,Box,11250,15000,9,,,,,,,,,,,
YOU C LEMON WTR 500ML,8997009510116,code128,,S0002,Pcs,Pcs,Box,6330,8500,0,,,,,,,,,,,
BIG BUCK ALL VAR,BIGBUCK,code128,,S0002,Pcs,Pcs,Box,13500,15500,20,,,,,,,,,,,
MITU BABY PWD FLORAL 200GR,8992745550426,code128,,S0004,Pcs,Pcs,Box,9788,14000,10,,,,,,,,,,,
HIT AER LILY BLOS 225ML,8992745140955,code128,,S0004,Pcs,Pcs,Box,12992,15500,3,,,,,,,,,,,
ABC BATRE AA / PCS 4'S,BATREBIRU,code128,,S0004,Pcs,Pcs,Box,7000,12500,6,,,,,,,,,,,
CEMILAN CEPULUH ALL VAR,CEMILANCEPULUH,code128,,S0005,Pcs,Pcs,Box,10000,12000,17,,,,,,,,,,,
GARUDA KCG KULIT 800GR,8992775110102,code128,,S0005,Pcs,Pcs,Box,45530,51500,5,,,,,,,,,,,
CHOCOLATOS HAZELNUT 16GR,8992775000007,code128,,S0005,Pcs,Pcs,Box,759,1500,0,,,,,,,,,,,
TORABIKA 3 IN 1 SAC,8998666001931,code128,,S0005,Pcs,Pcs,Box,8500,11000,10,,,,,,,,,,,
GUDANG GARAM SURYA 12,8998989300261,code128,,S0007,Pcs,Pcs,Box,16450,19000,5,,,,,,,,,,,
S0016 fren,fren5000,code128,,S0016,Pcs,Pcs,Box,5000,7000,1,,,,,,,,,,,
TELUR ASIN MATANG,TELURASIN,code128,,S0005,Pcs,Pcs,Box,4000,5000,0,,,,,,,,,,,
GARNIER L COMP WHT SPEED 50M,8991380700593,code128,,S0004,Pcs,Pcs,Box,15180,17500,3,,,,,,,,,,,
GARNIER COMP FOAM 50M,8992304019388,code128,,S0003,Pcs,Pcs,Box,13530,15500,3,,,,,,,,,,,
GARNIER COMP WHT SPEED SCRUB 100M,8991380700609,code128,,S0003,Pcs,Pcs,Box,23430,26500,0,,,,,,,,,,,
GARNIER PURE ACTIVE MATCHA 50ML,8992304082238,code128,,S0004,Pcs,Pcs,Box,14080,16500,0,,,,,,,,,,,
GARNIER ACTV SCRUB 50ML,8992304019340,code128,,S0003,Pcs,Pcs,Box,14850,18000,3,,,,,,,,,,,
GARNIER L.C WHITE SPEED 50ML,8991380700036,code128,,S0004,Pcs,Pcs,Box,13530,17000,3,,,,,,,,,,,
GARNIER WHT SAVING 100ML,8992304073441,code128,,S0004,Pcs,Pcs,Box,26730,29000,2,,,,,,,,,,,
GARNIER ACNO FIGHT 100M,8992304015298,code128,,S0004,Pcs,Pcs,Box,24640,27500,0,,,,,,,,,,,
GAR COLOR 3 COKL KEHTAMAN,8901526209897,code128,,S0004,Pcs,Pcs,Box,10010,13500,3,,,,,,,,,,,
GAR COLOR 3.16 B. ALAMI,8901526211715,code128,,S0004,Pcs,Pcs,Box,10010,13500,3,,,,,,,,,,,
GAR COLOR 1 HTM ALAMI,8901526209910,code128,,S0003,Pcs,Pcs,Box,10010,13500,3,,,,,,,,,,,
LOREAL REPAIR COND 165M,6946537047443,code128,,S0004,Pcs,Pcs,Box,26400,29500,2,,,,,,,,,,,
LOREAL SMOOTH INTENSE 170ML,8992304010224,code128,,S0004,Pcs,Pcs,Box,21780,24500,0,,,,,,,,,,,
GARNIER PURE ACTIVE FOAM 100ML,8992304019524,code128,,S0004,Pcs,Pcs,Box,21230,25000,0,,,,,,,,,,,
GARNIER TURBOLIGHT MATCHA GEL 100M,8992304096723,code128,,S0004,Pcs,Pcs,Box,22550,25500,0,,,,,,,,,,,
GARNIER MATCHA GEL 50M,8992304096778,code128,,S0004,Pcs,Pcs,Box,14410,16500,3,,,,,,,,,,,
GARNIER SAKURA ESENSE 10ML,8992304096389,code128,,S0004,Pcs,Pcs,Box,25960,28500,3,,,,,,,,,,,
BODREX FLU & BATUK PE,8999908057709,code128,,S0006,Pcs,Pcs,Box,1740,3500,0,,,,,,,,,,,
MBK POWDER WHTE 13GR,8991977110019,code128,,S0006,Pcs,Pcs,Box,1416,3000,12,,,,,,,,,,,
ABC SBL EXT PDS 135 ML,711844120082,code128,,S0005,Pcs,Pcs,Box,5341,7500,0,,,,,,,,,,,
ABC JUICE APPLE 250ML,711844160057,code128,,S0005,Pcs,Pcs,Box,4840,7000,24,,,,,,,,,,,
ABC JUICE MANGGO 250M,711844160118,code128,,S0002,Pcs,Pcs,Box,4840,7000,24,,,,,,,,,,,
ABC JUICE ORANGE 250M,711844160019,code128,,S0002,Pcs,Pcs,Box,4840,7000,24,,,,,,,,,,,
GO POTATO 10G,8994834000331,code128,,S0005,Pcs,Pcs,Box,425,600,20,,,,,,,,,,,
DJARUM BLACK MILD 16,8991906101316,code128,,S0007,Pcs,Pcs,Box,17600,20000,10,,,,,,,,,,,
DJARUM MLD BLACK S 12,8991906108384,code128,,S0007,Pcs,Pcs,Box,13300,16000,10,,,,,,,,,,,
DJARUM MLD PTH 12,8991906101415,code128,,S0007,Pcs,Pcs,Box,9950,12000,2,,,,,,,,,,,
KRIUK SNACK,KRIUK,code128,,S0005,Pcs,Pcs,Box,5000,6500,25,,,,,,,,,,,
MIX FRUIT SNACK 40G,8997204200348,code128,,S0005,Pcs,Pcs,Box,7200,11000,60,,,,,,,,,,,
MIX APPLE SNACK 40GR,8997204200348,code128,,S0005,Pcs,Pcs,Box,8100,11000,30,,,,,,,,,,,
MOGU-MOGU NATA DE GRAPE ,8850389108314,code128,,S0002,Pcs,Pcs,Box,6850,9000,24,,,,,,,,,,,
S0018 AGEN POS ,S0018POS,code128,,S0018,Pcs,Pcs,Box,1,863900,1,,,,,,,,,,,
KRIPIK SINGKONG BALADO,TONI,code128,,S0005,Pcs,Pcs,Box,5000,6500,30,,,,,,,,,,,
S0018 DORI IKAN OPEN TABLE,S0018DORI,code128,,S0018,Pcs,Pcs,Box,1,100000,0,,,,,,,,,,,
LOTTE BUBBLE TUTTI F,8990333127104,code128,,S0005,Pcs,Pcs,Box,1500,2500,20,,,,,,,,,,,
LOTTE STW SUSU DORAEMON,8990333121621,code128,,S0005,Pcs,Pcs,Box,1500,2500,20,,,,,,,,,,,
CAMPINA MINI MIX,CAMPINAMINI,code128,,S0005,Pcs,Pcs,Box,2000,3000,0,,,,,,,,,,,
XON-CE DRINK 200ML,8997009781189,code128,,S0002,Pcs,Pcs,Box,4400,6500,24,,,,,,,,,,,
ASIA CAKE BAKERY,ASIACAKE,code128,,S0005,Pcs,Pcs,Box,5000,6000,25,,,,,,,,,,,
TEH BANDULAN VANILLA 25'S,8994300101077,code128,,S0005,Pcs,Pcs,Box,8000,10500,2,,,,,,,,,,,
TEH BANDULAN ASLI 25'S,8994300101180,code128,,S0005,Pcs,Pcs,Box,8000,10500,8,,,,,,,,,,,
TEH BANDULAN 10'S,BANDULAN10S,code128,,S0005,Pcs,Pcs,Box,8000,12000,10,,,,,,,,,,,
FLAMBOYAN SARI B APEL,8997003350015,code128,,S0002,Pcs,Pcs,Box,1541,2000,24,,,,,,,,,,,
FLAMBOYAN PAKET 24'S,18997003357001,code128,,S0002,Pcs,Pcs,Box,37000,42500,19,,,,,,,,,,,
HAPPYTOS MERAH 160G,8993027111601,code128,,S0005,Pcs,Pcs,Box,8937,12000,16,,,,,,,,,,,
LAURIER SPR MAX LONG W 8'S,8992727003353,code128,,S0004,Pcs,Pcs,Box,6266,8500,12,,,,,,,,,,,
RTD MI ABC,RTDMIEABC,code128,,S0005,Pcs,Pcs,Box,1,6500,12,,,,,,,,,,,
GOOD DAY ORI CAPPUCINO 250ML,8991002121089,code128,,S0002,Pcs,Pcs,Box,5000,7500,0,,,,,,,,,,,
KUSUKA ORIGINAL 180GR,653314502120,code128,,S0005,Pcs,Pcs,Box,11299,13500,6,,,,,,,,,,,
CRICET KECIL,CRICETKECIL,code128,,S0004,Pcs,Pcs,Box,3500,5500,50,,,,,,,,,,,
ROMA GANDUM SANWICH 39G,8996001308059,code128,,S0005,Pcs,Pcs,Box,1666,2000,20,,,,,,,,,,,
BLASTER CHOCO BAG,8991102213189,code128,,S0005,Pcs,Pcs,Box,4556,7000,6,,,,,,,,,,,
BLASTER NEAPOLITAN BAG,8991102230308,code128,,S0005,Pcs,Pcs,Box,4556,7000,6,,,,,,,,,,,
YOU C APPLE BTL 140ML,8997009510130,code128,,S0002,Pcs,Pcs,Box,5153,7500,30,,,,,,,,,,,
FORMULA FLIP MOC,8991102023603,code128,,S0003,Pcs,Pcs,Box,10780,15000,24,,,,,,,,,,,
KRATINGDAENG SUPER150ML,8886057883672,code128,,S0002,Pcs,Pcs,Box,5390,7500,0,,,,,,,,,,,
ABC ALKALINE 9V,8886022950538,code128,,S0004,Pcs,Pcs,Box,26000,28500,24,,,,,,,,,,,
AROMATIC MASUK ANGIN,8886022962166,code128,,S0003,Pcs,Pcs,Box,11269,16000,12,,,,,,,,,,,
AROMATIC PEGAL PEGAL,8886022962159,code128,,S0003,Pcs,Pcs,Box,9799,12500,12,,,,,,,,,,,
LIANG CHA TEH 500ML,8991102224000,code128,,S0002,Pcs,Pcs,Box,4312,6500,12,,,,,,,,,,,
LIANG CHA TEH 350ML,8991102224024,code128,,S0002,Pcs,Pcs,Box,3499,5000,12,,,,,,,,,,,
TANGO WFR STW 176G,8991102303309,code128,,S0005,Pcs,Pcs,Box,9309,12500,10,,,,,,,,,,,
TANGO WFR VANILA 176G,8991102300544,code128,,S0005,Pcs,Pcs,Box,9800,12500,0,,,,,,,,,,,
FORMULA PG STRONG 160G,8991102101837,code128,,S0003,Pcs,Pcs,Box,8721,11000,6,,,,,,,,,,,
FORMULA PG PROTEC 160G,8991102100823,code128,,S0003,Pcs,Pcs,Box,8819,11000,3,,,,,,,,,,,
TANGO WFR BELGIAN COK 38G,8991102988988,code128,,S0005,Pcs,Pcs,Box,1714,3500,12,,,,,,,,,,,
TEH GELAS BTL 500M,8991102228015,code128,,S0002,Pcs,Pcs,Box,4124,6500,24,,,,,,,,,,,
NISSIN BIS CRAC MADU 300G,8888166338395,code128,,S0005,Pcs,Pcs,Box,8500,11500,20,,,,,,,,,,,
PEARLMAX PISAU CUKUR,6914260255404,code128,,S0004,Pcs,Pcs,Box,3000,6000,24,,,,,,,,,,,
GERY SALUUT CHEESE 18G,8992775305034,code128,,S0005,Pcs,Pcs,Box,800,1000,120,,,,,,,,,,,
STIMUNO SYRP ORANGE 60ML,8994388105896,code128,,S0006,Pcs,Pcs,Box,22000,25500,3,,,,,,,,,,,
HERBA PAIN KAPLET 4s,8994388619201,code128,,S0006,Pcs,Pcs,Box,6160,8500,10,,,,,,,,,,,
ABC BATRE AAA/PCS,BATREBIRUKECIL,code128,,S0004,Pcs,Pcs,Box,2729,5500,6,,,,,,,,,,,
WEST CIGARET ,9312412510413,code128,,S0007,Pcs,Pcs,Box,14830,17000,10,,,,,,,,,,,
EXPRES CAFE K MOCA SAC,9311931024012,code128,,S0005,Pcs,Pcs,Box,8899,11000,2,,,,,,,,,,,
BUMBU PECEL,PECEL,code128,,S0005,Pcs,Pcs,Box,7000,8000,8,,,,,,,,,,,
S0018 BUBUR SUMSUM,S0018SUMSUM,code128,,S0018,Pcs,Pcs,Box,1,100000,0,,,,,,,,,,,
FORMULA SG ZAP,8991102023238,code128,,S0004,Pcs,Pcs,Box,2500,5000,12,,,,,,,,,,,
LEM BESI HANDSOME,8997016490081,code128,,S0009,Pcs,Pcs,Box,625,3500,0,,,,,,,,,,,
LANTING VARIANT,LANTING,code128,,S0005,Pcs,Pcs,Box,7500,10000,5,,,,,,,,,,,
BELVA KUE KETAWA,KETAWA,code128,,S0005,Pcs,Pcs,Box,6500,8500,5,,,,,,,,,,,
KUE SARANG SEMUT BSR,SARANGSEMUTBESAR,code128,,S0005,Pcs,Pcs,Box,11000,13000,5,,,,,,,,,,,
KUE SARANG SEMUT KCL,SARANGSEMUTKECIL,code128,,S0005,Pcs,Pcs,Box,6000,8500,5,,,,,,,,,,,
BELVA ONDE ONDE,ONDEONDE,code128,,S0005,Pcs,Pcs,Box,12000,15000,5,,,,,,,,,,,
PRIMA SEREAL COKLAT 10'S,8996001603178,code128,,S0005,Pcs,Pcs,Box,7500,10000,6,,,,,,,,,,,
PRIMA SEREAL VANILA 10'S,8996001603185,code128,,S0002,Pcs,Pcs,Box,7500,10000,10,,,,,,,,,,,
SUNLIGHT LIME BTL 400ML,8999999036348,code128,,S0004,Pcs,Pcs,Box,11950,14500,24,,,,,,,,,,,
TONG TJI TEH PAK 10'S,8992936120902,code128,,S0005,Pcs,Pcs,Box,6719,9000,20,,,,,,,,,,,
REFINA GARAM MEJA 250GR,8993226112508,code128,,S0005,Pcs,Pcs,Box,4138,6000,40,,,,,,,,,,,
SO KLIN RAPIKA C BLUE 250M,8998866608855,code128,,S0004,Pcs,Pcs,Box,3125,5500,0,,,,,,,,,,,
SO KLIN RAPIKA E PURPLE 250M,8998866608879,code128,,S0004,Pcs,Pcs,Box,3125,5500,0,,,,,,,,,,,
SO KLIN RAPIKA SWEET P 250M,8998866608862,code128,,S0004,Pcs,Pcs,Box,3125,5500,0,,,,,,,,,,,
SO KLIN RAPIKA LOVELY L 250M,8998866608879,code128,,S0004,Pcs,Pcs,Box,3125,5500,0,,,,,,,,,,,
FRENCH FRIES 11GR,8886013222408,code128,,S0005,Pcs,Pcs,Box,850,1500,40,,,,,,,,,,,
WRIGLEY D MINT CAN 12GR,8997018484606,code128,,S0005,Pcs,Pcs,Box,5416,8500,24,,,,,,,,,,,
TROP SLIM CLASIC 250GR,749921001023,code128,,S0005,Pcs,Pcs,Box,64900,68500,2,,,,,,,,,,,
HAAN BLACK FOREST 400G,8992992340177,code128,,S0005,Pcs,Pcs,Box,19332,23500,2,,,,,,,,,,,
HAAN BROWNIS KUKUS 475G,8992992340184,code128,,S0005,Pcs,Pcs,Box,22592,26500,2,,,,,,,,,,,
HAAN CHIFFON CKLT 380G,8992993524637,code128,,S0005,Pcs,Pcs,Box (48),19399,23500,2,,,,,,,,,,,
HAAN CHIFFON PANDAN 380G,8992993524422,code128,,S0005,Pcs,Pcs,Box,17023,20500,2,,,,,,,,,,,
HAAN PANCAKE 180GR,8992993250321,code128,,S0005,Pcs,Pcs,Box,9736,15500,2,,,,,,,,,,,
YUZU GREAN TEA 350M,8997212800028,code128,,S0002,Pcs,Pcs,Box,2600,4500,243,,,,,,,,,,,
YUZU TEA 350M,8997212800011,code128,,S0002,Pcs,Pcs,Box,2600,4500,24,,,,,,,,,,,
GUNTING SCISSORS 888,8994292112874,code128,,S0009,Pcs,Pcs,Box,7500,15000,10,,,,,,,,,,,
STAPLES MAX HD 10,4902870775667,code128,,S0009,Pcs,Pcs,Box,10833,14500,0,,,,,,,,,,,
STAPLES MAX HD 10 ORG,4902870775681,code128,,S0009,Pcs,Pcs,Box,11500,16000,10,,,,,,,,,,,
STAPLES MAX HD 10 BLUE,4902870775711,code128,,S0009,Pcs,Pcs,Box,11500,16000,10,,,,,,,,,,,
STAPLES ISI NO 10,4902870762131,code128,,S0009,Pcs,Pcs,Box,2000,4000,20,,,,,,,,,,,
KIWI BROWN 14GR,4968306479660,code128,,S0004,Pcs,Pcs,Box,6666,9000,12,,,,,,,,,,,
KIWI BROWN 45ML,4968306479592,code128,,S0004,Pcs,Pcs,Box,13050,16000,6,,,,,,,,,,,
BANTEX 1391 ,8992238021242,code128,,S0009,Pcs,Pcs,Box,50000,55500,10,,,,,,,,,,,
MAP KANCING BENING,MAPKANCINGBENING,code128,,S0009,Pcs,Pcs,Box,3083,6000,12,,,,,,,,,,,
POS IT TRIFELO TFSN5205,6922227301286,code128,,S0004,Pcs,Pcs,Box,7500,10500,12,,,,,,,,,,,
FORMULA SG DA,8991102020176,code128,,S0003,Pcs,Pcs,Box (12),2375,5000,24,,,,,,,,,,,
FORMULA SG TRENDY,8991102020459,code128,,S0003,Pcs,Pcs,Box (12),2743,5000,12,,,,,,,,,,,
VIT WATTER BOTTLE 1500ML,8992752011057,code128,,S0002,Pcs,Pcs,Box (12),2312,5000,0,,,,,,,,,,,
TWISKO PREM BBQ 70GR,8886013221203,code128,,S0005,Pcs,Pcs,Box,5445,8000,20,,,,,,,,,,,
SAJIKU TB SRBGUNA 80G,8992770061010,code128,,S0005,Pcs,Pcs,Box,2090,3500,10,,,,,,,,,,,
KOBE TP BMB CRISPY 90G,8995899130315,code128,,S0005,Pcs,Pcs,Box,2499,5500,10,,,,,,,,,,,
ABC SBL TERASI SAC,711844120402,code128,,S0005,Pcs,Pcs,Box,16181,18500,6,,,,,,,,,,,
SOFFEL SPRAY KULIT JERUK 80M,8992772315111,code128,,S0004,Pcs,Pcs,Box,12500,14500,0,,,,,,,,,,,
SOFFEL BUNGA G BTL 80GR,8992772215015,code128,,S0004,Pcs,Pcs,Box,8789,11000,6,,,,,,,,,,,
SOFFEL APEL BTL 80G,8992772035125,code128,,S0003,Pcs,Pcs,Box,9592,14000,6,,,,,,,,,,,
SWALLOW NAP S112 150G,8886020001126,code128,,S0004,Pcs,Pcs,Box,10125,12500,12,,,,,,,,,,,
MR MUSCLE ORG POUCH 400ML,8992779258305,code128,,S0004,Pcs,Pcs,Box,6149,8000,6,,,,,,,,,,,
MR MUSCLE APL POUCH 440ML,8992779253300,code128,,S0004,Pcs,Pcs,Box,3799,6500,6,,,,,,,,,,,
LIFEBUOY BW LEMFR 250M,8999999027278,code128,,S0003,Pcs,Pcs,Box,13530,15500,3,,,,,,,,,,,
BIORE BF RELAX A 100M,8992727002561,code128,,S0004,Pcs,Pcs,Box,9600,12500,6,,,,,,,,,,,
LIFEBUOY BW RED 250ML,8999999001117,code128,,S0004,Pcs,Pcs,Box,13499,18000,10,,,,,,,,,,,
SAVE L COTTON B 100'S,8992911041239,code128,,S0004,Pcs,Pcs,Box,3483,4500,18,,,,,,,,,,,
INDOMILK MELON BTL 190ML,8992702006003,code128,,S0002,Pcs,Pcs,Box,2950,4500,24,,,,,,,,,,,
OOPS CRAC AYAM TMT 45G,8991102788632,code128,,S0005,Pcs,Pcs,Box,2999,4500,12,,,,,,,,,,,
LOREAL FALL RESIST 170ML,6946537047481,code128,,S0004,Pcs,Pcs,Box,24090,27000,0,,,,,,,,,,,
GARNIER PAKET DAY FF ,8991380010944,code128,,S0004,Pcs,Pcs,Box,40480,45500,2,,,,,,,,,,,
WOOD PEPPERMINT ORI 15G,8992858687101,code128,,S0005,Pcs,Pcs,Box,3361,5000,15,,,,,,,,,,,
IDEAL COTTON BABY,8992911011218,code128,,S0004,Pcs,Pcs,Box,2100,3000,30,,,,,,,,,,,
NU OCEANA LMN 460M,8992388133529,code128,,S0002,Pcs,Pcs,Box,5606,7500,0,,,,,,,,,,,
S0018 kopi kota tua,S0018kotatua,code128,,S0018,Pcs,Pcs,Box,1,250000,0,,,,,,,,,,,
AKSESORIS 20000,AKSESORIS20000NEW,code128,,S0004,Pcs,Pcs,Box,18000,20000,1,,,,,,,,,,,
OREO SANDWICH 29GR,8992760121014,code128,,S0002,Pcs,Pcs,Box,1375,2000,12,,,,,,,,,,,
BISKUAT COKLAT 10GR,7622210437686,code128,,S0005,Pcs,Pcs,Box,400,600,20,,,,,,,,,,,
COTTON BUDS POT WELNES,8993072153083,code128,,S0004,Pcs,Pcs,Box,3900,6500,3,,,,,,,,,,,
WALLS SOLERO SPLIT MANGGA,8999999520007,code128,,S0005,Pcs,Pcs,Box,4000,6000,0,,,,,,,,,,,
FISHERMAN HONEY & LEMON,96091876,code128,,S0005,Pcs,Pcs,Box,12000,15500,24,,,,,,,,,,,
FISHERMAN ANISED,50819522,code128,,S0005,Pcs,Pcs,Box (24),11500,15500,24,,,,,,,,,,,
FISHERMAN CHERY,50017898,code128,,S0005,Pcs,Pcs,Box,11500,15500,24,,,,,,,,,,,
EKN SBN CREAM LEMON 350K,8998866603829,code128,,S0004,Pcs,Pcs,Box,1,500,0,,,,,,,,,,,
EKN SBN CREAM  350K,8998866603812,code128,,S0004,Pcs,Pcs,Box,775,1500,60,,,,,,,,,,,
HOLANDA BUTER COK 225GR,8992775319079,code128,,S0005,Pcs,Pcs,Box,26334,30500,18,,,,,,,,,,,
CLEVO WHT UHT 125M,8992775717028,code128,,S0002,Pcs,Pcs,Box,2011,3500,15,,,,,,,,,,,
S0018 WULING CAR,WULINGCAR,code128,,S0018,Pcs,Pcs,Box,1,250000,0,,,,,,,,,,,
CAP KAKI TIGA KURMA KLG ,8995227501923,code128,,S0002,Pcs,Pcs,Box,4495,6500,24,,,,,,,,,,,
"B&B SPY COL,HP FRESH 125M",8993417172267,code128,,S0004,Pcs,Pcs,Box,14649,17500,3,,,,,,,,,,,
"B&B SPY COL,HP SWEET 125M",8993417172274,code128,,S0004,Pcs,Pcs,Box,14649,17500,3,,,,,,,,,,,
"B&B SPY COL,GTL FRESH 100M",8993417182211,code128,,S0004,Pcs,Pcs,Box,14649,17500,3,,,,,,,,,,,
MR PENYEGAR KETIMUN 75M,8995151110611,code128,,S0004,Pcs,Pcs,Box,8240,10500,2,,,,,,,,,,,
PUTERI SP COLOG ORCD 245M,8995151220808,code128,,S0004,Pcs,Pcs,Box,16960,20000,3,,,,,,,,,,,
MAKARONI KEKINIAN,KEKINIAN,code128,,S0005,Pcs,Pcs,Box,14000,15500,20,,,,,,,,,,,
PRIMO C CLEAR LCD DLL,8997025094034,code128,,S0004,Pcs,Pcs,Box,18000,21500,4,,,,,,,,,,,
PRIMO DRAIN FRC 720M,8997025092313,code128,,S0004,Pcs,Pcs,Box,44000,55000,3,,,,,,,,,,,
PRIMO PL LEMON HJU 850ML,8997025092191,code128,,S0004,Pcs,Pcs,Box,11960,14500,6,,,,,,,,,,,
PRIMO PL BIRU 850ML,8997025092504,code128,,S0004,Pcs,Pcs,Box,10800,13500,3,,,,,,,,,,,
PRIMO MATIC REF LMN 235M,8997025091200,code128,,S0004,Pcs,Pcs,Box,20000,23500,3,,,,,,,,,,,
PRIMO MATIC REF G TEA 235M,8997025091163,code128,,S0004,Pcs,Pcs,Box,20000,23500,2,,,,,,,,,,,
PRIMO MATIC REF LAV 235M,8997025091170,code128,,S0004,Pcs,Pcs,Box,20000,23500,3,,,,,,,,,,,
PRIMO MATIC REF FLOWER 235M,8997025091187,code128,,S0004,Pcs,Pcs,Box,20000,23500,3,,,,,,,,,,,
PRIMO F FLOOR LAVENDER 900M,8997025092597,code128,,S0004,Pcs,Pcs,Box,10000,13500,3,,,,,,,,,,,
PRIMO F FLOOR LMN 900M,8997025092603,code128,,S0004,Pcs,Pcs,Box,10000,13500,3,,,,,,,,,,,
PRIMO KLINSIT 60ML,8997025092306,code128,,S0004,Pcs,Pcs,Box,20000,23500,3,,,,,,,,,,,
PRIMO HS ORG 500ML,8997025091545,code128,,S0004,Pcs,Pcs,Box,19040,22500,2,,,,,,,,,,,
PRIMO HS APPLE 500ML,8997025091569,code128,,S0004,Pcs,Pcs,Box,19040,22500,2,,,,,,,,,,,
PRIMO HS LVDR 500ML,8997025091538,code128,,S0004,Pcs,Pcs,Box,19040,22500,2,,,,,,,,,,,
PRIMO HS STW 500ML,8997025091781,code128,,S0004,Pcs,Pcs,Box,19040,22500,2,,,,,,,,,,,
PRIMO HS LMN 500ML,8997025091552,code128,,S0004,Pcs,Pcs,Box,19040,22500,2,,,,,,,,,,,
PAYUNG BIASA ,PAYUNGBIASA,code128,,S0004,Pcs,Pcs,Box,25000,30000,12,,,,,,,,,,,
REGAL MARIE 125GR,8993039111255,code128,,S0005,Pcs,Pcs,Box,7865,13000,48,,,,,,,,,,,
MASKER KAIN,MASKER,code128,,S0004,Pcs,Pcs,Box,3000,5000,100,,,,,,,,,,,
PAYUNG MOTIF,payungmotif,code128,,S0004,Pcs,Pcs,Box,50000,55000,10,,,,,,,,,,,
WALLS CON MINI COK VANILA 12's,8999999034641,code128,,S0005,Pcs,Pcs,Box,24000,27000,2,,,,,,,,,,,
WALLS SANDWICH VNL STW,8999999519261,code128,,S0005,Pcs,Pcs,Box,5600,7000,32,,,,,,,,,,,
MI ABC CUP SOTO AYAM 60G,8992388121045,code128,,S0005,Pcs,Pcs,Box,3875,6500,12,,,,,,,,,,,
MI ABC CUP KARI AYAM 60G,8992388121021,code128,,S0005,Pcs,Pcs,Box,3875,6500,12,,,,,,,,,,,
MI ABC CUP SP GORENG PDS LIMAU 80G,8992388112678,code128,,S0005,Pcs,Pcs,Box,4541,6500,0,,,,,,,,,,,
MI ABC GRG AYAM JMR 80G,8992388112654,code128,,S0005,Pcs,Pcs,Box,4020,6500,12,,,,,,,,,,,
ABC BATRE AAA POWER/PCS,BATREPOWER,code128,,S0004,Pcs,Pcs,Box,3353,6500,10,,,,,,,,,,,
BAKPIA,BAKPIA,code128,,S0005,Pcs,Pcs,Box,4000,5000,50,,,,,,,,,,,
KUE BASAH Var,kuebasah,code128,,S0005,Pcs,Pcs,Box,4250,5000,50,,,,,,,,,,,
DAY DAY BIRD NEST 300M,8888640059839,code128,,S0002,Pcs,Pcs,Box,3000,4000,24,,,,,,,,,,,
POCKY COKIES CREAM 40G,8851019210292,code128,,S0005,Pcs,Pcs,Box,6457,8500,10,,,,,,,,,,,
POCKY VANILA  42G,8851019210209,code128,,S0005,Pcs,Pcs,Box,6237,8000,10,,,,,,,,,,,
POCKY CHO BANANA 40G,8851019210193,code128,,S0005,Pcs,Pcs,Box,6457,8500,10,,,,,,,,,,,
KIRANTI JUICE ORG 150M,8991102900607,code128,,S0002,Pcs,Pcs,Box,5551,7500,24,,,,,,,,,,,
FORMULA SG RIPPLE,8991102022361,code128,,S0004,Pcs,Pcs,Box,2743,5000,12,,,,,,,,,,,
OOPS ROASTED CORN 45GR,8991102788649,code128,,S0005,Pcs,Pcs,Box,2545,4500,30,,,,,,,,,,,
CRYSTALINE 600ML,8991102026352,code128,,S0002,Pcs,Pcs,Box,1633,3500,24,,,,,,,,,,,
FORMULA PG SPRKL WHT 160G,8991102100434,code128,,S0003,Pcs,Pcs,Box,10780,13500,3,,,,,,,,,,,
FULLO CHOC 53GR,8991102381666,code128,,S0005,Pcs,Pcs,Box,3919,5500,18,,,,,,,,,,,
VITA PUDING STW 110G,8993024210086,code128,,S0005,Pcs,Pcs,Box,3773,5500,10,,,,,,,,,,,
VITA PUDING MANGO 110G,8993024942338,code128,,S0005,Pcs,Pcs,Box,3773,5500,50,,,,,,,,,,,
DIMSUM,DIMSUM,code128,,S0005,Pcs,Pcs,Box,13000,15000,15,,,,,,,,,,,
TAHU BASO,TAHUBAKSO,code128,,S0005,Pcs,Pcs,Box,3000,4000,15,,,,,,,,,,,
AP24 NUSKIN,AP24,code128,,S0003,Pcs,Pcs,Box,75000,95000,4,,,,,,,,,,,
PAI NANAS,PAINANAS,code128,,S0005,Pcs,Pcs,Box,4000,5000,3,,,,,,,,,,,
SUS KUE,SUSKUE,code128,,S0005,Pcs,Pcs,Box,3500,4000,0,,,,,,,,,,,
STELLA ALAT GRATIS REF.,8992745325406,code128,,S0004,Pcs,Pcs,Box,56309,65500,3,,,,,,,,,,,
SEDAAP KECAP 135ML,8998866608008,code128,,S0005,Pcs,Pcs,Box,5295,7500,48,,,,,,,,,,,
BANGO KECAP 135ML,8990121011073,code128,,S0005,Pcs,Pcs,Box,7850,10500,48,,,,,,,,,,,
CHITATO MIE GRG 55GR,89686598308,code128,,S0005,Pcs,Pcs,Box,7700,10000,12,,,,,,,,,,,
KRISBEE FRNCH FRS 75G,8998866201377,code128,,S0005,Pcs,Pcs,Box,4400,7000,20,,,,,,,,,,,
S0018 LRT APARTEMEN,S0018LRT,code128,,S0018,Pcs,Pcs,Box,1,250000,0,,,,,,,,,,,
NASI KUNING BESAR,NASIKUNINGBESAR,code128,,S0005,Pcs,Pcs,Box,12750,15000,0,,,,,,,,,,,
NASI KUNING KECIL,nasikuningkecil,code128,,S0005,Pcs,Pcs,Box,8500,10000,2,,,,,,,,,,,
JAS HUJAN COLOR ELMONDO,JASHUJAN,code128,,S0004,Pcs,Pcs,Box,22950,26500,0,,,,,,,,,,,
BIHUN GORENG,BIHUNGORENG,code128,,S0005,Pcs,Pcs,Box,6750,7500,5,,,,,,,,,,,
RISOL MAYONES,RISOL,code128,,S0005,Pcs,Pcs,Box,3500,5000,2,,,,,,,,,,,
DONAT SARIKAYA,DONATSARIKAYA,code128,,S0005,Pcs,Pcs,Box,3500,4500,0,,,,,,,,,,,
NAGA SARI AREM,NAGASARIAREM,code128,,S0005,Pcs,Pcs,Box,3000,4000,4,,,,,,,,,,,
KETAN SERUNDENG,KETAN,code128,,S0005,Pcs,Pcs,Box,3500,4500,2,,,,,,,,,,,
PENCOK SUNTHI 12's,PENCOK,code128,,S0005,Pcs,Pcs,Box,7000,9000,5,,,,,,,,,,,
S0018 CAFE DEPAN,S0018cafe,code128,,S0018,Pcs,Pcs,Box,1,45000,1,,,,,,,,,,,
SARI ROTI PSG CKLT,8992907952723,code128,,S0005,Pcs,Pcs,Box,5720,6500,2,,,,,,,,,,,
MINUTE PULPY APLE 300M,8992761164560,code128,,S0002,Pcs,Pcs,Box,1,7500,12,,,,,,,,,,,
PROCOLD FLU,8992858667202,code128,,S0006,Pcs,Pcs,Box,2806,4500,24,,,,,,,,,,,
MINUTE  APLE crush 300M,8992761166175,code128,,S0002,Pcs,Pcs,Box,6500,7500,24,,,,,,,,,,,
DASTER ,DASTER,code128,,S0004,Pcs,Pcs,Box,45000,50000,2,,,,,,,,,,,
PUTERI SP F BOUQUET 245M,8995151220907,code128,,S0004,Pcs,Pcs,Box,15500,19000,2,,,,,,,,,,,
PUTERI SP WHT LILY 245M,8995151220815,code128,,S0004,Pcs,Pcs,Box,15400,19000,2,,,,,,,,,,,
KAIN PISCOS,KAINPISCOS,code128,,S0019,Pcs,Pcs,Box,135000,150000,14,,,,,,,,,,,
S0019 210000,S0019TUNIK,code128,,S0019,Pcs,Pcs,Box,189000,210000,8,,,,,,,,,,,
S0019 TULIS Var,S0019TULIS,code128,,S0019,Pcs,Pcs,Box,324000,360000,28,,,,,,,,,,,
S0019 PEKALONGAN MIX,S0019PEKALONGANMIX,code128,,S0019,Pcs,Pcs,Box,211500,235000,10,,,,,,,,,,,
S0019 JEPARA TENUN ,S0019TENUNJEPARA,code128,,S0019,Pcs,Pcs,Box,270000,300000,5,,,,,,,,,,,
S0019 BALI,S0019BALI,code128,,S0019,Pcs,Pcs,Box,225000,250000,2,,,,,,,,,,,
S0019 CIREBON,S0019CIREBON,code128,,S0019,Pcs,Pcs,Box,234000,260000,1,,,,,,,,,,,
S0019 VAR FRICE,S0019MIX,code128,,S0019,Pcs,Pcs,Box,180000,200000,1,,,,,,,,,,,
PUTERI SP WHT LILY 135M,8995151220853,code128,,S0004,Pcs,Pcs,Box,12880,16000,3,,,,,,,,,,,
SUPER BUBUR ABON CUP,8996001524046,code128,,S0005,Pcs,Pcs,Box,4400,6000,6,,,,,,,,,,,
MAGNUZZ BMB KACANG 35GR,8997033450488,code128,,S0005,Pcs,Pcs,Box,1430,3500,0,,,,,,,,,,,
GARNIER MEN TURBOLIGHT OC DUO 100ML,8992304047428,code128,,S0004,Pcs,Pcs,Box,26730,30000,0,,,,,,,,,,,
GARNIER MEN POWER WHITE DUO 50ML,8992304047411,code128,,S0004,Pcs,Pcs,Box,17710,19000,0,,,,,,,,,,,
GARNIER BLACK TEA 50ML,8992304024788,code128,,S0004,Pcs,Pcs,Box,14410,17000,2,,,,,,,,,,,
GARNIER LC SERUM 20ML,8992304010293,code128,,S0003,Pcs,Pcs,Box,16170,19500,2,,,,,,,,,,,
GARNIER SKRA WHT 20M,8992304047190,code128,,S0003,Pcs,Pcs,Box,17380,20500,2,,,,,,,,,,,
GARNIER LC SPF19 UV 18ML,8992304054433,code128,,S0003,Pcs,Pcs,Box,19580,23500,2,,,,,,,,,,,
GARNIER SAKURA WHT SPF21 18M,8992304033926,code128,,S0003,Pcs,Pcs,Box,20350,24500,2,,,,,,,,,,,
LOREAL TOTAL REPAIR 170ML,8992304010125,code128,,S0004,Pcs,Pcs,Box,24090,27000,0,,,,,,,,,,,
LOREAL SMOOT I SHP 170M,8992304010224,code128,,S0004,Pcs,Pcs,Box,21780,25000,2,,,,,,,,,,,
GARNIER COL NAT MINI KIT 1,8901526988679,code128,,S0004,Pcs,Pcs,Box,15180,18000,2,,,,,,,,,,,
GARNIER PURE ACT MASK 6M,8992304096273,code128,,S0004,Pcs,Pcs,Box,12320,14500,12,,,,,,,,,,,
FOXS PASSION MINTS BAG,8992696416598,code128,,S0005,Pcs,Pcs,Box,5000,8000,6,,,,,,,,,,,
FOXS BERRIES BAG,8992696417274,code128,,S0005,Pcs,Pcs,Box,5000,8000,7,,,,,,,,,,,
FOXS SPRING TEA BAG,8992696421646,code128,,S0004,Pcs,Pcs,Box,5000,8000,3,,,,,,,,,,,
FOXS FRUIT KLG,8992696415409,code128,,S0005,Pcs,Pcs,Box,16500,20500,3,,,,,,,,,,,
FOXS BERRIES KLG,8992696418509,code128,,S0005,Pcs,Pcs,Box,16500,20500,3,,,,,,,,,,,
MILO UHT 190ML,8992696430266,code128,,S0002,Pcs,Pcs,Box,4166,6500,36,,,,,,,,,,,
S0018 NUSKIN,S0018NUSKIN,code128,,S0018,Pcs,Pcs,Box,1,10000,0,,,,,,,,,,,
GERY SALUT MALKIST COCONUT SP,8992775305140,code128,,S0005,Pcs,Pcs,Box (72),1599,3000,72,,,,,,,,,,,
CHOCOLATOS MATCHA 10'S,8992775000250,code128,,S0002,Sachet,Sachet,Box (12),15500,17500,12,,,,,,,,,,,
MADU MENTAH BSR 500ML,MADUMENTAHBESAR,code128,,S0006,Pcs,Pcs,Box,275000,295000,1,,,,,,,,,,,
MADU MENTAH KCL 320ML,MADUMENTAHKECIL,code128,,S0003,Pcs,Pcs,Box,160000,175000,3,,,,,,,,,,,
FISHERMAN ORIGINAL,50819515,code128,,S0005,Pcs,Pcs,Box,12000,15500,24,,,,,,,,,,,
TEH GOPEK  25'S,8994144100202,code128,,S0005,Pcs,Pcs,Box,7000,9000,25,,,,,,,,,,,
TEH GOPEK HIJAU 40GR,8994144100042,code128,,S0005,Pcs,Pcs,Box,3000,5000,10,,,,,,,,,,,
TEH GOPEK MRH 40GR,8994144100073,code128,,S0005,Pcs,Pcs,Box,2700,5000,10,,,,,,,,,,,
TEH GOPEK BKS 10'S,8994144100288,code128,,S0005,Pcs,Pcs,Box,6000,8500,20,,,,,,,,,,,
TEH GOPEK SPR 90GR,8994144100035,code128,,S0005,Pcs,Pcs,Box,5000,8500,10,,,,,,,,,,,
DRINK BENG2 SAC ,8996001431030,code128,,S0002,Pcs,Pcs,Box,15000,17500,4,,,,,,,,,,,
SNACKEFRUIT CHIPS,8997204200669,code128,,S0005,Pcs,Pcs,Box,7700,10500,30,,,,,,,,,,,
JACKFRUIT CHIPS,8997204200645,code128,,S0005,Pcs,Pcs,Box,7700,10500,30,,,,,,,,,,,
SELAI FRUITY JAM STW 225GR,8997204200782,code128,,S0005,Pcs,Pcs,Box,21824,25000,3,,,,,,,,,,,
SELAI FRUITY JAM NANGKA 225GR,8997204200829,code128,,S0005,Pcs,Pcs,Box,18480,21500,3,,,,,,,,,,,
SELAI FRUITY JAM KIWI 225GR,8997204200775,code128,,S0005,Pcs,Pcs,Box,24255,27500,3,,,,,,,,,,,
SELAI FRUITY JAM ANGGUR,8997204201451,code128,,S0005,Pcs,Pcs,Box,20700,24500,3,,,,,,,,,,,
SELAI FRUITY JAM NANAS,8997204200799,code128,,S0005,Pcs,Pcs,Box,20700,24500,3,,,,,,,,,,,
LEMPERBESAR,LEMPER,code128,,S0005,Pcs,Pcs,Box (24),4895,5500,0,,,,,,,,,,,
MARTABAK,MARTABAK,code128,,S0005,Pcs,Pcs,Box (24),4500,5000,10,,,,,,,,,,,
PEPEK,PEPEK,code128,,S0005,Pcs,Pcs,Box (24),2700,3000,0,,,,,,,,,,,
PURU-PURU MELON LYCHEE,8997030191001,code128,,S0002,Pcs,Pcs,Box (24),3839,5500,24,,,,,,,,,,,
PURU-PURU BERRY LYCHEE,8997030190998,code128,,S0002,Pcs,Pcs,Box (24),3839,5500,24,,,,,,,,,,,
MAMEN SMOKED BEEF,8997213670262,code128,,S0005,Pcs,Pcs,Box (30),5625,7500,10,,,,,,,,,,,
MAMEN SPICY CHEES,8997213670279,code128,,S0005,Pcs,Pcs,Box (30),5625,7500,30,,,,,,,,,,,
MAMEN KEONG BALADO,8997033960567,code128,,S0005,Pcs,Pcs,Box (30),2499,5000,30,,,,,,,,,,,
INUL SNACK BBQ,8997014020556,code128,,S0005,Pcs,Pcs,Box (30),4364,6500,30,,,,,,,,,,,
INUL SNACK BALADO,8997014020549,code128,,S0005,Pcs,Pcs,Box (30),4364,6500,30,,,,,,,,,,,
INUL SNACK CABE IJO,8997014021379,code128,,S0005,Pcs,Pcs,Box (30),4364,6500,30,,,,,,,,,,,
S TEE BTL 350,8996006857705,code128,,S0002,Pcs,Pcs,Box,2166,4000,12,,,,,,,,,,,
FRUIT TEA APPLE BTL 500M,8996006853387,code128,,S0002,Pcs,Pcs,Box,4666,7500,12,,,,,,,,,,,
FROZEN AIR M 1500ML,8994913000078,code128,,S0002,Pcs,Pcs,Box,1944,4000,12,,,,,,,,,,,
FROZEN AIR M 600ML,8994913000061,code128,,S0002,Pcs,Pcs,Box,1041,2500,24,,,,,,,,,,,
FIESTA GREEN TEA MD 450M,8994913000399,code128,,S0002,Pcs,Pcs,Box,4000,6500,0,,,,,,,,,,,
TEBS BTL 500ML,8996006856715,code128,,S0002,Pcs,Pcs,Box,5750,7500,24,,,,,,,,,,,
MOLEN,MOLEN,code128,,S0005,Pcs,Pcs,Box,4000,5000,3,,,,,,,,,,,
INDOCAFE WHITE RED BEAN,9311931024425,code128,,S0002,Pcs,Pcs,Box (24),13717,16500,4,,,,,,,,,,,
HIT AERS EXP S FLOWER 600M,8992745130413,code128,,S0004,Pcs,Pcs,Box,33870,39000,2,,,,,,,,,,,
HIT AERS EXP CITRUS 600M,8992745130406,code128,,S0004,Pcs,Pcs,Box,34562,39000,0,,,,,,,,,,,
ESKULIN SPR JPN LSUNSHINE,8993417117244,code128,,S0004,Pcs,Pcs,Box (12),11550,15000,0,,,,,,,,,,,
ESKULIN SPR JPN LMIDNIGHT,8993417117237,code128,,S0004,Pcs,Pcs,Box (12),11550,15000,0,,,,,,,,,,,
WENNY BOLU,CAKEMARMER,code128,,S0005,Pcs,Pcs,Box,5400,7500,10,,,,,,,,,,,
BOLU KUKUS,BOLUKUKUS,code128,,S0005,Pcs,Pcs,Box,7200,8000,10,,,,,,,,,,,
PUKIS,PUKIS,code128,,S0005,Pcs,Pcs,Box,3600,4000,10,,,,,,,,,,,
TAHU BASO BU YUNI,TAHUBAKSOYUNI,code128,,S0005,Pcs,Pcs,Box,3600,4000,0,,,,,,,,,,,
S0018 MEIKARTA APRT,S0018MEIKARTA,code128,,S0018,Pcs,Pcs,Box,1,500000,0,,,,,,,,,,,
CARAMEL ,CARAMEL,code128,,S0005,Pcs,Pcs,Box,2500,3500,8,,,,,,,,,,,
RTD ENERGEN JAHE,RTDENERGENJAHE,code128,,S0002,Pcs,Pcs,Box (24),1,5000,0,,,,,,,,,,,
KIN YOGURT ORI 200ML,8997220410011,code128,,S0002,Pcs,Pcs,Box,7600,9500,24,,,,,,,,,,,
KIN YOGURT STW 200ML,8997220410028,code128,,S0002,Pcs,Pcs,Box,7600,9500,0,,,,,,,,,,,
KIN YOGURT ORG 200ML,8997220410035,code128,,S0002,Pcs,Pcs,Box,7600,9500,24,,,,,,,,,,,
NU GREEN TEA LESS SGR 450ML,8992388101054,code128,,S0002,Pcs,Pcs,Box,4666,7000,24,,,,,,,,,,,
JAPANESE GREEN TEA 50'S,4901027620300,code128,,S0005,Pcs,Pcs,Box,85000,105000,1,,,,,,,,,,,
RTD OSK,RTDOSK,code128,,S0005,Pcs,Pcs,Box,1,5000,0,,,,,,,,,,,
ABC ALKALINE SENTER AA,8886022971236,code128,,S0004,Pcs,Pcs,Box,35019,39500,3,,,,,,,,,,,
KLOP PANDAN 110GR,8991102750066,code128,,S0005,Pcs,Pcs,Box,6271,8000,15,,,,,,,,,,,
KLOP BUTTER COK 110GR,8991102750035,code128,,S0005,Pcs,Pcs,Box,6271,8000,15,,,,,,,,,,,
FORMULA FLIP NANO CHAR MOB,8991102020015,code128,,S0004,Pcs,Pcs,Box,14209,17000,6,,,,,,,,,,,
AROMATIC LEMON,8886022962135,code128,,S0003,Pcs,Pcs,Box,11269,16500,12,,,,,,,,,,,
KOPIKO STIK 6'S,8996001340448,code128,,S0005,Pcs,Pcs,Box,1485,3000,40,,,,,,,,,,,
CUCUR,CUCUR,code128,,S0005,Pcs,Pcs,Box,3500,4000,3,,,,,,,,,,,
TORABIKA ESPRESSO,8998666001917,code128,,S0002,Pcs,Pcs,Box,12000,14500,6,,,,,,,,,,,
RTD BENG BENG,RTDBENGBENG,code128,,S0002,Pcs,Pcs,Box (24),1,5000,0,,,,,,,,,,,
LONTONG,LONTONG,code128,,S0005,Pcs,Pcs,Box,1500,2500,18,,,,,,,,,,,
KAOS KAKI ORSO PENDEK,2461121109016,code128,,S0004,Pcs,Pcs,Box,13600,17000,12,,,,,,,,,,,
KAOS KAKI ORSO CWO PJG 3'S,1180024093994,code128,,S0004,Pcs,Pcs,Box,47920,59900,14,,,,,,,,,,,
GOOD TIME COFFE CHO 80G,8994755030240,code128,,S0005,Pcs,Pcs,Box,7000,8500,48,,,,,,,,,,,
KEMEJA UD/G ,KEMEJA90000,code128,,S0020,Pcs,Pcs,Box,68000,80000,12,,,,,,,,,,,
KEMEJA KAOS KRAH,KAOSKRAH,code128,,S0020,Pcs,Pcs,Box,67500,75000,12,,,,,,,,,,,
MIGELAS K AYAM CUP 10'S,8996001523209,code128,,S0005,Pcs,Pcs,Box,17000,20500,1,,,,,,,,,,,
MIGELAS BASO S CUP 10'S,MIGELASCUP,code128,,S0005,Pcs,Pcs,Box,17000,20500,1,,,,,,,,,,,
MIGELAS SOTO CUP 10'S,MIGELASCUPSOTO,code128,,S0005,Pcs,Pcs,Box,17000,20500,1,,,,,,,,,,,
DADAR GULUNG,DADAR,code128,,S0005,Pcs,Pcs,Box,3800,4000,10,,,,,,,,,,,
BUKU TULIS TIARA 38L,8998399100017,code128,,S0009,Pcs,Pcs,Box,3450,5500,0,,,,,,,,,,,
FABER CASTEL 2B 9000,4005401171027,code128,,S0009,Pcs,Pcs,Box,2833,5000,12,,,,,,,,,,,
KENKO PEN GEL EASY,8998838290255,code128,,S0009,Pcs,Pcs,Box,1791,6000,12,,,,,,,,,,,
FASTER PEN C6,FASTERC6,code128,,S0009,Pcs,Pcs,Box,2333,4500,12,,,,,,,,,,,
GUNTING KUKU SILVER BSR,GUNTINGKUKUBESARSILVER,code128,,S0004,Pcs,Pcs,Box,13750,20000,12,,,,,,,,,,,
GUNTING KUKU GOLD BSR,GUNTINGKUKUGOLDBESAR,code128,,S0004,Pcs,Pcs,Box,20000,25000,12,,,,,,,,,,,
JOYKO JELLY HTM JK100,8993988280002,code128,,S0009,Pcs,Pcs,Box,1750,4000,12,,,,,,,,,,,
DAY DAY GRASS JELY,8888640059846,code128,,S0002,Pcs,Pcs,Box,3000,4500,24,,,,,,,,,,,
PIE SUSU BROWNIES,PIESUSU,code128,,S0005,Pcs,Pcs,Box,5400,6000,24,,,,,,,,,,,
AMPLOP ECERAN,AMPLOPECERAN,code128,,S0009,Pcs,Pcs,Box,150,500,200,,,,,,,,,,,
MI ABC CUP BASO SAPI 60G,8992388121090,code128,,S0005,Pcs,Pcs,Box,3875,6500,12,,,,,,,,,,,
MI ABC CUP SP GULAI AYM PDS 60G,8992388121267,code128,,S0005,Pcs,Pcs,Box,4312,6500,0,,,,,,,,,,,
PLASTIK UK S,PLASTIKS,code128,,S0004,Pcs,Pcs,Box,1,11500,10,,,,,,,,,,,
POCKY GIFT PACK 3'S,8851019912196,code128,,S0005,Pcs,Pcs,Box,18713,22000,36,,,,,,,,,,,
RICOLA BLACKCURRANT 45G,7610700612002,code128,,S0005,Pcs,Pcs,Box,14885,17500,10,,,,,,,,,,,
KAOS KAKI ORSO SMA 23-24,KAOSKAKISMA,code128,,S0004,Pcs,Pcs,Box,14365,17900,24,,,,,,,,,,,
BOLU KUKUS KECIL,BOLUKUKUSKECIL,code128,,S0005,Pcs,Pcs,Box,3400,4000,0,,,,,,,,,,,
KAKI TIGA ANAK JERUK 250M,8995227502210,code128,,S0002,Pcs,Pcs,Box,3750,5500,24,,,,,,,,,,,
FORTE ORIGINAL 20,8991926101037,code128,,S0007,Pcs,Pcs,Box,13900,17000,10,,,,,,,,,,,
FORTE MENTHOL 20,8991926101044,code128,,S0007,Pcs,Pcs,Box,13900,17000,10,,,,,,,,,,,
PUTRI MAYANG,PUTRIMAYANG,code128,,S0005,Pcs,Pcs,Box,7200,8000,5,,,,,,,,,,,
SAFE CARE EUCA KYU PTH 10ML,8995102800462,code128,,S0006,Pcs,Pcs,Box,11015,14500,12,,,,,,,,,,,
HERBACOLD 4'S,8994388619232,code128,,S0006,Pcs,Pcs,Box,6160,8500,10,,,,,,,,,,,
KINDERJOY GIRLS,80768258,code128,,S0005,Pcs,Pcs,Box,10500,13000,24,,,,,,,,,,,
BAKPAO,BAKPAO,code128,,S0005,Pcs,Pcs,Box,2700,3500,10,,,,,,,,,,,
DOVE ROL ON PWDR SOFT,8999999045098,code128,,S0004,Pcs,Pcs,Box,16050,18500,4,,,,,,,,,,,
DOVE ROL ON ULTM + RAZOR,8999999027865,code128,,S0004,Pcs,Pcs,Box,16010,18500,3,,,,,,,,,,,
DOVE SHP DRF CARE 160M,8999999041229,code128,,S0004,Pcs,Pcs,Box,18750,21500,3,,,,,,,,,,,
DOVE SHP NOURISH OIL C 160M,8999999041274,code128,,S0004,Pcs,Pcs,Box,18750,21500,3,,,,,,,,,,,
DOVE SHP NOURISH BLCK 160M,8999999041243,code128,,S0004,Pcs,Pcs,Box,18750,21500,3,,,,,,,,,,,
DOVE SHP TOTAL HF TREAT 160M,8999999039110,code128,,S0004,Pcs,Pcs,Box,18750,21500,3,,,,,,,,,,,
DOVE SHP VOLUME NRSH 160M,8999999045517,code128,,S0004,Pcs,Pcs,Box,18750,21500,3,,,,,,,,,,,
DOVE SHP TOTAL DMG TREAT 160M,8999999039165,code128,,S0004,Pcs,Pcs,Box,18750,21500,3,,,,,,,,,,,
DOVE SHP DRF CARE 70M,8999999041212,code128,,S0004,Pcs,Pcs,Box,9800,12500,2,,,,,,,,,,,
DOVE SHP TOTAL DMG TREAT 70M,8999999039158,code128,,S0004,Pcs,Pcs,Box,9800,12500,3,,,,,,,,,,,
DOVE SHP VOLUME NRSH 70M,8999999045500,code128,,S0004,Pcs,Pcs,Box,9800,12500,2,,,,,,,,,,,
DOVE SHP DAILY SHN 160M,8999999041175,code128,,S0004,Pcs,Pcs,Box,18750,21500,3,,,,,,,,,,,
DOVE REVIVE BODY WASH POUCH,8999999028466,code128,,S0004,Pcs,Pcs,Box,24200,27500,0,,,,,,,,,,,
DOVE GF BW BTL 400ML,8999999028459,code128,,S0004,Pcs,Pcs,Box,32500,37500,6,,,,,,,,,,,
KRATINGDAENG KLG 240M,8997028440029,code128,,S0002,Pcs,Pcs,Box,3750,10000,24,,,,,,,,,,,
SALICYL BEDAK 60GR,8995026801040,code128,,S0004,Pcs,Pcs,Box,7000,8900,12,,,,,,,,,,,
MOLEN BAKAR,MOLENBAKAR,code128,,S0005,Pcs,Pcs,Box,4500,5000,20,,,,,,,,,,,
LAPIS SURABAYA,LAPIS,code128,,S0005,Pcs,Pcs,Box (24),5400,6000,0,,,,,,,,,,,
SAMYANG HOT RAMEN CUP 105G,8801073210363,code128,,S0005,Pcs,Pcs,Box,20725,25000,16,,,,,,,,,,,
RTD SAMYANG,SAMYANG,code128,,S0005,Pcs,Pcs,Box,1,24500,16,,,,,,,,,,,
SAMYANG CHEESE 140G,8801073113343,code128,,S0005,Pcs,Pcs,Box,18150,21000,40,,,,,,,,,,,
SAMYANG HOT CHICKN 140G,8801073113527,code128,,S0005,Pcs,Pcs,Box,16500,19000,0,,,,,,,,,,,
INDOFOOD SBL PDS FRCKN SAC,89686405163,code128,,S0005,Pcs,Pcs,Box,22200,25000,6,,,,,,,,,,,
DOVE ROLL ON SILKY DRY,8999999005795,code128,,S0004,Pcs,Pcs,Box,16050,18500,4,,,,,,,,,,,
bugis,bugis,code128,,S0005,Pcs,Pcs,Box,3500,4000,10,,,,,,,,,,,
S0018 SOMAY,S0018somay,code128,,S0018,Pcs,Pcs,Box,1,24000,0,,,,,,,,,,,
TALAM,TALAM,code128,,S0005,Pcs,Pcs,Box,3500,4000,6,,,,,,,,,,,
onde onde,ONDEMANDE,code128,,S0005,Pcs,Pcs,Box,2500,3500,0,,,,,,,,,,,
S0018PEMPEK,S0018pempek,code128,,S0018,Pcs,Pcs,Box,1,35000,0,,,,,,,,,,,
TALAM PISAMG,TALAMPISANG,code128,,S0005,Pcs,Pcs,Box (24),3600,4000,0,,,,,,,,,,,
AQUA CUP 240ML,8886008101046,code128,,S0002,Pcs,Pcs,Box,593,1000,48,,,,,,,,,,,
ROTI GORENG WENNI,ROTIGORENG,code128,,S0005,Pcs,Pcs,Box,5500,6000,10,,,,,,,,,,,
KUE7000,KUE7000,code128,,S0005,Pcs,Pcs,Box,6500,7000,0,,,,,,,,,,,
PUREAL OAT MATCHA 250ML,8992982702503,code128,,S0002,Pcs,Pcs,Box,6500,8500,12,,,,,,,,,,,
ULEG SAMBAL PDS SAC 20G,8991818800710,code128,,S0005,Pcs,Pcs,Box,12300,15500,6,,,,,,,,,,,
WETZ GREEN TEA 10'S,8991212301479,code128,,S0004,Pcs,Pcs,Box,3700,5000,6,,,,,,,,,,,
WETZ BLUE 10'S,8991212301448,code128,,S0004,Pcs,Pcs,Box,3700,5000,6,,,,,,,,,,,
WETZ PURPLE 10'S,8991212301455,code128,,S0004,Pcs,Pcs,Box,3700,5000,6,,,,,,,,,,,
CLIO BLUE 10'S,8991212302445,code128,,S0004,Pcs,Pcs,Box,3700,5000,6,,,,,,,,,,,
CLIO PINK 10'S,8991212302469,code128,,S0004,Pcs,Pcs,Box,3700,5000,6,,,,,,,,,,,
CLIO BLUE 30'S,8991212302438,code128,,S0004,Pcs,Pcs,Box,9000,11500,3,,,,,,,,,,,
CLIO PINK 30'S,8991212302452,code128,,S0004,Pcs,Pcs,Box,9000,11500,3,,,,,,,,,,,
WETZ GREEN TEA 30'S,8991212301462,code128,,S0004,Pcs,Pcs,Box,9000,11500,3,,,,,,,,,,,
WETZ BLUE 30'S,8991212301424,code128,,S0004,Pcs,Pcs,Box,9000,11500,3,,,,,,,,,,,
WETZ PURPLE 30'S,8991212301431,code128,,S0004,Pcs,Pcs,Box,9000,11500,3,,,,,,,,,,,
ESSE CHANGE GRAPE,8997032821388,code128,,S0007,Pcs,Pcs,Box,22500,25000,10,,,,,,,,,,,
TONG TJI 10'S,8992936254027,code128,,S0005,Pcs,Pcs,Box,4700,7000,10,,,,,,,,,,,
CRYSTALINE CUP 240ML,8991102022224,code128,,S0002,Pcs,Pcs,Box,326,1000,48,,,,,,,,,,,
VITA PUDING COKLAT 110G,8993024210079,code128,,S0005,Pcs,Pcs,Box,3773,5500,24,,,,,,,,,,,
VITA JELLY DRINK ORG ,8991102162005,code128,,S0002,Pcs,Pcs,Box,774,1500,24,,,,,,,,,,,
VITA JELLY DRINK STW,8991102162098,code128,,S0005,Pcs,Pcs,Box,774,1500,24,,,,,,,,,,,
VITA JELLY DRINK ANGGUR,8991102162111,code128,,S0002,Pcs,Pcs,Box,744,1500,24,,,,,,,,,,,
TANGO KRAFFEL 73GR,8991102383646,code128,,S0005,Pcs,Pcs,Box,4312,6500,12,,,,,,,,,,,
TEH GELAS CUP,8991102222006,code128,,S0002,Pcs,Pcs,Box,782,1500,24,,,,,,,,,,,
CRYSTALINE 330ML,8991102026376,code128,,S0002,Pcs,Pcs,Box,1304,2500,24,,,,,,,,,,,
ELLIPS CUTICLE SERUM 20M,8993417485121,code128,,S0004,Pcs,Pcs,Box,13649,16500,3,,,,,,,,,,,
OVALE ALOE EXT MILD 100M,8993417001284,code128,,S0004,Pcs,Pcs,Box,12599,15500,6,,,,,,,,,,,
OVALE OLIV OIL 100ML,8993417155215,code128,,S0004,Pcs,Pcs,Box,26000,28500,0,,,,,,,,,,,
OVALE MICELLAR 100ML,8993417071119,code128,,S0004,Pcs,Pcs,Box,16199,19500,3,,,,,,,,,,,
EVERGREEN CITRUS 30ML,8993417049415,code128,,S0004,Pcs,Pcs,Box,26249,30500,2,,,,,,,,,,,
RTD TORABIKA EXPRESO,RTDEXPRESO,code128,,S0002,Pcs,Pcs,Box (24),1,5000,0,,,,,,,,,,,
CADBURY DAIRY MILK 65GR,9556182023258,code128,,S0005,Pcs,Pcs,Box,11200,15000,10,,,,,,,,,,,
BUAVITA JUS LECHI 250M,8998009020216,code128,,S0002,Pcs,Pcs,Box,5700,7500,24,,,,,,,,,,,
NUMBRO WFR COKLAT 50G,8997219290631,code128,,S0005,Pcs,Pcs,Box,1599,3000,60,,,,,,,,,,,
NUMBRO WFR ABON 50G,8997219290754,code128,,S0005,Pcs,Pcs,Box,1599,3000,60,,,,,,,,,,,
LOLOLILI WFR COKLAT 250GR,LOLOLILICOKLAT,code128,,S0005,Pcs,Pcs,Box,8937,13000,16,,,,,,,,,,,
LOLOLILI WFR SEA WEED 250GR,LOLOLILISEAWEED,code128,,S0005,Pcs,Pcs,Box,8937,13000,16,,,,,,,,,,,
ROMA SANDWICH PEANUT 216GR,8996001305058,code128,,S0005,Pcs,Pcs,Box,5868,8000,12,,,,,,,,,,,
BON CABE LEVEL 30 SAC ,8995899250150,code128,,S0005,Pcs,Pcs,Box,1250,1500,96,,,,,,,,,,,
BON CABE LEVEL 10 SAC ,8995899250112,code128,,S0005,Pcs,Pcs,Box,1250,1500,96,,,,,,,,,,,
BON CABE LEVEL 15 SAC ,8995899250143,code128,,S0005,Pcs,Pcs,Box,875,2000,24,,,,,,,,,,,
BON CABE EBI BTL 50GR,8995899250334,code128,,S0005,Pcs,Pcs,Box,10700,13500,6,,,,,,,,,,,
BON CABE TABUR TERI 50G,8995899250327,code128,,S0005,Pcs,Pcs,Box,13530,16500,2,,,,,,,,,,,
BON CABE ORI 50G,8995899250358,code128,,S0005,Pcs,Pcs,Box,14900,18000,6,,,,,,,,,,,
STABILO BOSS COLOR,4006381333634,code128,,S0009,Pcs,Pcs,Box,5900,8500,0,,,,,,,,,,,
STABILO GREEN,4006381333641,code128,,S0004,Pcs,Pcs,Box,4450,8500,6,,,,,,,,,,,
TELUR ,TELUR,code128,,S0005,Pcs,Pcs,Box,1650,1950,10,,,,,,,,,,,
AYAM FILLET,AYAMFILLET,code128,,S0005,Pcs,Pcs,Box,43300,45500,10,,,,,,,,,,,
LELE 5'S 500GR,LELE500GR,code128,,S0005,Pcs,Pcs,Box,15000,17500,5,,,,,,,,,,,
AYAM KARKAS,AYAMKARKAS,code128,,S0017,Pcs,Pcs,Box,28500,31500,25,,,,,,,,,,,
FILMA POUCH 1L,8992826111072,code128,,S0005,Pcs,Pcs,Box,11967,13500,12,,,,,,,,,,,
FILMA MARGARINE 200G,8992826211017,code128,,S0005,Pcs,Pcs,Box,4348,6000,6,,,,,,,,,,,
MEG CHEDDAR 8'S,8994023000159,code128,,S0005,Pcs,Pcs,Box,11753,14500,6,,,,,,,,,,,
OVALTINE 3 IN 1 CAL 33G,8850086250330,code128,,S0005,Pcs,Pcs,Box,2259,3500,20,,,,,,,,,,,
PAPAPUFF SUSU 56G,8997003040091,code128,,S0005,Pcs,Pcs,Box,5000,7500,20,,,,,,,,,,,
PAPAPUFF KARAMEL 56G,8997003040084,code128,,S0005,Pcs,Pcs,Box,5000,7500,20,,,,,,,,,,,
PAYUNG BESAR MOTIF,PAYUNGBESARMOTIF,code128,,S0005,Pcs,Pcs,Box,65000,75000,12,,,,,,,,,,,
PAYUNG KARAKTER,PAYUNGKARAKTER,code128,,S0017,Pcs,Pcs,Box,45000,55000,12,,,,,,,,,,,
RTD OVALTINE,RTDOVALTINE,code128,,S0002,Pcs,Pcs,Box,1,5000,0,,,,,,,,,,,
GOPEK TEH CELUP BESAR 25'S,8994144100196,code128,,S0005,Pcs,Pcs,Box,9000,12500,20,,,,,,,,,,,
SHIFUDO BAKSO IKAN 500GR,8993374322187,code128,,S0005,Pcs,Pcs,Box,17700,21500,10,,,,,,,,,,,
IKAN DORRY FILLET 1KG,DORRIFILLET,code128,,S0005,Pcs,Pcs,Box,42000,50500,20,,,,,,,,,,,
SAMYANG GREEN HOT 140G,8801073110502,code128,,S0005,Pcs,Pcs,Box,13788,17500,40,,,,,,,,,,,
DADAR GULUNG 4000,DADARGULUNG4000,code128,,S0005,Pcs,Pcs,Box,3600,4000,5,,,,,,,,,,,
LIFEBUOY BW COOL FRESH REF 250ML,8999999001094,code128,,S0003,Pcs,Pcs,Box (12),13530,16000,0,,,,,,,,,,,
LIFEBUOY BW NATURE PURE REF 250ML,8999999001100,code128,,S0003,Pcs,Pcs,Box (12),13530,16000,0,,,,,,,,,,,
LIFEBUOY BW MILD CARE REF 250ML,8999999001124,code128,,S0003,Pcs,Pcs,Box (12),13530,18000,6,,,,,,,,,,,
CLEAR MEN AD COOL MENTHOL 70ML,8999999043803,code128,,S0003,Pcs,Pcs,Box (12),10230,13500,0,,,,,,,,,,,
AXE YOU DEO BDY SPRAY 150ML,9300830038527,code128,,S0003,Pcs,Pcs,Box (12),25000,35000,3,,,,,,,,,,,
SUNSILK SHP SOFT&SMTH SD 70ML,8999999048259,code128,,S0003,Pcs,Pcs,Box (12),8580,10500,0,,,,,,,,,,,
BIJI KETAPANG,BIJIKETAPANG,code128,,S0005,Pcs,Pcs,Box,2000,3000,48,,,,,,,,,,,
DOVE SHP TOTAL HF TREATMN 70ML,8999999039103,code128,,S0003,Pcs,Pcs,Box (24),9800,12500,0,,,,,,,,,,,
BAKWAN,BAKWAN,code128,,S0005,Pcs,Pcs,Box,3600,4000,10,,,,,,,,,,,
KUE6000,kue6000,code128,,S0005,Pcs,Pcs,Box,5400,6000,0,,,,,,,,,,,
SILVERQUEEN CHUNKYBAR DARK 100G,8991001111715,code128,,S0005,Pcs,Pcs,Box,19000,24500,2,,,,,,,,,,,
SILVERQUEEN CHUNKYBAR WHITE 100G,8991001111722,code128,,S0005,Pcs,Pcs,Box,19000,24500,2,,,,,,,,,,,
KIT KAT 4F 35G,9556001670700,code128,,S0005,Pcs,Pcs,Box,7479,9500,24,,,,,,,,,,,
TOBLERONE WHITE 100GR,7614500010310,code128,,S0005,Pcs,Pcs,Box,24559,28000,0,,,,,,,,,,,
MIGELAS BASO 28GR,8996001523247,code128,,S0005,Pcs,Pcs,Box,875,1500,30,,,,,,,,,,,
MIGELAS SOTO AYM 28GR,8996001523230,code128,,S0005,Pcs,Pcs,Box,875,1500,30,,,,,,,,,,,
MIGELAS KARI 28GR,8996001523223,code128,,S0005,Pcs,Pcs,Box,875,1500,30,,,,,,,,,,,
KUE 4000,KUE4000,code128,,S0005,Pcs,Pcs,Box,3600,4000,5,,,,,,,,,,,
TEH GELAS BTL 250M,8991102228008,code128,,S0002,Pcs,Pcs,Box,2011,3000,12,,,,,,,,,,,
TEH GELAS BIG APEL 270M,8991102300148,code128,,S0002,Pcs,Pcs,Box,1269,2000,24,,,,,,,,,,,
KLOP CRACERS COCONUT 117GR,8991102308823,code128,,S0005,Pcs,Pcs,Box,4899,7500,24,,,,,,,,,,,
MINYAK TELON SPRAY 60ML,8995102800523,code128,,S0004,Pcs,Pcs,Box,19148,23500,12,,,,,,,,,,,
MINYAK KAYU PTH SPRAY 60ML,8995102800516,code128,,S0004,Pcs,Pcs,Box,21759,25500,12,,,,,,,,,,,
SPRAY DORAEMON 100X200X20,SPRAYDORAEMON,code128,,S0004,Pcs,Pcs,Box,75000,85000,1,,,,,,,,,,,
SPRAY DELUXE KINTAKUN 180X200,SPRAYDLUXE,code128,,S0004,Pcs,Pcs,Box,100000,120000,2,,,,,,,,,,,
CELANA MESMERIZE DONGKER,CELANABIRUDONGKER,code128,,S0004,Pcs,Pcs,Box,95000,105000,1,,,,,,,,,,,
CELANA PJG SEMI JEANS,CELANAJEANSSEMI,code128,,S0004,Pcs,Pcs,Box,85000,100000,3,,,,,,,,,,,
CELANA PJG KERJA WANITA,CELANAPANJANGWANITA,code128,,S0004,Pcs,Pcs,Box,90000,110000,7,,,,,,,,,,,
SPRAY S0019 TULIS BIG,SPRAYS0019,code128,,S0004,Pcs,Pcs,Box,320000,325000,2,,,,,,,,,,,
DETTOL BW LASTING FRESH 250M,8993560026820,code128,,S0004,Pcs,Pcs,Box,14099,16600,0,,,,,,,,,,,
DETTOL BW ORI 250ML,8993560026004,code128,,S0003,Pcs,Pcs,Box,14099,16600,4,,,,,,,,,,,
DETTOL BW SENSITIVE 250M,8993560026028,code128,,S0003,Pcs,Pcs,Box,14099,16600,4,,,,,,,,,,,
DETTOL BW COOL 250M,8993560026066,code128,,S0003,Pcs,Pcs,Box,14099,16600,4,,,,,,,,,,,
HARPIC 450ML,8993560033002,code128,,S0004,Pcs,Pcs,Box,14882,17500,6,,,,,,,,,,,
STREPSILS HONEY LMN,95506319,code128,,S0005,Pcs,Pcs,Box,9976,13000,10,,,,,,,,,,,
STREPSILS COOL,95506302,code128,,S0005,Pcs,Pcs,Box,11473,13500,10,,,,,,,,,,,
teh gelas 350ml,8991102228053,code128,,S0002,Pcs,Pcs,Box,2573,4000,24,,,,,,,,,,,
ROTI 6500,ROTI6500,code128,,S0005,Pcs,Pcs,Box,5850,6500,0,,,,,,,,,,,
ROTI 7000,roti7000,code128,,S0005,Pcs,Pcs,Box,6300,7000,0,,,,,,,,,,,
ROTI 7500,ROTI7500,code128,,S0005,Pcs,Pcs,Box,6750,7500,1,,,,,,,,,,,
DAGING SUKIYAKI 500GR,DAGINGSUKIYAKI,code128,,S0005,Pcs,Pcs,Box,57500,65000,0,,,,,,,,,,,
DAGING SHABU SHABU 500GR,DAGINGSHABUSHABU,code128,,S0005,Pcs,Pcs,Box,60000,75000,0,,,,,,,,,,,
DAGING PAHA ,DAGINGPAHA,code128,,S0005,Pcs,Pcs,Box,107500,120000,0,,,,,,,,,,,
DAGING RENDANG 500GR,DAGINGRENDANG500,code128,,S0005,Pcs,Pcs,Box,53000,58000,0,,,,,,,,,,,
DAGING RENDANG IKG,DAGINGRENDANG1KG,code128,,S0005,Pcs,Pcs,Box,106000,115000,0,,,,,,,,,,,
DAGING RENDANG SPECIAL 500GR,DAGINGRENDANGSPECIAL500,code128,,S0005,Pcs,Pcs,Box,54000,62000,0,,,,,,,,,,,
DAGING EMPAL 500GR,DAGINGEMPAL500,code128,,S0005,Pcs,Pcs,Box,54000,62000,0,,,,,,,,,,,
DAGING EMPAL 1KG,DAGINGEMPAL1KG,code128,,S0005,Pcs,Pcs,Box,108000,120000,0,,,,,,,,,,,
DAGING IGA SOP,DAGINGIGASOP,code128,,S0005,Pcs,Pcs,Box,80000,90000,0,,,,,,,,,,,
DAGING SIRLOIN,DAGINGSIRLOIN,code128,,S0005,Pcs,Pcs,Box,62500,75000,0,,,,,,,,,,,
DAGING TENDERLOIN,DAGINGTENDERLOIN,code128,,S0005,Pcs,Pcs,Box,77500,80000,0,,,,,,,,,,,
DAGING SOP RAWON,DAGINGSOPRAWON,code128,,S0005,Pcs,Pcs,Box,50000,55000,0,,,,,,,,,,,
DAGING GILING SPECIAL,DAGINGGILINGSPECIAL,code128,,S0005,Pcs,Pcs,Box,55000,60000,0,,,,,,,,,,,
DAGING GILING,DAGINGGILING,code128,,S0005,Pcs,Pcs,Box,47500,55000,0,,,,,,,,,,,
ZUPER KEJU COKLAT KEJU 35G,8996001350676,code128,,S0005,Pcs,Pcs,Box,1452,2000,0,,,,,,,,,,,
ELLIPS MILKSHAKE CL 110ML,8993417482236,code128,,S0003,Pcs,Pcs,Box,31499,34000,0,,,,,,,,,,,
ELIPS ULTRA TREATMENT,8993417485114,code128,,S0003,Pcs,Pcs,Box,38500,42000,0,,,,,,,,,,,
PRISTINE 600ML,8999510785465,code128,,S0002,Pcs,Pcs,Box,3558,6500,24,,,,,,,,,,,
LOLOLILI STICK STW 250G,LOLOLILISTICKSTW,code128,,S0005,Pcs,Pcs,Box,6600,9500,16,,,,,,,,,,,
LOLOLILI STICK VANILA 250G,LOLOLILISTICKVANILA,code128,,S0005,Pcs,Pcs,Box,6600,9500,16,,,,,,,,,,,
MI GELAS AYAM BW 28G,8996001523216,code128,,S0005,Pcs,Pcs,Box,875,1500,10,,,,,,,,,,,
CD CEWE SOREX,CDSOREX,code128,,S0004,Pcs,Pcs,Box,21250,25500,36,,,,,,,,,,,
BH LINGCAO,BH,code128,,S0004,Pcs,Pcs,Box,25500,30500,6,,,,,,,,,,,
KAOS DALAM AGREE,AGREE,code128,,S0004,Pcs,Pcs,Box,34000,40500,11,,,,,,,,,,,
MAHKOTA COFFE ALL Var,MAHKOTA,code128,,S0005,Pcs,Pcs,Box,13000,16500,80,,,,,,,,,,,
KUE8000,KUE8000,code128,,S0005,Pcs,Pcs,Box,7200,8000,10,,,,,,,,,,,
S0018 SNACKBOX,S0018SNACKBOX,code128,,S0005,Pcs,Pcs,Box,1,30000,1,,,,,,,,,,,
MI ABC CUP AYAM BWG 60G,8992388121038,code128,,S0005,Pcs,Pcs,Box,4541,6500,12,,,,,,,,,,,
MI ABC SELERA PDS LIMAU 85GR,8992388112401,code128,,S0005,Pcs,Pcs,Box,2125,3000,40,,,,,,,,,,,
ROTI 6000,ROTI6000,code128,,S0005,Pcs,Pcs,Box,5400,6000,2,,,,,,,,,,,
MAXCREAMER BTL 280GR,9311931183016,code128,,S0005,Pcs,Pcs,Box,19063,24500,3,,,,,,,,,,,
INDOCAFE FINE BLD 100GR,9311931182262,code128,,S0005,Pcs,Pcs,Box,17952,21500,3,,,,,,,,,,,
INDOCAFE FINE GLAS 50GR,9311931182026,code128,,S0005,Pcs,Pcs,Box,11055,16500,3,,,,,,,,,,,
HIT ELEKTRIK TIKUS,8992745120520,code128,,S0004,Pcs,Pcs,Box,14115,17500,6,,,,,,,,,,,
DODOL,DODOL,code128,,S0005,Pcs,Pcs,Box,15000,17000,19,,,,,,,,,,,
SOY JOY CRISPY VANILLA,8997035601192,code128,,S0005,Pcs,Pcs,Box,7849,9500,12,,,,,,,,,,,
MINTZ MOJIZ CANDY,8991102919869,code128,,S0005,Pcs,Pcs,Box,4703,7000,12,,,,,,,,,,,
CRYSTALINE 1500 ML,8991102026383,code128,,S0002,Pcs,Pcs,Box,3347,6000,12,,,,,,,,,,,
WALLS CORNETTO BLACK WHITE ,8999999516802,code128,,S0005,Pcs,Pcs,Box,4000,5000,0,,,,,,,,,,,
D-ONE COKLAT 8GR,8997219290198,code128,,S0005,Pcs,Pcs,Box,399,500,0,,,,,,,,,,,
D-ONE COK. NUT,8997219290204,code128,,S0005,Pcs,Pcs,Box,399,500,0,,,,,,,,,,,
BANANA C. COKLAT 150G,8997216350017,code128,,S0005,Pcs,Pcs,Box,16500,19500,6,,,,,,,,,,,
BANANA C. BBQ 150G,8997216350048,code128,,S0005,Pcs,Pcs,Box,16500,19500,6,,,,,,,,,,,
BANANA C. KEJU 150G,8997216350031,code128,,S0005,Pcs,Pcs,Box,16500,19500,6,,,,,,,,,,,
BANANA C. BALADO 150G,8997216350024,code128,,S0005,Pcs,Pcs,Box,16500,19500,6,,,,,,,,,,,
BANANA C. BLDO EXT HOT 150G,8997216350024,code128,,S0005,Pcs,Pcs,Box,16500,19500,6,,,,,,,,,,,
BUBUR SUMSUM,BUBURSUMSUM,code128,,S0005,Pcs,Pcs,Box,9000,10000,0,,,,,,,,,,,
DONAT GULA,DONATGULA,code128,,S0005,Pcs,Pcs,Box,4500,5000,0,,,,,,,,,,,
TESSA TISUE TRAVEL 120'S,8992931005174,code128,,S0004,Pcs,Pcs,Box,2625,5000,40,,,,,,,,,,,
NESTLE KOKO CRUNCH 170GR,4800361002851,code128,,S0005,Pcs,Pcs,Box,16956,20500,6,,,,,,,,,,,
KUNCI MAS MG 450ML,8992826112314,code128,,S0005,Pcs,Pcs,Box,5983,8000,24,,,,,,,,,,,
HATARI SEE HONG PUFF MARGARIN 260G,8997025911706,code128,,S0005,Pcs,Pcs,Box,5352,8000,0,,,,,,,,,,,
BERAS SUPER PW 5KG,BERASSUPER90000,code128,,S0005,Pcs,Pcs,Box,85000,90000,5,,,,,,,,,,,
BERAS SUPER IR 1KG,BERASSUPERIR19000,code128,,S0005,Pcs,Pcs,Box,14000,19000,5,,,,,,,,,,,
BERAS SUPER PW 1KG,BERASSUPERPW23000,code128,,S0005,Pcs,Pcs,Box,18000,23000,5,,,,,,,,,,,
STREPSIL VIT C 20GR,95506913,code128,,S0005,Pcs,Pcs,Box,9976,13000,10,,,,,,,,,,,
STREPSILS LEMON 18GR,8993560151041,code128,,S0005,Pcs,Pcs,Box,13567,16000,10,,,,,,,,,,,
SANDAL SWALOW ARMY / TARGET,SENDALARMY,code128,,S0004,Pcs,Pcs,Box,17010,18900,25,,,,,,,,,,,
SANDAL SKYBOAT,SENDAL12000,code128,,S0004,Pcs,Pcs,Box,10800,12000,0,,,,,,,,,,,
SANDAL SUNSWALLOW BESAR,SENDAL15000,code128,,S0004,Pcs,Pcs,Box,13500,15000,0,,,,,,,,,,,
SEPATU KARET SANKYO,SEPATUKARET,code128,,S0004,Pcs,Pcs,Box,44000,55000,10,,,,,,,,,,,
SUNFREE STOP KONTAK 3 LUBANG,KONTAK3,code128,,S0004,Pcs,Pcs,Box,24800,30000,12,,,,,,,,,,,
SUNFREE STOP KONTAK 4 LUBANG,KONTAK4,code128,,S0004,Pcs,Pcs,Box,29600,38000,1,,,,,,,,,,,
STOP KONTAK LETTER T,KONTAKT,code128,,S0004,Pcs,Pcs,Box,16200,18000,0,,,,,,,,,,,
KABEL ROLL CS10,8993229110006,code128,,S0004,Pcs,Pcs,Box,40000,50000,3,,,,,,,,,,,
LAMPU CHIYODA,8993888261101,code128,,S0004,Pcs,Pcs,Box,25200,29000,3,,,,,,,,,,,
SARUNG TENUN WADIMOR,8994881006003,code128,,S0004,Pcs,Pcs,Box,81000,90000,0,,,,,,,,,,,
KAOS KAKI HARPIST,0,code128,,S0004,Pcs,Pcs,Box,18000,20000,10,,,,,,,,,,,
CYCLON CELANA DALAM,KANCUT,code128,,S0004,Pack,Pack,Box (3),44000,55000,10,,,,,,,,,,,
ROSIDA R 882 JAS HUJAN,R882,code128,,S0004,Pcs,Pcs,Box,240000,300000,20,,,,,,,,,,,
ROSIDA BBB SG JAS HUJAN,BBB,code128,,S0004,Pcs,Pcs,Box,171000,190000,0,,,,,,,,,,,
PAYUNG TONGKAT NAGOYA,PAYUNGTONGKAT,code128,,S0004,Pcs,Pcs,Box,46400,58000,3,,,,,,,,,,,
KOPIKO BLISTER 24GR,8996001321188,code128,,S0005,Pcs,Pcs,Box,1600,3500,12,,,,,,,,,,,
ROMA WFR COCO BLAST 28G,8996001350522,code128,,S0005,Pcs,Pcs,Box,772,1600,30,,,,,,,,,,,
crystalin 330,crystaline330,code128,,S0002,Pcs,Pcs,Box (24),29929,38000,5,,,,,,,,,,,
LA BOLD 12 + CRICET ,LABOLDPROMO,code128,,S0007,Pcs,Pcs,Box,10250,15000,0,,,,,,,,,,,
SOS PL FLORAL 400ML,55500130283,code128,,S0004,Pcs,Pcs,Box,4450,7500,6,,,,,,,,,,,
CHITATO DUA MANGO 55GR,89686598537,code128,,S0005,Pcs,Pcs,Box,7199,9500,12,,,,,,,,,,,
SAJIKU BMB NASI GRG 100G,8992770054050,code128,,S0005,Pcs,Pcs,Box,4800,6500,6,,,,,,,,,,,
SAJIKU BMB RENDANG 20GR,8992770084026,code128,,S0005,Pcs,Pcs,Box,2399,3000,6,,,,,,,,,,,
KOBE TP PIS GORG 75GR,8995899110317,code128,,S0005,Pcs,Pcs,Box,2580,4600,15,,,,,,,,,,,
OISHI KRIUK IKAN BLD 70GR,8997004301337,code128,,S0005,Pcs,Pcs,Box,5100,7500,10,,,,,,,,,,,
ADEM SARI LEMON 320ML,8992772586030,code128,,S0002,Pcs,Pcs,Box,5999,7600,24,,,,,,,,,,,
MIE KREMEZZ SNACK AYAM PGG,8993118937103,code128,,S0005,Pcs,Pcs,Box,899,1500,48,,,,,,,,,,,
INDOFOOD SBL MNS PDS 135M,89686400526,code128,,S0005,Pcs,Pcs,Box,5233,7000,6,,,,,,,,,,,
MAMASUKA TPBKWN JGNG 180G,8995102702155,code128,,S0005,Pcs,Pcs,Box,5299,7000,6,,,,,,,,,,,
SEPATU TRAV BLACK,SEPATUTRAV,code128,,S0004,Pcs,Pcs,Box,500000,550000,3,,,,,,,,,,,
BALI NUT,BALINUT,code128,,S0005,Pcs,Pcs,Box,2000,3000,20,,,,,,,,,,,
SUSU KAMBING ,SUSUKAMBING,code128,,S0002,Pcs,Pcs,Box,20000,23500,10,,,,,,,,,,,
SABUN KAMBING E-TAWWA,SABUNKAMBING,code128,,S0004,Pcs,Pcs,Box,10000,13500,0,,,,,,,,,,,
PARFUM,PARFUM,code128,,S0004,Pcs,Pcs,Box,17500,21000,0,,,,,,,,,,,
HERBAKOF,8994388669862,code128,,S0006,Pcs,Pcs,Box (10),6160,8500,5,,,,,,,,,,,
ABON TOPLES,ABONSAPITOPLES,code128,,S0005,Pcs,Pcs,Box,32500,35000,0,,,,,,,,,,,
PIA MIKA ,5031255,code128,,S0005,Pcs,Pcs,Box,10000,13500,10,,,,,,,,,,,
KUE KACANG BESAR,5031252,code128,,S0005,Pcs,Pcs,Box,10000,13500,6,,,,,,,,,,,
BOLU KERING BESAR,5031262,code128,,S0005,Pcs,Pcs,Box,14000,16500,10,,,,,,,,,,,
BOLU KERING KECIL,5031263,code128,,S0005,Pcs,Pcs,Box,9500,12500,20,,,,,,,,,,,
BUMBU PECEL MADIUN 250G,131020081,code128,,S0005,Pcs,Pcs,Box,13000,16500,20,,,,,,,,,,,
RHEZO KCG BAWANG 125GR,RHEZO,code128,,S0005,Pcs,Pcs,Box,12000,15500,20,,,,,,,,,,,
ISOLASI LISTRIK,8999998020218,code128,,S0009,Pcs,Pcs,Box,650,2500,20,,,,,,,,,,,
HERO STAMP PAD,HEROSTAS0012AD,code128,,S0009,Pcs,Pcs,Box,5333,8000,12,,,,,,,,,,,
AICA AIBON 70GR,8997012700023,code128,,S0009,Pcs,Pcs,Box,9000,13000,6,,,,,,,,,,,
POWER GLUE KLEBERMAN,8992875110132,code128,,S0009,Pcs,Pcs,Box,1208,4500,36,,,,,,,,,,,
BUKU AGENDA 108-25,6931444084476,code128,,S0009,Pcs,Pcs,Box,17500,22500,10,,,,,,,,,,,
BUKU AGENDA 48K,6927631706429,code128,,S0009,Pcs,Pcs,Box,10500,14500,12,,,,,,,,,,,
KENKO GLUE STIK 8GR,8998838110010,code128,,S0009,Pcs,Pcs,Box,2333,4000,30,,,,,,,,,,,
JOYKO STAMP INK 50CC,8993988355601,code128,,S0009,Pcs,Pcs,Box,4041,7000,12,,,,,,,,,,,
LAKBAN HITAM KECIL DAIMARU,LAKBANKECILDAIMARU,code128,,S0009,Pcs,Pcs,Box,7000,9000,0,,,,,,,,,,,
DLUKOL LEM,DLUKOLLEM,code128,,S0009,Pcs,Pcs,Box,1333,2500,12,,,,,,,,,,,
JOYKO POST IT 0654,8993988247524,code128,,S0009,Pcs,Pcs,Box,5000,7000,12,,,,,,,,,,,
DAGING RENDANG SPECIAL 1KG,dagingrendang,code128,,S0005,Pcs,Pcs,Box,108000,120000,0,,,,,,,,,,,
TANGO WAFFLE 64GR,8991102385176,code128,,S0005,Pcs,Pcs,Box,3880,5500,12,,,,,,,,,,,
TEH GELAS LESS SUGAR 500M,8991102228145,code128,,S0002,Pcs,Pcs,Box,4124,6500,12,,,,,,,,,,,
KAOS KAKI ORSO PANJANG,Orso24900,code128,,S0004,Pcs,Pcs,Box,19920,24900,12,,,,,,,,,,,
KAOS KAKI ORSO COWO 2'S,Orso39900,code128,,S0004,Pcs,Pcs,Box,31920,39900,12,,,,,,,,,,,
KAOS KAKI ORSO SMP 19-20,Orso17900,code128,,S0004,Pcs,Pcs,Box,15215,17900,24,,,,,,,,,,,
KAOS KAKI ORSO WANITA,Orso19900,code128,,S0004,Pcs,Pcs,Box,16915,19900,24,,,,,,,,,,,
KAOS KAKI ORSO ANAK 3'S,Orso44900,code128,,S0004,Pcs,Pcs,Box,38165,44900,24,,,,,,,,,,,
VITAMIN TEA APEL 350M,8991102228305,code128,,S0002,Pcs,Pcs,Box,3427,5000,6,,,,,,,,,,,
CHIMORY SOYA MILK ORI 300M,8993200663507,code128,,S0002,Pcs,Pcs,Box,5940,8000,12,,,,,,,,,,,
WALLS HAPPY FRUIT,8999999514464,code128,,S0005,Pcs,Pcs,Box,1600,3000,48,,,,,,,,,,,
KAOS KAKI ORSO BAMBOO,ORSOBAMBOO,code128,,S0004,Pcs,Pcs,Box,25415,29900,24,,,,,,,,,,,
KAOS KAKI ORSO SOX PENDEK ,ORSOPENDEKSOX,code128,,S0004,Pcs,Pcs,Box,21165,24900,24,,,,,,,,,,,
NAGITOZ RASA KEJU 50G,8997014021096,code128,,S0005,Pcs,Pcs,Box,6000,7500,8,,,,,,,,,,,
NAGITOZ RASA PEDAS 50G,8997014021089,code128,,S0005,Pcs,Pcs,Box,6000,7500,8,,,,,,,,,,,
NAGITOZ RASA GARLIC 50G,8997014021119,code128,,S0005,Pcs,Pcs,Box,6000,7500,8,,,,,,,,,,,
NAGITOZ RASA BBQ 50G,8997014021072,code128,,S0005,Pcs,Pcs,Box,6000,7500,8,,,,,,,,,,,
LOLOLILI STICK COKLAT 250G,LOLOLILISTICKCOKLAT,code128,,S0005,Pcs,Pcs,Box,6600,9500,16,,,,,,,,,,,
KONG KONG AYAM LD HTM 60G,8997014020020,code128,,S0005,Pcs,Pcs,Box,4199,6500,30,,,,,,,,,,,
KONG KONG ORIGINAL 60G,8997014020044,code128,,S0005,Pcs,Pcs,Box,4199,6500,30,,,,,,,,,,,
KONG KONG KEJU 60G,8997014020037,code128,,S0005,Pcs,Pcs,Box,4199,6500,30,,,,,,,,,,,
RIPIK HIJAU PEDAS 3G,8997027680167,code128,,S0005,Pcs,Pcs,Box,1700,3000,20,,,,,,,,,,,
RIPIK HIJAU SAPI 3G,8997027680150,code128,,S0005,Pcs,Pcs,Box,1700,3000,20,,,,,,,,,,,
RIPIK HIJAU AYAM GR 3G,8997027680143,code128,,S0005,Pcs,Pcs,Box,1700,3000,20,,,,,,,,,,,
HAU FUNG SAN ,8997001270070,code128,,S0006,Pcs,Pcs,Box,2786,5500,12,,,,,,,,,,,
FISHERMAN STRONG MINT,50853991,code128,,S0005,Pcs,Pcs,Box,12000,15500,24,,,,,,,,,,,
ROMA KLP CREAM 40G,8996001301364,code128,,S0005,Pcs,Pcs,Box,965,2000,20,,,,,,,,,,,
SUPER BUBUR AYAM CUP,8996001524022,code128,,S0005,Pcs,Pcs,Box,4400,6000,6,,,,,,,,,,,
ROTI CANE 10'S,ROTICANE,code128,,S0005,Pcs,Pcs,Box,35000,40000,5,,,,,,,,,,,
JAVA PIZZA FROZEN,JAVAPIZZA,code128,,S0005,Pcs,Pcs,Box,40000,45000,2,,,,,,,,,,,
JAVA MOSA KARE,JAVAMOSA,code128,,S0005,Pcs,Pcs,Box,35000,45000,4,,,,,,,,,,,
JAVA KEBAB MINI,KEBABMINI,code128,,S0005,Pcs,Pcs,Box,40000,45000,2,,,,,,,,,,,
ROTI SYARLA,ROTISYARLA,code128,,S0005,Pcs,Pcs,Box,2500,3500,20,,,,,,,,,,,
TANGO WFR COKLAT KLG,8991102374309,code128,,S0005,Pcs,Pcs,Box,24900,25000,6,,,,,,,,,,,
MILKO CEREAL COKLAT 200M,8997011921405,code128,,S0002,Pcs,Pcs,Box,4100,6500,20,,,,,,,,,,,
MILKO CEREAL KCG IJO 200M,8997011921412,code128,,S0002,Pcs,Pcs,Box,4100,6500,20,,,,,,,,,,,
NU OCEANA ORG 460ML,8992388133635,code128,,S0005,Pcs,Pcs,Box,5606,7500,0,,,,,,,,,,,
ESKULIN HS DONALD,8993417353147,code128,,S0004,Pcs,Pcs,Box,6799,9500,6,,,,,,,,,,,
FRESHCARE MIX INHEALER+ROLL ON,8997021870847,code128,,S0003,Pcs,Pcs,Box (12),11500,14000,6,,,,,,,,,,,
BOLU KARAMEL,KARAMEL,code128,,S0002,Pcs,Pcs,Box,2500,3500,8,,,,,,,,,,,
rtd sariwangi,rtdsariwangi,code128,,S0002,Pcs,Pcs,Box,1,4000,1,,,,,,,,,,,
KLATU SANTAN 200ML,8997204240023,code128,,S0005,Pcs,Pcs,Box,6700,8500,24,,,,,,,,,,,
SUNLIGHT JP 455ML,8999999524722,code128,,S0004,Pcs,Pcs,Box,9100,12000,24,,,,,,,,,,,
KUE3000,KUE3000,code128,,S0005,Pcs,Pcs,Box,2700,3000,0,,,,,,,,,,,
INACO 5'S,8992726938298,code128,,S0005,Pcs,Pcs,Box,2030,3000,36,,,,,,,,,,,
INACO 15'S,8992726938199,code128,,S0005,Pcs,Pcs,Box,6024,8000,12,,,,,,,,,,,
INACO TOPLES MOBIL 40'S,8992726964976,code128,,S0005,Pcs,Pcs,Box,23807,28500,6,,,,,,,,,,,
INACO TOPLES 50'S,8992726939509,code128,,S0005,Pcs,Pcs,Box,26150,30500,8,,,,,,,,,,,
INACO POUCH LECI 360GR,8992726938366,code128,,S0005,Pcs,Pcs,Box,5733,8000,6,,,,,,,,,,,
INACO COCOPANDAN 360GR,8992726953604,code128,,S0005,Pcs,Pcs,Box,5733,8000,6,,,,,,,,,,,
INACO POUCH VANILLA 360G,8992726938663,code128,,S0005,Pcs,Pcs,Box,5733,8000,6,,,,,,,,,,,
INACO POUCH STW 360GR,8992726938762,code128,,S0005,Pcs,Pcs,Box,5733,8000,6,,,,,,,,,,,
INACO LYCHEE CUP 200ML,8992726932210,code128,,S0005,Pcs,Pcs,Box,3280,5000,12,,,,,,,,,,,
INACO MANGO CUP 200M,8992726932203,code128,,S0005,Pcs,Pcs,Box,3280,5000,12,,,,,,,,,,,
INACO STW CUP 200ML,8992726964785,code128,,S0005,Pcs,Pcs,Box,3809,5500,12,,,,,,,,,,,
INACO CUP MANGGO 200M,8992726964792,code128,,S0005,Pcs,Pcs,Box,3809,5500,12,,,,,,,,,,,
INACO EMBER 1KG,8992726898349,code128,,S0005,Pcs,Pcs,Box,14676,19500,6,,,,,,,,,,,
INACO NDC VANILA 1KG,8992726964808,code128,,S0005,Pcs,Pcs,Box,12236,15000,12,,,,,,,,,,,
INACO NDC STW 1KG,8992726965362,code128,,S0005,Pcs,Pcs,Box,12036,14500,12,,,,,,,,,,,
INACO MANGO BTL 350M,8992726892514,code128,,S0002,Pcs,Pcs,Box,4978,7000,12,,,,,,,,,,,
INACO AIR KELAPA 350M,8992726892521,code128,,S0005,Pcs,Pcs,Box,4978,7000,12,,,,,,,,,,,
INACO STW BTL 350M,8992726892491,code128,,S0002,Pcs,Pcs,Box,4978,7000,12,,,,,,,,,,,
BRANDS SARIPATI AYAM 42M,9556162102010,code128,,S0003,Pcs,Pcs,Box,11944,16500,6,,,,,,,,,,,
SAFE CARE C WIPES 10'S,8993333056139,code128,,S0005,Pcs,Pcs,Box,8149,11500,6,,,,,,,,,,,
CLEVO FRUIT BLACK 125M,8992775717059,code128,,S0005,Pcs,Pcs,Box,2121,3500,4,,,,,,,,,,,
WALLS MAGNUM LUXE 80M,8999999524142,code128,,S0005,Pcs,Pcs,Box,12000,15000,24,,,,,,,,,,,
SAMYANG RAMEN HOT CUP 70GR,8801073211148,code128,,S0005,Pcs,Pcs,Box,14512,18000,30,,,,,,,,,,,
TANGO WFR VANILA KLG,8991102377706,code128,,S0005,Pcs,Pcs,Box,24900,25000,6,,,,,,,,,,,
TANGO WFR CHESSE KLG,8991102987554,code128,,S0005,Pcs,Pcs,Box,24900,25000,6,,,,,,,,,,,
FORMULA SG EXT. CLEAN,8991102023115,code128,,S0004,Pcs,Pcs,Box,8819,12000,12,,,,,,,,,,,
ASTOR SINGLES STIK 16G,8996001356753,code128,,S0005,Pcs,Pcs,Box,800,1500,20,,,,,,,,,,,
BERAS JAGO 25KG,BERASJAGO25KG,code128,,S0005,Pcs,Pcs,Box,340000,360000,5,,,,,,,,,,,
KAMADERI SOMAY,SOMAYKAMADERI,code128,,S0005,Pcs,Pcs,Box,20000,22500,5,,,,,,,,,,,
KAMADERI BATAGOR,BATAGORKAMADERI,code128,,S0005,Pcs,Pcs,Box,20000,22500,5,,,,,,,,,,,
KAMADERI BASO,BASOKAMADERI,code128,,S0005,Pcs,Pcs,Box,20000,22500,5,,,,,,,,,,,
KAMADERI NUGGET,KAMADERINUGGET,code128,,S0005,Pcs,Pcs,Box,22500,25500,5,,,,,,,,,,,
ELLIPS CUTICLE SERUM 50M,8993417485220,code128,,S0004,Pcs,Pcs,Box,26500,31500,2,,,,,,,,,,,
PUDING 10000,PUDING10000,code128,,S0005,Pcs,Pcs,Box,8000,10000,13,,,,,,,,,,,
APILO SPOT WAFER STICK 525GR,4711036011927,code128,,S0005,Pcs,Pcs,Box (6),17639,21000,6,,,,,,,,,,,
HATARI ASSORTED MALKIST CRCKS,8997025911676,code128,,S0005,Pcs,Pcs,Box (6),17639,21000,6,,,,,,,,,,,
HATARI ASSORTED BISKUIT SEGI,4711036010647,code128,,S0005,Pcs,Pcs,Box (6),38219,45000,3,,,,,,,,,,,
HATARI COCONUT BISCUITS 350GR,4711036014003,code128,,S0005,Pcs,Pcs,Box (6),16823,19500,6,,,,,,,,,,,
DELUX BUTTER COOCKIES,8997025911683,code128,,S0005,Pcs,Pcs,Box (6),36750,41000,3,,,,,,,,,,,
MARCOPOLO FRESH,9312412512011,code128,,S0007,Pcs,Pcs,Box,13345,15500,10,,,,,,,,,,,
WCC PUDING GUAVA 120GR,8998288120928,code128,,S0005,Pcs,Pcs,Box,3135,5000,12,,,,,,,,,,,
WCC PUDING COCONUT 120GR,8998288120423,code128,,S0005,Pcs,Pcs,Box,3135,5000,12,,,,,,,,,,,
WCC PUDING MANGO 120GR,8998288120935,code128,,S0005,Pcs,Pcs,Box,3135,5000,36,,,,,,,,,,,
WCC CINCAU KLG 350ML,8998288350387,code128,,S0002,Pcs,Pcs,Box,6050,8000,24,,,,,,,,,,,
WCC TOPLES 350GR,8998288016658,code128,,S0005,Pcs,Pcs,Box,13420,17000,0,,,,,,,,,,,
WCC CUP 1000GR,8998288100043,code128,,S0005,Pcs,Pcs,Box,12540,16500,6,,,,,,,,,,,
WCC BAG 850GR,8998288850719,code128,,S0005,Pcs,Pcs,Box,10422,14500,12,,,,,,,,,,,
WONG COCO CUP 235GR,8998288220017,code128,,S0005,Pcs,Pcs,Box,3300,5000,0,,,,,,,,,,,
WCC POUCH 450GR,8998288360331,code128,,S0005,Pcs,Pcs,Box,5500,8000,6,,,,,,,,,,,
DJARUM SUPER+CRICET 16,DJARUMPROMO16,code128,,S0007,Pcs,Pcs,Box,18900,25000,10,,,,,,,,,,,
DJARUM SUPER 16,8991906101026,code128,,S0007,Pcs,Pcs,Box,20800,24000,10,,,,,,,,,,,
GERY SNACK BANTAL CHESE,8992775000663,code128,,S0005,Pcs,Pcs,Box,1650,3500,5,,,,,,,,,,,
DJARUM COKLAT 76,8991906101767,code128,,S0007,Pcs,Pcs,Box,8900,11500,9,,,,,,,,,,,
DJARUM COKLAT NEW,8991906101644,code128,,S0007,Pcs,Pcs,Box,11850,14000,10,,,,,,,,,,,
CHOLATOS HAZELNUT 33G,8992775000038,code128,,S0005,Pcs,Pcs,Box,1599,3500,30,,,,,,,,,,,
DJARUM COK ANUGRAH,8991906101828,code128,,S0007,Pcs,Pcs,Box,8900,11500,4,,,,,,,,,,,
GERY SALLUT ASORTED 220GR,8992775305362,code128,,S0005,Pcs,Pcs,Box,24322,27000,0,,,,,,,,,,,
HOLANNDA WFR KLG 340G,8992775319185,code128,,S0005,Pcs,Pcs,Box,22000,22500,6,,,,,,,,,,,
WRIGLAY DBLM 48GR,9555192508540,code128,,S0005,Pcs,Pcs,Box,2750,4000,20,,,,,,,,,,,
WRIGLAY DBLM MINT 48GR,9555192508519,code128,,S0005,Pcs,Pcs,Box,2750,4000,20,,,,,,,,,,,
WRIGLAY SPR 5'S,9555192501206,code128,,S0005,Pcs,Pcs,Box,2000,3500,20,,,,,,,,,,,
LAURIER NIGHT 30CM,8851818936805,code128,,S0004,Pcs,Pcs,Box,7800,12500,24,,,,,,,,,,,
KOALA COKLAT 37GR,8852008300116,code128,,S0005,Pcs,Pcs,Box,6600,8500,12,,,,,,,,,,,
KOALA STW 37GR,8852008300130,code128,,S0005,Pcs,Pcs,Box,6600,8500,6,,,,,,,,,,,
KOALA COCO BANANA 37GR,8852008303292,code128,,S0005,Pcs,Pcs,Box,6600,8500,6,,,,,,,,,,,
BIHUNKU GORENG SPC 60G,8993118731022,code128,,S0005,Pcs,Pcs,Box,3034,4500,40,,,,,,,,,,,
BIHUNKU AYAM BWG 60G,8993118731046,code128,,S0005,Pcs,Pcs,Box,2295,4000,40,,,,,,,,,,,
BIHUNKU SOTO SPC 55GR,8993118731077,code128,,S0005,Pcs,Pcs,Box,2295,4000,40,,,,,,,,,,,
TARO NET SEAWEED 65GR,8997032680275,code128,,S0005,Pcs,Pcs,Box,5854,8000,30,,,,,,,,,,,
TARO NET POT BBQ 65GR,8997032680299,code128,,S0005,Pcs,Pcs,Box,5857,8500,30,,,,,,,,,,,
KUE 15000,KUE15000,code128,,S0005,Pcs,Pcs,Box,13500,15000,0,,,,,,,,,,,
SPRITE IMUT 250M,8992761145026,code128,,S0002,Pcs,Pcs,Box,2750,4000,12,,,,,,,,,,,
FANTA IMUT 250M,8992761145033,code128,,S0002,Pcs,Pcs,Box,2750,4000,12,,,,,,,,,,,
COCA COLA IMUT 250M,8992761145019,code128,,S0002,Pcs,Pcs,Box,2833,4000,12,,,,,,,,,,,
MINUTE ORG IMUT 300M,8992761166038,code128,,S0005,Pcs,Pcs,Box,4365,5000,24,,,,,,,,,,,
MINUTE ALOE IMUT 300M,8992761166199,code128,,S0002,Pcs,Pcs,Box,4275,5500,12,,,,,,,,,,,
FRESTEA APPLE 350M,8992761166212,code128,,S0002,Pcs,Pcs,Box,2833,5000,0,,,,,,,,,,,
FRESTEA MADU 350M,8992761166205,code128,,S0002,Pcs,Pcs,Box,2833,5000,0,,,,,,,,,,,
KUE 12000,KUE12000,code128,,S0005,Pcs,Pcs,Box,10800,12000,0,,,,,,,,,,,
MUKENA HADANIE ,MUKENAHADANIE,code128,,S0004,Pcs,Pcs,Box,180000,205000,2,,,,,,,,,,,
JILBAB SATEN LINEN,JILBABSATINLINEN,code128,,S0004,Pcs,Pcs,Box,55000,60000,6,,,,,,,,,,,
JILBAB SAUDIA ,JILBABSAUDIA,code128,,S0004,Pcs,Pcs,Box,25000,30000,4,,,,,,,,,,,
REGAL MARIE 250GR,8993039112504,code128,,S0005,Pcs,Pcs,Box,15028,21000,24,,,,,,,,,,,
REGAL SAC 10X15GR,8993039242522,code128,,S0005,Pcs,Pcs,Box,8500,11000,12,,,,,,,,,,,
ACCESS CIGARET 16,8991916101016,code128,,S0007,Pcs,Pcs,Box,13300,15500,3,,,,,,,,,,,
WALLS P. POP TWISTER MARSHMALLOW,8999999525217,code128,,S0005,Pcs,Pcs,Box,3200,5000,36,,,,,,,,,,,
BEAR BRAND PAKET 6'SA,8992696429130,code128,,S0002,Pcs,Pcs,Box,45198,49500,10,,,,,,,,,,,
MIE GORENG 10000,MIEGORENG,code128,,S0005,Pcs,Pcs,Box,9000,10000,5,,,,,,,,,,,
BAJU ATASAN MOTIF,BAJUATASANWANITA160000,code128,,S0004,Pcs,Pcs,Box,155000,160000,3,,,,,,,,,,,
BAJU ATASAN WANITA KMBG,BAJUATASANWANITA130000,code128,,S0004,Pcs,Pcs,Box,125000,130000,3,,,,,,,,,,,
SPRAY DELUXE 160X200,SPRAY160X200,code128,,S0004,Pcs,Pcs,Box,100000,110000,2,,,,,,,,,,,
SPRAY DELUXE 120X200,SPRAY120X200,code128,,S0004,Pcs,Pcs,Box,80000,85000,3,,,,,,,,,,,
BAJU KOKO LENGAN PENDEK,BAJUKOKOPENDEK,code128,,S0004,Pcs,Pcs,Box,125000,135000,2,,,,,,,,,,,
BAJU KOKO LENGAN PANJANG,BAJUKOKOPANJANG,code128,,S0004,Pcs,Pcs,Box,135000,145000,2,,,,,,,,,,,
MUKENA KATUN JEPANG,MUKENAMERAHDONGKERSALEM,code128,,S0004,Pcs,Pcs,Box,175000,185000,3,,,,,,,,,,,
MUKENA SOLO,MUKENASOLO,code128,,S0004,Pcs,Pcs,Box,100000,115000,2,,,,,,,,,,,
MUKENA BROKEN WHITE,MUKENABROKEN,code128,,S0004,Pcs,Pcs,Box,210000,230000,1,,,,,,,,,,,
SARUNG ATLAS,8994449000030,code128,,S0004,Pcs,Pcs,Box,95000,110000,6,,,,,,,,,,,
SARUNG GAJAH DUDUK,SARUNGGAJAHDUDUK,code128,,S0004,Pcs,Pcs,Box (24),65000,75000,6,,,,,,,,,,,
DASTER QONITA TANGN PDK,DASTERQONITAPENDEK,code128,,S0004,Pcs,Pcs,Box,90000,100000,5,,,,,,,,,,,
QONITA ATASAN PENDEK,QONITAPENDEK,code128,,S0004,Pcs,Pcs,Box,105000,115000,2,,,,,,,,,,,
DASTER QONITA LOWO SLETING,QONITASLETINGLOWO,code128,,S0004,Pcs,Pcs,Box,105000,115000,1,,,,,,,,,,,
WOOD PEPPERMINT LMN 15G,8992858687309,code128,,S0005,Pcs,Pcs,Box,3865,6000,15,,,,,,,,,,,
XONCE GUMMY 6X2GR,8993218466787,code128,,S0005,Pcs,Pcs,Box,4200,6000,10,,,,,,,,,,,
MINT ZING cherry mint,8991102991339,code128,,S0005,Pcs,Pcs,Box,4300,6500,6,,,,,,,,,,,
TANGO VANILLA 125G,8991102987899,code128,,S0005,Pcs,Pcs,Box,6908,9500,0,,,,,,,,,,,
AROMATIC KIDS LAV 8ML,8886022962173,code128,,S0005,Pcs,Pcs,Box,9799,12000,6,,,,,,,,,,,
GORENGAN,GORENGAN,code128,,S0005,Pcs,Pcs,Box,2125,2500,25,,,,,,,,,,,
MOGU-MOGU MELON,8850389114438,code128,,S0002,Pcs,Pcs,Box,7500,10000,12,,,,,,,,,,,
walls mini,WALLSMINI,code128,,S0005,Pcs,Pcs,Box,1800,3000,12,,,,,,,,,,,
ADES AIR MINERAL 600M,8992761139018,code128,,S0002,Pcs,Pcs,Box,1808,3500,24,,,,,,,,,,,
FRESTEA MELATI CUP 296M,8992761110017,code128,,S0002,Pcs,Pcs,Box,1583,2500,24,,,,,,,,,,,
MINUTE ORG CUP 296M,8992761110048,code128,,S0002,Pcs,Pcs,Box,1583,2500,24,,,,,,,,,,,
AQUARIUS 500ML,8992761122485,code128,,S0002,Pcs,Pcs,Box,3958,6500,24,,,,,,,,,,,
A&W SARSAPARILA 330ML,8992761111212,code128,,S0002,Pcs,Pcs,Box,5067,7500,0,,,,,,,,,,,
DENDENG SAPI 99 250GR,DENDENGSAPI,code128,,S0005,Pcs,Pcs,Box,39500,45500,15,,,,,,,,,,,
BURYAM AYAM 10'S 22GR,8996001524091,code128,,S0005,Pcs,Pcs,Box,8500,10000,6,,,,,,,,,,,
PRINGLES SOUR CREAM & ONION 110G,8886467100024,code128,,S0005,Pcs,Pcs,Box,18000,23000,0,,,,,,,,,,,
PRINGLES ORIGINAL 110G,8886467100017,code128,,S0005,Pcs,Pcs,Box,17875,23000,12,,,,,,,,,,,
PRINGLES S BBQ 110G,8886467100048,code128,,S0005,Pcs,Pcs,Box (24),18000,23000,24,,,,,,,,,,,
PRINGLES CHEESY 110G,8886467100031,code128,,S0005,Pcs,Pcs,Box,17875,23000,6,,,,,,,,,,,
NISON TUNA 90GR,8997008481523,code128,,S0005,Pcs,Pcs,Box,7274,10500,10,,,,,,,,,,,
SUKRO KURA KURA 500GR,8997011230088,code128,,S0005,Pcs,Pcs,Box,21921,26000,10,,,,,,,,,,,
KACANG BANDUNG 500GR,8997011230170,code128,,S0005,Pcs,Pcs,Box,25300,29500,10,,,,,,,,,,,
KRIPIK PISANG KECIL,5031250,code128,,S0005,Pcs,Pcs,Box,8500,11500,10,,,,,,,,,,,
BENDERA POUCH PTH 560G,8992753004010,code128,,S0005,Pcs,Pcs,Box,14700,17000,36,,,,,,,,,,,
KG MINI 650GR,8888166603615,code128,,S0005,Pcs,Pcs,Box,38900,45000,12,,,,,,,,,,,
ABC SBL TMT 335ML,711844130012,code128,,S0005,Pcs,Pcs,Box,9853,12000,12,,,,,,,,,,,
RENGGINANG BAG 24'S,RENGGINANGBAG,code128,,S0005,Pcs,Pcs,Box,30000,35000,1,,,,,,,,,,,
IKAN PESMOL,PESMOL,code128,,S0005,Pcs,Pcs,Box,22500,25000,0,,,,,,,,,,,
MAXTEA TARIK JAHE SAC,9311931231205,code128,,S0005,Pcs,Pcs,Box,14916,17500,6,,,,,,,,,,,
ENSURE CALSIUM COKLAT 400GR,8710428020239,code128,,S0005,Pcs,Pcs,Box,96406,115000,1,,,,,,,,,,,
ROMA FESTIVE TREATS 775G,8996001301395,code128,,S0005,Pcs,Pcs,Box (6),57420,70500,18,,,,,,,,,,,
BUDY JAM COKLAT TUBE 200G,8993031020050,code128,,S0005,Pcs,Pcs,Box,15629,18500,6,,,,,,,,,,,
BUDY JAM PINDEKAS TUBE 200G,8993031200018,code128,,S0005,Pcs,Pcs,Box,18333,22500,6,,,,,,,,,,,
BUDY JAM STW TUBE 200G,8993031200032,code128,,S0005,Pcs,Pcs,Box,11687,15500,6,,,,,,,,,,,
BUDY JAM COKLAT CUP 150GRA,8993031015049,code128,,S0005,Pcs,Pcs,Box,9350,11500,6,,,,,,,,,,,
BUDY JAM SPREAD CUP 150GRA,8993031120019,code128,,S0005,Pcs,Pcs,Box,11855,14000,6,,,,,,,,,,,
BUDY JAM STW CUP 150GRA,8993031150023,code128,,S0005,Pcs,Pcs,Box,6270,8500,6,,,,,,,,,,,
MARSH POP 35GR,6925925908658,code128,,S0005,Pcs,Pcs,Box,7920,10500,12,,,,,,,,,,,
MALLOW MELON 60GR,6914253436629,code128,,S0005,Pcs,Pcs,Box,7920,10500,6,,,,,,,,,,,
MALLOW GRAPE 60GR,6914253436605,code128,,S0005,Pcs,Pcs,Box,7920,10500,6,,,,,,,,,,,
MALLOW COLA 60GR,6914253436766,code128,,S0005,Pcs,Pcs,Box,7920,10500,5,,,,,,,,,,,
MALLOW STW 60GR,6914253436582,code128,,S0005,Pcs,Pcs,Box,7920,10500,6,,,,,,,,,,,
CHOMP ICE CREAM COKLAT,6914253436704,code128,,S0005,Pcs,Pcs,Box,7920,10500,6,,,,,,,,,,,
CHOMP ICE CREAM STW,6914253436667,code128,,S0005,Pcs,Pcs,Box,7920,10500,6,,,,,,,,,,,
CHOMP ICE CREAM GRAPE,6914253436728,code128,,S0005,Pcs,Pcs,Box,7920,10500,6,,,,,,,,,,,
CHOMP ICE CREAM BLUEBERRY,6914253436681,code128,,S0005,Pcs,Pcs,Box,7920,10500,6,,,,,,,,,,,
3D MALLOW STW,6925925911924,code128,,S0005,Pcs,Pcs,Box,7920,10500,6,,,,,,,,,,,
3D MALLOW COKLAT,6925925911917,code128,,S0005,Pcs,Pcs,Box,7920,10500,6,,,,,,,,,,,
3D MALLOW BLUEBERRY,6914253432553,code128,,S0005,Pcs,Pcs,Box,7920,10500,6,,,,,,,,,,,
kue15000,kue15000,code128,,S0005,Pcs,Pcs,Box (6),12750,15000,0,,,,,,,,,,,
BAGELAN BANDUNG,8997028410169,code128,,S0005,Pcs,Pcs,Box,10500,14000,50,,,,,,,,,,,
ROMA SLAI BLUE 24G,8996001304983,code128,,S0005,Pcs,Pcs,Box,723,1000,12,,,,,,,,,,,
MARJAN SQ MELON 450M,8998888170224,code128,,S0002,Pcs,Pcs,Box,8900,12000,9,,,,,,,,,,,
MARJAN SQ ORG 450ML,8998888170910,code128,,S0002,Pcs,Pcs,Box,8900,12000,10,,,,,,,,,,,
POCI TEH CELUP VNLA 25'S,8886007811113,code128,,S0005,Pcs,Pcs,Box,4100,6500,11,,,,,,,,,,,
KACANG BU RUS BESAR,KACANGBURUSBESAR,code128,,S0005,Pcs,Pcs,Box,38000,41000,4,,,,,,,,,,,
KACANG BU RUS KECIL ,KACANGBURUSKECIL,code128,,S0005,Pcs,Pcs,Box,18000,21500,13,,,,,,,,,,,
FONTANA ALKALINE 500M,8994913000443,code128,,S0005,Pcs,Pcs,Box,3333,6500,12,,,,,,,,,,,
BALI NUT 500GR,BALINUT500GR,code128,,S0005,Pcs,Pcs,Box,33000,40500,20,,,,,,,,,,,
COKKIES & STIK ,COKIES&STIK,code128,,S0005,Pcs,Pcs,Box,40000,45000,8,,,,,,,,,,,
CADBURY DAIRY bukan_konsiEW NUT 30GR,7622210681614,code128,,S0005,Pcs,Pcs,Box,6000,7500,24,,,,,,,,,,,
LELE 1 KG,LELE1KG,code128,,S0005,Pcs,Pcs,Box,27000,30500,3,,,,,,,,,,,
GULA MANIS KITA 1KG,8994209000119,code128,,S0005,Pcs,Pcs,Box,12500,14500,2,,,,,,,,,,,
RESTO MG 1 L,8993428103588,code128,,S0005,Pcs,Pcs,Box,11000,13000,5,,,,,,,,,,,
SUPER SOL KARBOL 450ML,8998866603034,code128,,S0004,Pcs,Pcs,Box,10089,13500,6,,,,,,,,,,,
SEDAAP MI CUP SOTO,8998866200837,code128,,S0005,Pcs,Pcs,Box,3534,6000,12,,,,,,,,,,,
SEDAAP MI CUP BASO SPC,8998866200851,code128,,S0005,Pcs,Pcs,Box,3534,6000,12,,,,,,,,,,,
SEDAAP MI CUP KARI SPC,8998866200844,code128,,S0005,Pcs,Pcs,Box,3534,6000,12,,,,,,,,,,,
CLING APPLE BTL 440M,8998866605120,code128,,S0004,Pcs,Pcs,Box (24),7250,11000,3,,,,,,,,,,,
CLING OCEAN FRESH BTL 440M,8998866605106,code128,,S0004,Pcs,Pcs,Box,7250,11000,3,,,,,,,,,,,
CLING LMN FRESH BTL 440M,8998866605113,code128,,S0004,Pcs,Pcs,Box,7250,12500,6,,,,,,,,,,,
SEJUK SEGAR J. NIPIS 330M,8995227502470,code128,,S0002,Pcs,Pcs,Box,2376,4000,12,,,,,,,,,,,
SEJUK SEGAR LECI 330M,8995227502463,code128,,S0002,Pcs,Pcs,Box,2376,4000,12,,,,,,,,,,,
SEJUK SEGAR JAMBU 330M,8995227502456,code128,,S0002,Pcs,Pcs,Box,2376,4000,12,,,,,,,,,,,
COKLAT PAKET LARIS MANIS,coklatpaket,code128,,S0005,Pcs,Pcs,Box,108000,118000,2,,,,,,,,,,,
INDOMILK COKLAT 1 L,8993007000086,code128,,S0002,Pcs,Pcs,Box,12900,15500,12,,,,,,,,,,,
ATTACK MTC SOFT 800M,4710363035996,code128,,S0004,Pcs,Pcs,Box,16900,20500,12,,,,,,,,,,,
CRYSTALINE 330ML 1 DUS,C330,code128,,S0002,Pack,Pack,Box (24),28412,33000,0,,,,,,,,,,,
LOLLY FRUIT 18G,8993022573664,code128,,S0005,Pcs,Pcs,Box,6300,8000,5,,,,,,,,,,,
LOLLY ANIMAL 18G,8993022574746,code128,,S0005,Pcs,Pcs,Box,5400,7000,20,,,,,,,,,,,
ROCK CANDY 30G,8993022574258,code128,,S0005,Pcs,Pcs,Box,9000,11000,5,,,,,,,,,,,
ROCK CANDY MIX FRUIT 70G,8993022574173,code128,,S0005,Pcs,Pcs,Box,19800,22000,0,,,,,,,,,,,
REBO KWACI ORI 70GR,8995108509550,code128,,S0005,Pcs,Pcs,Box,7187,9500,24,,,,,,,,,,,
REBO KWACI MILK 70GR,8995108509567,code128,,S0005,Pcs,Pcs,Box,7187,9500,24,,,,,,,,,,,
REBO KWACI MILK sac,8995108509529,code128,,S0005,Pcs,Pcs,Box,825,1000,20,,,,,,,,,,,
REBO KWACI ORI 20'S,8995108509512,code128,,S0005,Pcs,Pcs,Box,16000,18500,10,,,,,,,,,,,
SUGUS YOGURT BLACKCURRAN,8997018484651,code128,,S0005,Pcs,Pcs,Box,5692,7000,6,,,,,,,,,,,
SUGUS YOGUR STW,8997018484644,code128,,S0005,Pcs,Pcs,Box,5692,7500,6,,,,,,,,,,,
DONGA  ORAN C 250M,8801097134430,code128,,S0002,Pcs,Pcs,Box,7615,9500,24,,,,,,,,,,,
BELFOOD FAV NUGHT S SHAPE 250,8995229804497,code128,,BELS0005,Pcs,Pcs,Box,12680,17500,20,,,,,,,,,,,
GULA 1KG,GULAKILOAN,code128,,S0005,Pcs,Pcs,Box,15800,17000,50,,,,,,,,,,,
NASI UDUK,NASDUK,code128,,S0005,Pcs,Pcs,Box,10000,12000,5,,,,,,,,,,,
KUE LAPIS,KUELAPIS,code128,,S0005,Pcs,Pcs,Box,8000,10000,0,,,,,,,,,,,
NASI BAKAR,NASIBAKAR,code128,,S0005,Pcs,Pcs,Box,8000,10000,5,,,,,,,,,,,
OLATTE  ORI 240ML,8801097122079,code128,,S0002,Pcs,Pcs,Box,7615,9500,24,,,,,,,,,,,
OLATTE PEACH  240ML,8801097128071,code128,,S0002,Pcs,Pcs,Box,7615,9500,24,,,,,,,,,,,
ORONAMIN C DRINK 120M,8997035601222,code128,,S0002,Pcs,Pcs,Box,4000,6500,12,,,,,,,,,,,
SANDAL KARET INKAYNI,SANDAL40500,code128,,S0004,Pcs,Pcs,Box,40000,50000,6,,,,,,,,,,,
SANDAL NEW ERA MBE 1243,SANDALNEWERA,code128,,S0004,Pcs,Pcs,Box,45810,50900,3,,,,,,,,,,,
ROOL KABEL YUNIOR,8993229116008,code128,,S0004,Pcs,Pcs,Box,96000,120000,6,,,,,,,,,,,
MULTI SOCKET,8990000218111,code128,,S0004,Pcs,Pcs,Box,16200,20000,0,,,,,,,,,,,
SENTER PUSH ON,978862338151681000,code128,,S0004,Pcs,Pcs,Box,28800,34000,1,,,,,,,,,,,
SENTER IMAC,8389389112231,code128,,S0004,Pcs,Pcs,Box,45000,52000,2,,,,,,,,,,,
CELANA BOXER ROPOLO 1PCS,BOXERROPOLO,code128,,S0004,Pcs,Pcs,Box,28000,35000,6,,,,,,,,,,,
CELANA UMBRO NIKE,CELANAUMBRONIKE,code128,,S0004,Pcs,Pcs,Box,44000,55000,3,,,,,,,,,,,
OKAWA KANEBO K,4719990081963,code128,,S0004,Pcs,Pcs,Box,15300,18500,6,,,,,,,,,,,
BISKUAT ORIGINAL 140GR,8992716108816,code128,,S0005,Pcs,Pcs,Box,6438,8500,20,,,,,,,,,,,
RITZ CRAKER 100GR,8992760211029,code128,,S0005,Pcs,Pcs,Box,4775,7500,24,,,,,,,,,,,
CADBURY DAIRY COK 30GR,9556182023234,code128,,S0005,Pcs,Pcs,Box,6000,8000,24,,,,,,,,,,,
CADBURY OREO 60GR,8901233024233,code128,,S0005,Pcs,Pcs,Box,12400,17500,32,,,,,,,,,,,
SEDAAP MI SOTO,8998866200325,code128,,S0005,Pcs,Pcs,Box,2085,3000,40,,,,,,,,,,,
VCD & MP3 KASET,KASET,code128,,S0017,Pcs,Pcs,Box,8000,11000,260,,,,,,,,,,,
MINUTE  NUTRIBOOST MANGO 300M,8992761164577,code128,,S0002,Pcs,Pcs,Box,4845,6500,0,,,,,,,,,,,
TANGO BELGIAN COK 47G,8991102387286,code128,,S0005,Pcs,Pcs,Box,1306,3000,12,,,,,,,,,,,
TANGO BELGIAN COK 135G,8991102989442,code128,,S0005,Pcs,Pcs,Box,6280,8500,0,,,,,,,,,,,
TANGO CHEDAR CHESE 135GR,8991102750837,code128,,S0005,Pcs,Pcs,Box,6908,9000,12,,,,,,,,,,,
TANGO BELGIAN CHIZ WHT 135G,8991102750851,code128,,S0005,Pcs,Pcs,Box,6908,8000,10,,,,,,,,,,,
FRISIAN KACANG HIJAU 225M,8992753700608,code128,,S0002,Pcs,Pcs,Box,4450,6500,18,,,,,,,,,,,
ABC TMT BTL BELING,711844130012,code128,,S0005,Pcs,Pcs,Box,10100,13500,24,,,,,,,,,,,
ALBI 9500,ALBI9500,code128,,S0005,Pcs,Pcs,Box,7000,9500,12,,,,,,,,,,,
KARUNIA KCG POLONG 200G,8997031421817,code128,,S0005,Pcs,Pcs,Box,6500,9500,6,,,,,,,,,,,
KARUNIA EMPING PDS 180G,8997031421879,code128,,S0005,Pcs,Pcs,Box,12000,15500,6,,,,,,,,,,,
KARUNIA KCG MEDAN 200G,8997031420759,code128,,S0005,Pcs,Pcs,Box,10000,13500,6,,,,,,,,,,,
KARUNIA KCG BANDUNG 160G,8997031421749,code128,,S0005,Pcs,Pcs,Box,8500,11500,6,,,,,,,,,,,
PURU MELON LECI 365M,8997030190042,code128,,S0002,Pcs,Pcs,Box,5500,7500,24,,,,,,,,,,,
PURU BERY LECI 365M,8997030190059,code128,,S0005,Pcs,Pcs,Box,5500,7500,24,,,,,,,,,,,
PURU ORG LECI 365ML,8997030190035,code128,,S0002,Pcs,Pcs,Box,5500,7500,24,,,,,,,,,,,
BUGO SNACK AYAM 16GR,8997027680020,code128,,S0005,Pcs,Pcs,Box,9450,11500,12,,,,,,,,,,,
BUGO SNACK CHICKN BBQ ,8997027680105,code128,,S0005,Pcs,Pcs,Box,9450,11500,12,,,,,,,,,,,
BUGO SNACK SAPI PDS 16G,8997027680037,code128,,S0005,Pcs,Pcs,Box,9450,11500,12,,,,,,,,,,,
GOLDA COFS0018 200M,8998866201841,code128,,S0002,Pcs,Pcs,Box,2375,4500,12,,,,,,,,,,,
GOLDEN GINGER LEMON 45G,88251218399,code128,,S0005,Pcs,Pcs,Box,18020,22500,3,,,,,,,,,,,
GOLDEN GINGER RASBERY 45G,88251218405,code128,,S0005,Pcs,Pcs,Box,18020,22500,3,,,,,,,,,,,
GOLDEN GINGER ORG 45G,88251218375,code128,,S0005,Pcs,Pcs,Box,18020,22500,3,,,,,,,,,,,
GOLDEN GINGER BLUEBERRY 45G,88251218436,code128,,S0005,Pcs,Pcs,Box,18020,22500,3,,,,,,,,,,,
KUE 7500,KUE7500,code128,,S0005,Pcs,Pcs,Box,6375,7500,3,,,,,,,,,,,
STELLA MATIC REFILL CAFFE LAT 225GR,8992745560449,code128,,S0003,Pcs,Pcs,Box,27381,30500,3,,,,,,,,,,,
STELLA MATIC REFILL SWT RBW 225GR,8992745560432,code128,,S0003,Pcs,Pcs,Box,25391,29000,0,,,,,,,,,,,
GATSBY STYLING WAX SPIKY,8992222051729,code128,,S0003,Pcs,Pcs,Box,18900,23000,3,,,,,,,,,,,
GATSBY WAX HARD & FREE,8992222051606,code128,,S0003,Pcs,Pcs,Box,13250,17500,4,,,,,,,,,,,
GATSBY WAX MAT & HARD,8992222051613,code128,,S0003,Pcs,Pcs,Box,13250,17500,3,,,,,,,,,,,
PONSTANT 1PCS,PONSTAN,code128,,S0006,Pcs,Pcs,Box,2500,4000,0,,,,,,,,,,,
BOLA DUNIA F4 70,8991389295014,code128,,S0008,Pcs,Pcs,Box,44000,49500,10,,,,,,,,,,,
JOYCO TIP EX JK 01,8993988052630,code128,,S0004,Pcs,Pcs,Box,2791,5000,12,,,,,,,,,,,
GUNTING SC 848,8993988345015,code128,,S0009,Pcs,Pcs,Box,8000,15500,12,,,,,,,,,,,
CUTTER KECIL SC-9A,CUTTERKECIL,code128,,S0009,Pcs,Pcs,Box,2083,3500,36,,,,,,,,,,,
AMPLOP TALI ,AMPLOPTALI,code128,,S0009,Pcs,Pcs,Box,840,2500,0,,,,,,,,,,,
GUNTING SC 828 KECIL,8998838060070,code128,,S0009,Pcs,Pcs,Box,3333,6500,24,,,,,,,,,,,
KENKO PEN S0019 BG 16,8998838291252,code128,,S0009,Pcs,Pcs,Box,2083,5000,12,,,,,,,,,,,
KENKO PEN INDO GEL,INDOGEL,code128,,S0009,Pcs,Pcs,Box,2000,4500,24,,,,,,,,,,,
JOYKO PEN TITAN GEL,8993988280828,code128,,S0009,Pcs,Pcs,Box,1958,5000,24,,,,,,,,,,,
POS IT TJ 55-MIX,POSITTJ55,code128,,S0009,Pcs,Pcs,Box,6400,9500,6,,,,,,,,,,,
POS IT STICKY NOTES TJ 654 MIX,POSIT654TJ,code128,,S0009,Pcs,Pcs,Box,5500,11000,0,,,,,,,,,,,
POS IT PAGE MARKER,PAGEMARKER,code128,,S0009,Pcs,Pcs,Box,5500,9500,6,,,,,,,,,,,
POS IT NOTES MARKER,NOTESMARKER,code128,,S0009,Pcs,Pcs,Box,7000,11500,6,,,,,,,,,,,
POS IT TJ PENCIL,TJPENCIL,code128,,S0009,Pcs,Pcs,Box,6800,10500,6,,,,,,,,,,,
NIVEA MEN ROL ON COOL KICK,8999777004484,code128,,S0003,Pcs,Pcs,Box,10900,16000,6,,,,,,,,,,,
NIVEA MEN ROL ON INVISIBLE,8999777004552,code128,,S0003,Pcs,Pcs,Box,10900,16000,6,,,,,,,,,,,
ATTACK EASY LIQ 800ML,8992727005852,code128,,S0004,Pcs,Pcs,Box,12900,18000,6,,,,,,,,,,,
FRISIAN FLAG COK 900ML,8992753005482,code128,,S0002,Pcs,Pcs,Box,12900,16000,6,,,,,,,,,,,
FRISIAN FLAG C. DELIGHT 900ML,8992753700301,code128,,S0002,Pcs,Pcs,Box,10900,15500,3,,,,,,,,,,,
FRISIAN FLAG FULL CREAM 900ML,8992753005499,code128,,S0002,Pcs,Pcs,Box,10900,16000,6,,,,,,,,,,,
CAKE 7500,CAKE7500,code128,,S0005,Pcs,Pcs,Box,6000,7500,14,,,,,,,,,,,
CAKE 20000,CAKE20000,code128,,S0005,Pcs,Pcs,Box,16000,20000,2,,,,,,,,,,,
CAKE 25000,CAKE25000,code128,,S0005,Pcs,Pcs,Box,20000,25000,2,,,,,,,,,,,
CAKE 5000,CAKE5000,code128,,S0005,Pcs,Pcs,Box,4000,5000,27,,,,,,,,,,,
GERY SALUT ROLL HAZELNUT 16G,8992775311653,code128,,S0005,Pcs,Pcs,Box,779,1500,80,,,,,,,,,,,
GERY SALUT CONUT 21G,8992775001011,code128,,S0005,Pcs,Pcs,Box,779,1500,0,,,,,,,,,,,
MAXTEA LEMON TEA BOX 5X25GR,9311931802207,code128,,S0002,Pcs,Pcs,Box,5225,6500,6,,,,,,,,,,,
MARCOPOLO SILVER,9312412511786,code128,,S0007,Pcs,Pcs,Box,14065,16500,10,,,,,,,,,,,
KALIMO SODO KOPI,KALIMOKOPI,code128,,S0005,Pcs,Pcs,Box,22500,25000,11,,,,,,,,,,,
KALIMO SODO KENCUR ,KALIMOKENCUR,code128,,S0005,Pcs,Pcs,Box,2000,3500,78,,,,,,,,,,,
KALIMO SODO BINTANG 1 & 2,KALIMOSODOBINTANG,code128,,S0005,Pcs,Pcs,Box,300000,325000,6,,,,,,,,,,,
KHATULISTIWA +,KHATULISTIWA,code128,,S0005,Pcs,Pcs,Box,200000,215000,5,,,,,,,,,,,
SEMESTA,SEMESTA,code128,,S0005,Pcs,Pcs,Box,250000,265000,6,,,,,,,,,,,
KALIMO SODO SUPLEMEN SPR,SUPLEMENSUPER,code128,,S0005,Pcs,Pcs,Box,50000,55000,10,,,,,,,,,,,
JAVA GOLD BERAS MERAH,BERASMERAH,code128,,S0005,Pcs,Pcs,Box,75000,80000,4,,,,,,,,,,,
JAVA GOLD BEKATUL ,BEKATUL,code128,,S0005,Pcs,Pcs,Box,50000,55000,2,,,,,,,,,,,
DUNHIL 20 NEW,8998127912370,code128,,S0007,Pcs,Pcs,Box,25100,27500,10,,,,,,,,,,,
CAKE 6000,CAKE6000,code128,,S0005,Pcs,Pcs,Box,4800,6000,16,,,,,,,,,,,
DUNHILL FILTER BLACK NEW,8998127912363,code128,,S0007,Pcs,Pcs,Box,18300,21000,10,,,,,,,,,,,
MILO CAN HIGH CAL 240ML,9556001174659,code128,,S0002,Pcs,Pcs,Box,7725,11000,24,,,,,,,,,,,
OLATTE  APPLE 240ML,8801097115088,code128,,S0002,Pcs,Pcs,Box,7615,9500,24,,,,,,,,,,,
CELANA HITAM PJG YD,CELANAPJGYD,code128,,S0004,Pcs,Pcs,Box (24),127500,150000,4,,,,,,,,,,,
PASEO SMART 250,PASEOSMART,code128,,S0004,Pcs,Pcs,Box,8020,13000,48,,,,,,,,,,,
BERAS HITAM BLACK RICE 500G,BERASHITAM,code128,,S0005,Pcs,Pcs,Box,26000,28000,3,,,,,,,,,,,
FULLO IN BLACK 14GR,8991102381871,code128,,S0005,Pcs,Pcs,Box,744,1500,0,,,,,,,,,,,
PANGSIT ,PANGSIT,code128,,S0005,Pcs,Pcs,Box,9000,12500,23,,,,,,,,,,,
OPAK MEDAN ,OPAKMEDAN,code128,,S0005,Pcs,Pcs,Box,9000,12500,14,,,,,,,,,,,
FRUIT TEA FREEZE BTL 500M,8996006857255,code128,,S0002,Pcs,Pcs,Box (12),4666,7500,12,,,,,,,,,,,
SUNRIPE WATER 600ML,8993022574463,code128,,S0002,Pcs,Pcs,Box (24),1300,3500,24,,,,,,,,,,,
SUNRIPE WATER 330ML 1DUS,SR330,code128,,S0002,Pack,Pack,Box (24),28800,34000,10,,,,,,,,,,,
POP MI AYAM BW,89686060003,code128,,S0005,Pcs,Pcs,Box,4541,6000,24,,,,,,,,,,,
TONER TYPE CE278A,3398B001,code128,,S0009,Pcs,Pcs,Box,900000,965000,4,,,,,,,,,,,
TONER TYPE CE411A,4242B001,code128,,S0009,Pcs,Pcs,Box,1400000,1450000,1,,,,,,,,,,,
OREO THINS TIRAMISU 95GR,9300650025219,code128,,S0005,-,-,Box,9677,12500,24,,,,,,,,,,,
OREO THINS VANILLA  95GR,9300650025172,code128,,S0005,Pcs,Pcs,Box,9677,12500,24,,,,,,,,,,,
TOBLERONE MILK 100GR,7614500010013,code128,,S0005,Pcs,Pcs,Box,24559,28000,0,,,,,,,,,,,
MAMA LEMON BTL 400M,8998866182171,code128,,S0003,Pcs,Pcs,Box,10100,14000,0,,,,,,,,,,,
MAMA LIME BTL 400M,8998866183178,code128,,S0004,Pcs,Pcs,Box,10100,14500,3,,,,,,,,,,,
MAMA LIME  POUCH 400M,8998866105149,code128,,S0004,Pcs,Pcs,Box,7475,10000,8,,,,,,,,,,,
MAMA FRESH LMN  POUCH 400M,8998866182218,code128,,S0004,Pcs,Pcs,Box,7475,10000,8,,,,,,,,,,,
SO KLIN PL MARINE MINT 800M,8998866679596,code128,,S0004,Pcs,Pcs,Box,9265,13000,0,,,,,,,,,,,
SO KLIN PL MARINE MINT BTL 800M,8998866693592,code128,,S0004,Pcs,Pcs,Box,11810,16000,3,,,,,,,,,,,
SO KLIN PL ICE PINE 800M,8998866693639,code128,,S0004,Pcs,Pcs,Box,11810,16000,3,,,,,,,,,,,
SO KLIN PL F. LAVENDER BTL 800ML,8998866603553,code128,,S0004,Pcs,Pcs,Box,11810,16000,0,,,,,,,,,,,
SEDAAP MI CUP GRG,8998866200813,code128,,S0005,Pcs,Pcs,Box,3758,6500,12,,,,,,,,,,,
CAKE 10000,CAKE10000,code128,,S0005,Pcs,Pcs,Box,8000,10000,5,,,,,,,,,,,
SO KLIN PWG EXO PURPLE 900ML,8998866601870,code128,,S0004,Pcs,Pcs,Box,8900,12000,3,,,,,,,,,,,
SO KLIN PWG MERAH 900ML,8998866602730,code128,,S0004,Pcs,Pcs,Box,8900,12000,3,,,,,,,,,,,
SO KLIN PWG BIRU 900ML,8998866602747,code128,,S0004,Pcs,Pcs,Box,8900,12000,3,,,,,,,,,,,
SEGITIGA BIRU TERIGU 1KG,8993296210005,code128,,S0005,Pcs,Pcs,Box,8750,12500,12,,,,,,,,,,,
KAMPER SEA GULK 25G,8886012895207,code128,,S0006,Pcs,Pcs,Box,1500,3000,24,,,,,,,,,,,
OH BALI DARK COKLAT SAC 10X30G,8997208120215,code128,,S0005,Pcs,Pcs,Box,33999,40500,3,,,,,,,,,,,
KEMEJA PTH XL ,KEMEJAXL,code128,,S0004,Pcs,Pcs,Box,115000,120000,1,,,,,,,,,,,
KEMEJA PTH XXL,KEMEJAXXL,code128,,S0004,Pcs,Pcs,Box,115000,120000,1,,,,,,,,,,,
KEMEJA PTH 4L,KEMEJA4L,code128,,S0004,Pcs,Pcs,Box,120000,125000,2,,,,,,,,,,,
KEMEJA PTH 5L,KEMEJA5L,code128,,S0004,Pcs,Pcs,Box,125000,130000,1,,,,,,,,,,,
KEMEJA 6L,KEMEJA6L,code128,,S0004,Pcs,Pcs,Box,125000,130000,5,,,,,,,,,,,
COCA COLA CAN SLIM 250M,8992761111519,code128,,S0004,Pcs,Pcs,Box,4291,6500,24,,,,,,,,,,,
SPRITE PET 1L,8992761136178,code128,,S0002,Pcs,Pcs,Box,8333,11000,12,,,,,,,,,,,
COCA COLA PET 1L,8992761136161,code128,,S0002,Pcs,Pcs,Box,8333,11000,12,,,,,,,,,,,
FRESTEA MARKISA 350M,8992761166229,code128,,S0002,Pcs,Pcs,Box (24),2833,5000,0,,,,,,,,,,,
FRESTEA APLE 500ML,8992761122331,code128,,S0002,Pcs,Pcs,Box,4399,7000,12,,,,,,,,,,,
FRESTEA ORI 500ML,8992761122324,code128,,S0002,Pcs,Pcs,Box,4399,7000,12,,,,,,,,,,,
GOODY BAG S0019,GOODYBAGS0019,code128,,S0004,Pcs,Pcs,Box,15000,17000,12,,,,,,,,,,,
GOODY BAG S0019 KOMBINASI,GOODYBAGS0019KOMBINASI,code128,,S0004,Pcs,Pcs,Box,17500,20000,20,,,,,,,,,,,
RANTANG 3'S,RANTANG3S,code128,,S0004,Pcs,Pcs,Box,30600,40500,0,,,,,,,,,,,
KERANJANG SABUN,KERANJANGSABUN,code128,,S0004,Pcs,Pcs,Box,16600,20500,2,,,,,,,,,,,
TEMPAT SENDOK TUTUP,TEMPATSENDOK,code128,,S0004,Pcs,Pcs,Box,26100,30500,3,,,,,,,,,,,
MY BOTTLE ,MYBOTTLE,code128,,S0004,Pcs,Pcs,Box,15500,21000,2,,,,,,,,,,,
TONER TYPE Q5949A,TONERQ5949A,code128,,S0004,Pcs,Pcs,Box,880000,920000,0,,,,,,,,,,,
TONER TYPE CF280A,TONERCF280A,code128,,S0004,Pcs,Pcs,Box,1400000,1440000,0,,,,,,,,,,,
MY SNACK 23000,mysnack23000,code128,,S0005,Pcs,Pcs,Box,21500,23000,0,,,,,,,,,,,
MY SNACK 12500,mysnack12500,code128,,S0005,Pcs,Pcs,Box,10500,12500,12,,,,,,,,,,,
MY SNACK 17500,mysnack17500,code128,,S0005,Pcs,Pcs,Box (24),15000,17500,2,,,,,,,,,,,
MY SNACK 20000,mysnack20000,code128,,S0005,Pcs,Pcs,Box,18500,20000,80,,,,,,,,,,,
MY SNACK 21500,mysnack21500,code128,,S0005,Pcs,Pcs,Box,19000,21500,4,,,,,,,,,,,
MY SNACK 23500,mysnack23500,code128,,S0005,Pcs,Pcs,Box,21000,23500,12,,,,,,,,,,,
MY SNACK 25000,mysnack25000,code128,,S0005,Pcs,Pcs,Box,22500,25000,12,,,,,,,,,,,
MY SNACK 26000,mysnack26000,code128,,S0005,Pcs,Pcs,Box,24500,26000,3,,,,,,,,,,,
GOODY BAG S0019 20000,goodybag20000,code128,,S0005,Pcs,Pcs,Box,18500,20000,40,,,,,,,,,,,
GOODYBAG 12000,goodybag12000,code128,,S0004,Pcs,Pcs,Box,10000,12000,5,,,,,,,,,,,
TANGO FUSION VANILA MILK 75GR,8991102386180,code128,,S0005,Pcs,Pcs,Box,3919,7000,0,,,,,,,,,,,
KRUPUK BOCAH 500GR,8997204570021,code128,,S0005,Pcs,Pcs,Box,28500,30500,24,,,,,,,,,,,
KRUPUK BOCAH 200GR,8997204570120,code128,,S0005,Pcs,Pcs,Box,15000,18500,9,,,,,,,,,,,
HiLo Chocolate Avocado 200ml,749921030382,code128,,S0002,Pcs,Pcs,Box,6380,8500,7,,,,,,,,,,,
TANGO WFR STW 47GR,8991102987738,code128,,S0005,Pcs,Pcs,Box,1881,3000,12,,,,,,,,,,,
CASSAVA CHIPS,CASAVA,code128,,S0005,Pcs,Pcs,Box,10500,12500,0,,,,,,,,,,,
GERY SALUT MALKIST MATCHA,8992775305164,code128,,S0005,Pcs,Pcs,Box,5500,7500,6,,,,,,,,,,,
LIDI LIDIAN,LIDIAN,code128,,S0005,Pcs,Pcs,Box,7500,9000,12,,,,,,,,,,,
TANGO CHEESE LONG WFR 47GR,8991102987394,code128,,S0005,Pcs,Pcs,Box,1500,3500,1,,,,,,,,,,,
TANGO BUBBLEGUM LONG WFR 47GR,8991102989282,code128,,S0005,Pcs,Pcs,Box,1548,3000,25,,,,,,,,,,,
TANGO VANILLA LONG WFR 47GR,8991102387262,code128,,S0005,Pcs,Pcs,Box,1306,3000,0,,,,,,,,,,,
TANGO CHOCO 125GR,8991102987875,code128,,S0005,Pcs,Pcs,Box,7055,9500,30,,,,,,,,,,,
BINDER CLIP 111,6920112521078,code128,,S0009,Pcs,Pcs,Box,8500,10000,15,,,,,,,,,,,
KENKO CLIPS,8998838080115,code128,,S0009,Pcs,Pcs,Box,1700,3500,2,,,,,,,,,,,
BIORE BW LIVELY REFRESH 450ML,8992727003889,code128,,S0003,Pcs,Pcs,Box,19500,25500,6,,,,,,,,,,,
ABC SAMBAL EXTRA PDS 275ML,711844120440,code128,,S0005,Pcs,Pcs,Box,9400,14500,3,,,,,,,,,,,
SELECTION KAPAS 35G,8991038110354,code128,,S0003,Pcs,Pcs,Box,4166,6500,10,,,,,,,,,,,
ELIPS HAIR TREAT,8993417200021,code128,,S0003,Pcs,Pcs,Box,9800,12000,1,,,,,,,,,,,
ELIPS SHINY BLACK,8993417200045,code128,,S0003,Pcs,Pcs,Box,9800,12000,1,,,,,,,,,,,
ELIPS NUTRI COLOR,8993417200038,code128,,S0003,Pcs,Pcs,Box,9800,12000,10,,,,,,,,,,,
OVALE BEDAK DINGIN 30'S,8993417285615,code128,,S0003,Pcs,Pcs,Box,8050,9500,10,,,,,,,,,,,
BANGO KCP PEDAS RAWIT 135ML,8999999026264,code128,,S0005,Pcs,Pcs,Box,8500,10500,10,,,,,,,,,,,
LISTERIN COOL MINT 80ML,8992725910400,code128,,S0005,Pcs,Pcs,Box,8860,12000,10,,,,,,,,,,,
COUNTERPAIN 15GR,8995201800011,code128,,S0003,Pcs,Pcs,Box,24500,28000,10,,,,,,,,,,,
MADU KESUBURAN 150ML,8997029450089,code128,,S0005,Pcs,Pcs,Box,60000,75000,10,,,,,,,,,,,
MADU KECERDASAN OTAK 150ML,8997029450096,code128,,S0005,Pcs,Pcs,Box,60000,75000,10,,,,,,,,,,,
RICOLA MOUNTAIN BREZE 45GR,7610700607985,code128,,S0005,Pcs,Pcs,Box,15000,18500,10,,,,,,,,,,,
LAKBAN BENING DMR BESAR,LAKBANBENINGBESAR,code128,,S0009,Pcs,Pcs,Box,8333,14000,10,,,,,,,,,,,
CITRA NOURISHING 120ML,8999999526771,code128,,S0003,Pcs,Pcs,Box,9500,12500,10,,,,,,,,,,,
PEPSODENT SG DOUBLE CLEAN SOFT,8999999717643,code128,,S0004,Pcs,Pcs,Box,9500,12500,12,,,,,,,,,,,
PEPSODENT SG TRIPLE CLEAN,8999999031930,code128,,S0004,Pcs,Pcs,Box,3500,5000,5,,,,,,,,,,,
FORMULA PASTA GG+SIKAT,8991102102810,code128,,S0003,Pcs,Pcs,Box,12500,15000,2,,,,,,,,,,,
ESKULIN GEL SPC DAY 100M,8993417112232,code128,,S0003,Pcs,Pcs,Box,12500,15000,24,,,,,,,,,,,
ESKULIN GEL WEDNESDAY 100M,8993417212239,code128,,S0003,Pcs,Pcs,Box,12500,15000,10,,,,,,,,,,,
ESKULIN GEL FRIDAY 100M,8993417212253,code128,,S0004,Pcs,Pcs,Box,11681,15000,0,,,,,,,,,,,
CLEAN & CLEAN NAT BRIG 100M,8850007652588,code128,,S0003,Pcs,Pcs,Box,15500,18500,20,,,,,,,,,,,
ESKULIN COLG. FLORAL BLUSH 125ML,8993417402272,code128,,S0004,Pcs,Pcs,Box,14500,17500,0,,,,,,,,,,,
ESKULIN MIST COL CINDERELLA 125M,8993417402227,code128,,S0004,Pcs,Pcs,Box,16500,19000,20,,,,,,,,,,,
ESKULIN MIST COL RAPUNZEL 125M,8993417402241,code128,,S0004,Pcs,Pcs,Box,14500,19000,20,,,,,,,,,,,
ESKULIN MIST COL SNOW W 125M,8993417402234,code128,,S0004,Pcs,Pcs,Box,16110,19000,12,,,,,,,,,,,
DETTOL BW FRESH 250ML,8993560026011,code128,,S0004,Pcs,Pcs,Box,14099,16600,6,,,,,,,,,,,
DETTOL BW SKINCARE 250ML,8993560026103,code128,,S0004,Pcs,Pcs,Box,14099,16600,6,,,,,,,,,,,
BERAS GOTONG ROYONG 5KG,BERASGOTONGROYONG,code128,,S0005,Pcs,Pcs,Box,63000,70000,10,,,,,,,,,,,
S0018 FOTOCOPY,S0018FOTOCOPY,code128,,S0004,Pcs,Pcs,Box,1,1187875,0,,,,,,,,,,,
GULA GENDISKU 785GR,8997035960039,code128,,S0005,Pcs,Pcs,Box,11000,13500,6,,,,,,,,,,,
GULA GENDISKU 395GR,8997035960022,code128,,S0005,Pcs,Pcs,Box,5500,7500,12,,,,,,,,,,,
MY SNACK 10000,MYSNACK10000,code128,,S0005,Pcs,Pcs,Box,8500,10000,10,,,,,,,,,,,
GOODY BAG LOGO,GOODYBAGLOGO,code128,,S0005,Pcs,Pcs,Box,20000,23000,10,,,,,,,,,,,
SAMBAL ULEG 25000,ULEG25000,code128,,S0005,Pcs,Pcs,Box,21500,25000,10,,,,,,,,,,,
TONER TYPE Q2612A,TONERQ2612A,code128,,S0004,Pcs,Pcs,Box,850000,900000,1,,,,,,,,,,,
TONER TYPE CE313A,TONERCE313A,code128,,S0004,Pcs,Pcs,Box,700000,750000,4,,,,,,,,,,,
TONER TYPE Q7553A,TONERQ7553A,code128,,S0004,Pcs,Pcs,Box,980000,1030000,5,,,,,,,,,,,
TONER TYPE CE285A,TONERCE285A,code128,,S0004,Pcs,Pcs,Box,800000,850000,4,,,,,,,,,,,
TEA JUS LEMON SAC 10X8G,8998866200547,code128,,S0002,Pcs,Pcs,Box,2750,5000,1,,,,,,,,,,,
TEA JUS GULA BATU SAC 10X8G,8998866200554,code128,,S0005,Pcs,Pcs,Box,2750,5000,1,,,,,,,,,,,
EMERON SHP SOFT S 80ML,8998866100632,code128,,S0003,Pcs,Pcs,Box,6100,7500,17,,,,,,,,,,,
EMERON SHP HAIR FALL 80ML,8998866100595,code128,,S0003,Pcs,Pcs,Box,6100,7500,0,,,,,,,,,,,
GULA PASIR VALUE PLUS 1KG,8993333100344,code128,,S0005,Pcs,Pcs,Box,11000,14500,10,,,,,,,,,,,
KERUPUK PELANGI HOT,JABLAY,code128,,S0005,Pcs,Pcs,Box,7000,9000,6,,,,,,,,,,,
KOPI ESPRESO BTL 230ML,ESPRESO,code128,,S0002,Pcs,Pcs,Box,12750,15000,6,,,,,,,,,,,
KOPI LATTE BTL 230ML,LATTE,code128,,S0002,Pcs,Pcs,Box,17000,20000,3,,,,,,,,,,,
BLASTO CRUNCHY 16GR,8991102308892,code128,,S0005,Pcs,Pcs,Box,882,1500,6,,,,,,,,,,,
VIT AMIN ORANGE 350ML,8991102228343,code128,,S0002,Pcs,Pcs,Box,3449,5000,3,,,,,,,,,,,
CHOCOLATOS BTL 200ML,8992775001073,code128,,S0002,Pcs,Pcs,Box,4800,6500,3,,,,,,,,,,,
LAKBAN HITAM DAIMARU BSR,LAKBANHITAMBESAR,code128,,S0009,Pcs,Pcs,Box,14000,18000,3,,,,,,,,,,,
S0008 COPY EXCELLENT A4 70,8993242593473,code128,,S0009,Pcs,Pcs,Box,36500,43500,0,,,,,,,,,,,
AMLOP JAYA BESAR,8994188102309,code128,,S0009,Pcs,Pcs,Box,15000,18000,2,,,,,,,,,,,
LABEL 99 TOM&JERY,LABEL99,code128,,S0009,Pcs,Pcs,Box,4000,8000,3,,,,,,,,,,,
KENKO BINDER CLIP 111,8998838080030,code128,,S0009,Pcs,Pcs,Box,3625,6500,0,,,,,,,,,,,
ROMA KOPYOR 252GR,8996001312353,code128,,S0005,Pcs,Pcs,Box,5247,8500,0,,,,,,,,,,,
ROMA BETTER FUN BITES 4'S,8996001318911,code128,,S0005,Pcs,Pcs,Box,1650,3000,7,,,,,,,,,,,
AYAM KAMPUNG,AYAMKAMPUNG,code128,,S0005,Pcs,Pcs,Box,50000,55000,1,,,,,,,,,,,
KIS MINT CHERRY BOX,8996001326329,code128,,S0005,Pcs,Pcs,Box,14000,16500,15,,,,,,,,,,,
MAGNUZ RENDANG 35G,8997033450013,code128,,S0005,Pcs,Pcs,Box,2860,3500,30,,,,,,,,,,,
KRIPIK PISANG COKLAT,PISCOK,code128,,S0005,Pcs,Pcs,Box,10000,11500,15,,,,,,,,,,,
MR ZAITUN OIL 75ML,8995151120917,code128,,S0004,Pcs,Pcs,Box,13040,16500,10,,,,,,,,,,,
MR PENYUBUR RAMBUT 175ML,8995151130138,code128,,S0004,Pcs,Pcs,Box,30080,34500,10,,,,,,,,,,,
MR CEM CEMAN 175ML,8995151130121,code128,,S0004,Pcs,Pcs,Box,18750,23500,1,,,,,,,,,,,
BAWANG GORENG 150GR,BAWANGGORENG,code128,,S0005,Pcs,Pcs,Box,27500,30000,1,,,,,,,,,,,
TESSA TISSUE 250'S,8992931005228,code128,,S0004,Pcs,Pcs,Box,8092,13000,1,,,,,,,,,,,
OISHI PILLOWS COKLAT 120GR,8997004301108,code128,,S0005,Pcs,Pcs,Box,5000,10500,1,,,,,,,,,,,
OISHI PILLOWS UBI 120GR,8997004301245,code128,,S0005,Pcs,Pcs,Box,5000,10500,72,,,,,,,,,,,
KUE 10000,KUE10000,code128,,S0005,Pcs,Pcs,Box,8500,10000,72,,,,,,,,,,,
KUE 8000,KUE8000,code128,,S0005,Pcs,Pcs,Box,6800,8000,3,,,,,,,,,,,
MINUTE STRAWBERRY CUP 296M,8992761110079,code128,,S0002,Pcs,Pcs,Box,1583,2500,3,,,,,,,,,,,
FRESTEA MARKISA 500ML,8992761122348,code128,,S0002,Pcs,Pcs,Box,4399,7000,25,,,,,,,,,,,
BALADO & JAGUNG,FABIYAN,code128,,S0005,Pcs,Pcs,Box,5000,6500,15,,,,,,,,,,,
TOPPO COKLAT STIK 40GR,8852008510492,code128,,S0005,Pcs,Pcs,Box,7205,9000,12,,,,,,,,,,,
FRESTEA ORIGINAL 350ML,8992761166052,code128,,S0002,Pcs,Pcs,Box,2833,5000,6,,,,,,,,,,,
COMRING,COMRING,code128,,S0005,Pcs,Pcs,Box,5000,7500,16,,,,,,,,,,,
woods ori sac,8992858687200,code128,,S0005,Pcs,Pcs,Box,2600,4500,12,,,,,,,,,,,
NASI GORENG,NASIGORENG,code128,,S0005,Pcs,Pcs,Box,8000,10000,0,,,,,,,,,,,
OTAK OTAK,OTAKOTAK,code128,,S0005,Pcs,Pcs,Box,6000,8000,24,,,,,,,,,,,
LISTERIN FRESH BRUSH 80ML,8992725910417,code128,,S0003,Pcs,Pcs,Box,8500,11000,10,,,,,,,,,,,
BERAS GOLDEN LAND 5KG,8993169811278,code128,,S0005,Pcs,Pcs,Box,58880,65500,80,,,,,,,,,,,
MY SNACK 10500,MYSNACK10500,code128,,S0005,Pcs,Pcs,Box,8500,10500,75,,,,,,,,,,,
MY SNACK 11500,MYSNACK11500,code128,,S0005,Pcs,Pcs,Box,9500,11500,24,,,,,,,,,,,
PAPER BAG ,PAPERBAG10000,code128,,S0004,Pcs,Pcs,Box,8000,12500,6,,,,,,,,,,,
PAPER BAG 8000,PAPERBAG8000,code128,,S0004,Pcs,Pcs,Box,6500,8000,12,,,,,,,,,,,
PAPER BAG 9000,PAPERBAG9000,code128,,S0004,Pcs,Pcs,Box,7000,9000,4,,,,,,,,,,,
CHOCHOLATOS KOPI LATTESAC,8992775001363,code128,,S0005,Pcs,Pcs,Box,15500,17000,0,,,,,,,,,,,
ASVITA PARASMANAN SET,ASVITAPARASMANAN,code128,,S0004,Pcs,Pcs,Box,133000,158000,10,,,,,,,,,,,
KIM GLASS SET,8993373377294,code128,,S0004,Pcs,Pcs,Box,36166,41500,12,,,,,,,,,,,
JAM ALARM DORAEMON,JAMDORAEMON,code128,,S0004,Pcs,Pcs,Box,27375,31500,2,,,,,,,,,,,
ASVITA TMP MAKAN SENDOK + GARPU,ASVITATMPMAKAN,code128,,S0005,Pcs,Pcs,Box,18375,22500,2,,,,,,,,,,,
TEPLON MINI,6281102405229,code128,,S0004,Pcs,Pcs,Box,16375,20500,11,,,,,,,,,,,
KAPSTOK KARATER,KAPSTOKKARAKTER,code128,,S0004,Pcs,Pcs,Box,8583,11500,40,,,,,,,,,,,
TERMOS MICKEY KKK 500M,TERMOSMICKEY,code128,,S0004,Pcs,Pcs,Box,29500,45000,5,,,,,,,,,,,
KAKI TIGA PET JERUK NIPIS 320M,8995227502128,code128,,S0002,Pcs,Pcs,Box,5083,7000,5,,,,,,,,,,,
CAP PANDA LYCHEE 310ML,8995227502524,code128,,S0002,Pcs,Pcs,Box,3562,5500,5,,,,,,,,,,,
OVALE MASK LEMON 15G,8993417364921,code128,,S0003,Pcs,Pcs,Box,6249,8500,5,,,,,,,,,,,
OVALE MASK CUCUMBAR 15G,8993417364945,code128,,S0003,Pcs,Pcs,Box,6249,9000,0,,,,,,,,,,,
OVALE MASK BENGKOANG 15G,8993417364914,code128,,S0003,Pcs,Pcs,Box,6249,9000,12,,,,,,,,,,,
OVALE FACIAL MASK MUTIARA 15GR,8993417362934,code128,,S0003,Pcs,Pcs,Box,5700,8500,20,,,,,,,,,,,
SASHA SIWAK LEMON WHT 150G,8993417105524,code128,,S0003,Pcs,Pcs,Box,10000,13500,10,,,,,,,,,,,
SASHA SIWAK HERBAL 150G,8993417105517,code128,,S0003,Pcs,Pcs,Box,11999,15500,0,,,,,,,,,,,
MIGELAS JUMBO+CUP SOTO,8996001523346,code128,,S0005,Pcs,Pcs,Box,9500,11000,10,,,,,,,,,,,
MIGELAS JUMBO+CUP AYAM BW,8996001523315,code128,,S0005,Pcs,Pcs,Box,10395,12500,12,,,,,,,,,,,
MIGELAS JUMBO+CUP KARI,8996001523339,code128,,S0005,Pcs,Pcs,Box,9500,11000,0,,,,,,,,,,,
MAGNUZ LADA HTM 35G,8997033450051,code128,,S0005,Pcs,Pcs,Box,2860,3500,4,,,,,,,,,,,
MALLOW CAR 60GR,6914253431273,code128,,S0005,Pcs,Pcs,Box,7920,10500,6,,,,,,,,,,,
MALLOW DUCKIE 60GR,6914253439309,code128,,S0005,Pcs,Pcs,Box,7920,10500,10,,,,,,,,,,,
MALLOW CHOMP CHOMP 60GR,6914253439514,code128,,S0005,Pcs,Pcs,Box,7920,10500,9,,,,,,,,,,,
STIMUNO STICK ORANGE,8994388621341,code128,,S0005,Pcs,Pcs,Box,1925,3000,9,,,,,,,,,,,
TAY PIN SAN ,8997001270032,code128,,S0003,Pcs,Pcs,Box,1872,3500,0,,,,,,,,,,,
"BULAN SABIT MG 1,8L",8997020560244,code128,,S0001,Pcs,Pcs,Box,19566,22000,10,,,,,,,,,,,
JOLLY TOY 20GR,9555115905654,code128,,S0005,Pcs,Pcs,Box,6749,10000,10,,,,,,,,,,,
ALANABI NATURE HERBAL DRINK 3'S,8994742481017,code128,,S0003,Pack,Pack,Box,10000,12500,8,,,,,,,,,,,
MASAKO SAPI SAC,8992770033185,code128,,S0005,Pcs,Pcs,Box,5000,6000,3,,,,,,,,,,,
DAIMARU DOUBLE TAPE 1 INCH,DOUBLETAPE1,code128,,S0004,Pcs,Pcs,Box,4000,6500,3,,,,,,,,,,,
DAIMARU DOUBLE TAPE 1/2 INCH,DOUBLETAPE1/2,code128,,S0004,Pcs,Pcs,Box,2000,4500,4,,,,,,,,,,,
CORECTION TAPE CT 800,8997002092794,code128,,S0009,Pcs,Pcs,Box,7000,9500,4,,,,,,,,,,,
RAUTAN ANIMAL ,RAUTAN2500,code128,,S0009,Pcs,Pcs,Box,625,2500,4,,,,,,,,,,,
SKYCO CLIPS 107,6941682601076,code128,,S0009,Pcs,Pcs,Box,3000,6000,6,,,,,,,,,,,
SKYCO CLIP 155 : 12'S,6941682601557,code128,,S0009,Pcs,Pcs,Box,7500,10500,6,,,,,,,,,,,
SKYCO CLIP 105,6941682601052,code128,,S0009,Pcs,Pcs,Box,2583,4000,6,,,,,,,,,,,
RIVERO 370ML,8997001520021,code128,,S0002,Pcs,Pcs,Box,1624,3000,24,,,,,,,,,,,
RIVERO 600ML,8997001520038,code128,,S0002,Pcs,Pcs,Box,1770,3500,6,,,,,,,,,,,
RIVERO 1500ML,8997001520045,code128,,S0002,Pcs,Pcs,Box,3541,5000,0,,,,,,,,,,,
PEDIASURE COMPL VANILLA 400GR,8710428019677,code128,,S0005,Pcs,Pcs,Box,104990,115000,6,,,,,,,,,,,
ISOCAL 400GR,8992696428591,code128,,S0005,Pcs,Pcs,Box,46363,56500,3,,,,,,,,,,,
KRUPUK BOCAH TUA 500GR,8997204570007,code128,,S0005,Pcs,Pcs,Box,28000,30500,6,,,,,,,,,,,
KEMENDES BOTOL 330ML,KEMENDESBTL,code128,,S0002,Pcs,Pcs,Box,2125,3000,18,,,,,,,,,,,
KEMENDES DUS,KEMENDESDUS,code128,,S0002,Pcs,Pcs,Box,51000,56000,2,,,,,,,,,,,
MAGNUZ ALL VAR 1PCS,MAGNUZ,code128,,S0005,Pcs,Pcs,Box,1600,2000,3,,,,,,,,,,,
SAMBEL ULEG RYRIEN ,ULEG,code128,,S0005,Pcs,Pcs,Box,31500,35000,2,,,,,,,,,,,
SUMPIA BALADO,SUMPIA,code128,,S0005,Pcs,Pcs,Box,5000,7000,3,,,,,,,,,,,
POND'S CLEAR SOLUT 50GR,8999999052997,code128,,S0003,Pcs,Pcs,Box,14450,16500,3,,,,,,,,,,,
KETELA PREM 50GR,8997016730644,code128,,S0005,Pcs,Pcs,Box,3958,6500,3,,,,,,,,,,,
KRIPTOS JAGUNG KRISPY 120GR,8997016730194,code128,,S0005,Pcs,Pcs,Box,4687,7500,5,,,,,,,,,,,
KRIPTOS SAMBAL BALADO 120GR,8997016730187,code128,,S0005,Pcs,Pcs,Box,4687,7500,12,,,,,,,,,,,
RAME MIX 10X12GR,8997016730316,code128,,S0005,Pcs,Pcs,Box,4750,7000,6,,,,,,,,,,,
TOTAL CARE COOL M 250M,8999908205704,code128,,S0003,Pcs,Pcs,Box,10000,18500,24,,,,,,,,,,,
FRESHCARE SPORT,8997021870236,code128,,S0003,Pcs,Pcs,Box,10500,14000,0,,,,,,,,,,,
VICKS FOR 44 27ML,4987176002679,code128,,S0006,Pcs,Pcs,Box,6500,9500,3,,,,,,,,,,,
PEPSODENT PG 225GR,8999999037765,code128,,S0003,Pcs,Pcs,Box,9900,13500,6,,,,,,,,,,,
LIFEBUOY SHP A. DANDRUFF 340M,8999999033224,code128,,S0003,Pcs,Pcs,Box,23900,32500,0,,,,,,,,,,,
LIFEBUOY SHP STRONG & SHINY 340M,8999999033187,code128,,S0003,Pcs,Pcs,Box,23900,32500,12,,,,,,,,,,,
WARDAH LIGH GNTL WASH 60M,8993137678759,code128,,S0003,Pcs,Pcs,Box,11900,17500,24,,,,,,,,,,,
NATUR E H&B REV 245ML,8999809103796,code128,,S0003,Pcs,Pcs,Box,24900,34000,12,,,,,,,,,,,
BIORE BODY F LOVELY CS 450ML,8992727006187,code128,,S0003,Pcs,Pcs,Box,17500,26500,1,,,,,,,,,,,
ALPENLIEBE STW BAG,8991115004019,code128,,S0005,Pcs,Pcs,Box,5850,8000,12,,,,,,,,,,,
MENTOS FRUIT BAG,8990800004563,code128,,S0005,Pcs,Pcs,Box,5848,7500,40,,,,,,,,,,,
MENTOS MINT BAG,8990800020013,code128,,S0005,Pcs,Pcs,Box,5850,7500,24,,,,,,,,,,,
GOLIA CANDY BAG,8991115500016,code128,,S0005,Pcs,Pcs,Box,4950,7500,12,,,,,,,,,,,
MENTOS ROLL GRAPE,8990800006727,code128,,S0005,Pcs,Pcs,Box,2849,5000,0,,,,,,,,,,,
BIG BABOL TUTTY FRUIT,8991115010102,code128,,S0005,Pcs,Pcs,Box,1950,3500,1,,,,,,,,,,,
kemeja putih 80000,kemeja80000,code128,,S0004,Pcs,Pcs,Box,75000,80000,0,,,,,,,,,,,
KAOS KAKI ORSO 20000,KAOSKAKI20000,code128,,S0004,Pcs,Pcs,Box,17000,20000,24,,,,,,,,,,,
BERAS HITAM 500GR,BERASHITAM500,code128,,S0005,Pcs,Pcs,Box,26000,28000,3,,,,,,,,,,,
DOUBLEMINT MINT 9GR,9555192508694,code128,,S0005,Pcs,Pcs,Box,1870,3000,20,,,,,,,,,,,
DOUBLEMINT MINT LMN 9GR,9555192508724,code128,,S0005,Pcs,Pcs,Box,1870,3000,42,,,,,,,,,,,
DELFI bukan_konsiEW 60GR,8991001122032,code128,,S0005,Pcs,Pcs,Box,10000,15000,6,,,,,,,,,,,
DELFI ALMOND 60GR,8991001122049,code128,,S0005,Pcs,Pcs,Box,10000,15000,24,,,,,,,,,,,
ASINAN,ASINAN,code128,,S0005,Pcs,Pcs,Box,13000,15000,24,,,,,,,,,,,
MADURASA ORI BTL 150GR,8993014731348,code128,,S0005,Pcs,Pcs,Box,12316,15000,24,,,,,,,,,,,
MUSCLE KITCHEN SET,KITCHEN,code128,,S0004,Pcs,Pcs,Box,129000,144000,10,,,,,,,,,,,
MUG KELAPA,8822754169251,code128,,S0004,Pcs,Pcs,Box,15000,25000,10,,,,,,,,,,,
HAPPY CALL,HAPPYCALL,code128,,S0004,Pcs,Pcs,Box,54000,69500,4,,,,,,,,,,,
ROTI 6500,6500mix,code128,,S0005,Pcs,Pcs,Box,4500,6500,6,,,,,,,,,,,
SANDISK FLASDISK 32GB,619659069193,code128,,S0004,Pcs,Pcs,Box,75000,95000,24,,,,,,,,,,,
HOYA CHOCOLATE CRUNCHY 16GR,HOYA,code128,,S0005,Pcs,Pcs,Box,800,2000,3,,,,,,,,,,,
KRIPIK SINGKONG,KRIPIK20000,code128,,S0005,Pcs,Pcs,Box,15000,20000,3,,,,,,,,,,,
JAVA GOLD BERAS HITAM,javaberashitam,code128,,S0005,Pcs,Pcs,Box,75000,80000,6,,,,,,,,,,,
BERAS MERAH BROWN RICE 500G,berasm,code128,,S0005,Pcs,Pcs,Box,26000,28000,5,,,,,,,,,,,
CRICET BESAR,CRICET,code128,,S0004,Pcs,Pcs,Box,3150,6000,3,,,,,,,,,,,
ALBI 17000,ALBI17000,code128,,S0005,Pcs,Pcs,Box,14000,17000,6,,,,,,,,,,,
ALBI 11000,albi11000,code128,,S0005,Pcs,Pcs,Box,8000,11000,6,,,,,,,,,,,
RANTANG STAINLIS 5'S,RANTANGSUSUN,code128,,S0004,Pcs,Pcs,Box,37600,45500,6,,,,,,,,,,,
LEM BESI EPOTEC G,LEMKOREA,code128,,S0009,Pcs,Pcs,Box,4500,7000,6,,,,,,,,,,,
SANDISK FLASDISK 8GB,619659000424,code128,,S0004,Pcs,Pcs,Box,48500,64000,12,,,,,,,,,,,
WRIGLEY DOUBLMINT SPEAR 23GR,8997018480790,code128,,S0005,Pcs,Pcs,Box,13500,16500,20,,,,,,,,,,,
RESTU IBU BESAR,15070068,code128,,S0005,Pcs,Pcs,Box,16000,20000,2,,,,,,,,,,,
PRIMO C CLEAR LCD DLL,8996006142511,code128,,S0004,Pcs,Pcs,Box,18000,21500,24,,,,,,,,,,,
 COTTON CHERRY KECIL,CHERRYKECIL,code128,,S0004,Pcs,Pcs,Box,1250,2000,2,,,,,,,,,,,
MAMA LIME TOT POUCH ,8998866105156,code128,,S0004,Pcs,Pcs,Box,11900,16000,10,,,,,,,,,,,
MEGKEJU MERAH 180GR,8994023000029,code128,,S0005,Pcs,Pcs,Box,19870,23000,10,,,,,,,,,,,
RESTU IBU KECIL,15007681,code128,,S0005,Pcs,Pcs,Box (24),7500,10500,10,,,,,,,,,,,
REMPEYEK KCG,peyek20000,code128,,S0005,Pcs,Pcs,Box,15000,20000,10,,,,,,,,,,,
DREAM BOTOL MINUM 1L,BOTOLDREAM,code128,,S0004,Pcs,Pcs,Box,21000,30000,15,,,,,,,,,,,
TARO NET BBQ,taro,code128,,S0005,Pcs,Pcs,Box,6000,7500,12,,,,,,,,,,,
BERAS SUPER IR 5KG,BERASMAWAR,code128,,S0005,Pcs,Pcs,Box,57000,67500,1,,,,,,,,,,,
NU OCEANA ORG 330ML,8992388133604,code128,,S0002,Pcs,Pcs,Box,3937,5500,4,,,,,,,,,,,
KLENTENG ,KLENTENG10000,code128,,S0005,Pcs,Pcs,Box,8000,10000,1,,,,,,,,,,,
KAPAL API SPECIAL 380GR,8991002115477,code128,,S0002,Pcs,Pcs,Box (9),22222,26000,1,,,,,,,,,,,
RENGGINANG 20000,rengginang20000,code128,,S0005,Pcs,Pcs,Box,18000,20000,10,,,,,,,,,,,
POS IT TJ 44-8,TJ448,code128,,S0009,Pcs,Pcs,Box,9000,14000,6,,,,,,,,,,,
KAOS KAKI BARBELS 22000,BARBELS22000,code128,,S0004,Pcs,Pcs,Box,9000,22000,10,,,,,,,,,,,
KAOS KAKI ORSO 30000,orso30000,code128,,S0004,Pcs,Pcs,Box,27000,30000,6,,,,,,,,,,,
KAOS KAKI ORSO STOCKING,orso16900,code128,,S0004,Pcs,Pcs,Box,12665,16900,10,,,,,,,,,,,
INACO POUCH STW 360GR,8992726938762,code128,,S0005,Pcs,Pcs,Box,5733,8000,6,,,,,,,,,,,
AROMATIC MASUK ANGIN,8992761111212,code128,,S0003,Pcs,Pcs,Box,11269,16000,30,,,,,,,,,,,
SARI ROTI SOBEK KAYU MANIS,,code128,,S0005,Pcs,Pcs,Box,11000,12000,12,,,,,,,,,,,
SIVERQUEEN ALMOND 68G,,code128,,S0005,Pcs,Pcs,Box,11500,15500,10,,,,,,,,,,,
DAGING IGA KONRO,,code128,,S0005,Pcs,Pcs,Box,70000,80000,10,,,,,,,,,,,
PISAU SET '4,PISAUSET,code128,,S0004,Pcs,Pcs,Box,30500,45500,0,,,,,,,,,,,
KESET KARAKTER,KESETKARAKTER,code128,,S0004,Pcs,Pcs,Box,17000,30000,6,,,,,,,,,,,
PISAU APPLE COLOUR,PISAUAPLE,code128,,S0004,Pcs,Pcs,Box,5500,10500,6,,,,,,,,,,,
TOPPO STICK VANILLA,8852008510010,code128,,S0005,Pcs,Pcs,Box,7205,8500,24,,,,,,,,,,,
SWALLOW NAPT WARNA 150G,8886020001294,code128,,S0005,Pcs,Pcs,Box,10800,13500,24,,,,,,,,,,,
INDOFOOD EKTRA PDS 275G,89686400854,code128,,S0005,Pcs,Pcs,Box,8900,13500,2,,,,,,,,,,,
MYLANTA BTL 50ML,8991111152059,code128,,S0005,Pcs,Pcs,Box,13000,16500,2,,,,,,,,,,,
KOMIX PEPERMINT SAC,8993058300401,code128,,S0003,Pcs,Pcs,Box,1250,2500,12,,,,,,,,,,,
FORMULA PROTECTIVE SOLUTIONS 160GR,8991102103367,code128,,S0003,Pcs,Pcs,Box,6250,12500,6,,,,,,,,,,,
BAWANG GORENG MY SNACK,MYSNACK28500,code128,,S0005,Pcs,Pcs,Box,23000,28500,5,,,,,,,,,,,
ABON ELANG SUPER,ABONELANG,code128,,S0005,Pcs,Pcs,Box,56000,61500,5,,,,,,,,,,,
MY JELLY 14GR 15'S,8998288016634,code128,,S0005,Pcs,Pcs,Box,5280,8500,2,,,,,,,,,,,
FILMA MINYAK GORENG 2L,8992826111089,code128,,S0001,Pcs,Pcs,Box,23000,25500,1,,,,,,,,,,,
MEGCHEDDAR 3 SLICE 51GR,8994023000128,code128,,S0005,Pcs,Pcs,Box,4749,6000,6,,,,,,,,,,,
ISOLASI BAZIC TEBAL,ISOLASIBAZIC,code128,,S0009,Pcs,Pcs,Box,708,2500,6,,,,,,,,,,,
GLUE STICK NDM 15GR,8997002092411,code128,,S0009,Pcs,Pcs,Box,3500,7000,6,,,,,,,,,,,
STABILO ORG,6935205326003,code128,,S0009,Pcs,Pcs,Box,3000,6000,6,,,,,,,,,,,
STABILO HIJAU ,6921734950796,code128,,S0009,Pcs,Pcs,Box,3000,6000,6,,,,,,,,,,,
STABILO ORI,6921734951052,code128,,S0009,Pcs,Pcs,Box,3000,6000,6,,,,,,,,,,,
OKEY FOLIO 100'S,8995757000873,code128,,S0009,Pcs,Pcs,Box,13500,17500,6,,,,,,,,,,,
OKEY BUKU EXPEDISI 100'S,8995757011343,code128,,S0009,Pcs,Pcs,Box,8500,12500,25,,,,,,,,,,,
OKEY OKTAVO 100'S,8995757011329,code128,,S0009,Pcs,Pcs,Box,4500,8500,0,,,,,,,,,,,
SEPATU BLACK,SEPATUBLACK275000,code128,,S0004,Pcs,Pcs,Box,250000,275000,2,,,,,,,,,,,
SANDAL BLACK,SANDAL71500,code128,,S0004,Pcs,Pcs,Box,65000,71500,1,,,,,,,,,,,
DETTOL ACTIVE 105GR,8993560024642,code128,,S0004,Pcs,Pcs,Box,4841,6500,1,,,,,,,,,,,
DETTOL RE ENERGI 105G,8993560025106,code128,,S0003,Pcs,Pcs,Box,4833,7000,4,,,,,,,,,,,
DETTOL LASTING 105G,8993560025236,code128,,S0003,Pcs,Pcs,Box,4841,6500,2,,,,,,,,,,,
DETTOL SENSITIVE 105GR,8993560025069,code128,,S0003,Pcs,Pcs,Box,4841,6500,30,,,,,,,,,,,
DETTOL RE ENERGI 65G,8993560025113,code128,,S0004,Pcs,Pcs,Box,3114,4500,30,,,,,,,,,,,
DETTOL LASTING FRS 65G,8993560025243,code128,,S0004,Pcs,Pcs,Box,3114,4500,30,,,,,,,,,,,
DETTOL ACTIVE 65G,8993560024635,code128,,S0003,Pcs,Pcs,Box,3114,4500,6,,,,,,,,,,,
ROTI 6000,6000MIX,code128,,S0005,Pcs,Pcs,Box,5000,6000,3,,,,,,,,,,,
SARI ROTI LAPIS BAMKUHEM,8992907952891,code128,,S0005,Pcs,Pcs,Box,9500,10000,12,,,,,,,,,,,
SARI ROTI LAPIS BAMKUHEM COK,8992907953010,code128,,S0005,Pcs,Pcs,Box,9500,10000,4,,,,,,,,,,,
SARI ROTI KASUR KEJU,8992907780012,code128,,S0005,Pcs,Pcs,Box,13500,15000,4,,,,,,,,,,,
KEMEJA PUTIH BERGAMBAR ,PUTIHBERGAMBAR,code128,,S0005,Pcs,Pcs,Box,110000,115000,3,,,,,,,,,,,
KEMEJA PUTIH BERKANTONG,PUTIHBERKANTONG,code128,,S0004,Pcs,Pcs,Box,115000,120000,3,,,,,,,,,,,
HATARI MALKIST COKLAT 120G,8997025911157,code128,,S0005,Pcs,Pcs,Box,4960,6500,6,,,,,,,,,,,
HATARI MALKIST PEANUT 120G,8997025911164,code128,,S0005,Pcs,Pcs,Box,4960,6500,12,,,,,,,,,,,
HATARI MALKIST COKLAT KELAPA 120G,8997025911508,code128,,S0005,Pcs,Pcs,Box,4960,6500,12,,,,,,,,,,,
HATARI SEE HONG PUFF KELAPA 260G,8997025911058,code128,,S0005,Pcs,Pcs,Box,5129,8000,4,,,,,,,,,,,
EXTRA JOSS SHAKE ORIGINAL,8993058104504,code128,,S0002,Pcs,Pcs,Box,1833,3000,3,,,,,,,,,,,
CIPTADENT FRESH MINT 190G,8998866181082,code128,,S0003,Pcs,Pcs,Box,5900,9500,3,,,,,,,,,,,
CIPTADENT COOL MINT 190G,8998866100168,code128,,S0003,Pcs,Pcs,Box,5900,9500,3,,,,,,,,,,,
H&S SHP COOL 170ML,4902430102247,code128,,S0003,Pcs,Pcs,Box,17500,23500,3,,,,,,,,,,,
H&S SHP LEMON 170ML,4902430553636,code128,,S0003,Pcs,Pcs,Box,17500,23500,3,,,,,,,,,,,
PURBASARI NAT 60M,8999225783282,code128,,S0003,Pcs,Pcs,Box,6500,8500,8,,,,,,,,,,,
HARMONY SOAP GRAPE 70G,8993379200862,code128,,S0003,Pcs,Pcs,Box,766,2500,6,,,,,,,,,,,
HARMONY SOAP ORG 70G,8993379200886,code128,,S0003,Pcs,Pcs,Box,766,2500,18,,,,,,,,,,,
NATURE E H&B DAILY 245M,8999809102775,code128,,S0003,Pcs,Pcs,Box,20900,29500,6,,,,,,,,,,,
EMERON SHP BLK 170GR,8998866100564,code128,,S0003,Pcs,Pcs,Box,13250,16000,4,,,,,,,,,,,
MARINA RICH MOIS H&B 200M,8999908214805,code128,,S0003,Pcs,Pcs,Box,6900,9500,15,,,,,,,,,,,
MARINA PROTEC & CR H&B 200M,8999908060907,code128,,S0003,Pcs,Pcs,Box,6900,9500,3,,,,,,,,,,,
PANTENE HAIR FALL SHP 160M,4902430400886,code128,,S0003,Pcs,Pcs,Box,19500,22500,3,,,,,,,,,,,
POSH PERFUMED 150G,8998866106467,code128,,S0003,Pcs,Pcs,Box,16500,22500,15,,,,,,,,,,,
KAOS KAKI ZHENPAI,ZHENPAI,code128,,S0004,Pcs,Pcs,Box,18000,21500,1,,,,,,,,,,,
CELANA YONEX,YONEX,code128,,S0004,Pcs,Pcs,Box,24300,28500,5,,,,,,,,,,,
SANDAL SKYBOAT,SANDALSKYBOAT,code128,,S0004,Pcs,Pcs,Box,12000,15000,3,,,,,,,,,,,
ABON TENGIRI,ABONTENGIRI,code128,,S0005,Pcs,Pcs,Box,30000,35000,18,,,,,,,,,,,
KUE 30000,KUE30000,code128,,S0005,Pcs,Pcs,Box,25000,30000,3,,,,,,,,,,,
SANDAL SPON,SANDALSPON,code128,,S0004,Pcs,Pcs,Box,15200,19000,3,,,,,,,,,,,
SEPATU YUMEIDA,YUMEIDA,code128,,S0004,Pcs,Pcs,Box,45000,52500,25,,,,,,,,,,,
LAMPU EKONOMAT ,8995588311643,code128,,S0004,Pcs,Pcs,Box,18000,22000,0,,,,,,,,,,,
CAMION KANEBO,CAMIONKANEBO,code128,,S0004,Pcs,Pcs,Box,24000,30000,5,,,,,,,,,,,
SARUNG TANGAN PANJANG,SARUNGPANJANG,code128,,S0004,Pcs,Pcs,Box,21500,25000,3,,,,,,,,,,,
SARUNG TANGAN PENDEK,SARUNGPENDEK,code128,,S0004,Pcs,Pcs,Box,18400,25000,3,,,,,,,,,,,
MASKER BUFF,BUFFMASKER,code128,,S0004,Pcs,Pcs,Box,12000,15000,3,,,,,,,,,,,
SANDAL SWALLOW NICE,SANDALNICE,code128,,S0004,Pcs,Pcs,Box,15120,18900,3,,,,,,,,,,,
GARNIER MEN TLOC 3IN1 FOAM 100ML,8994993001323,code128,,S0004,Pcs,Pcs,Box,26730,30000,3,,,,,,,,,,,
GARNIER PURE ACTV STV GEL 50ML,8994993000036,code128,,S0004,Pcs,Pcs,Box,14850,17000,2,,,,,,,,,,,
CHIMORY  MIX BERRY 70 ML,8993200664085,code128,,S0002,Pcs,Pcs,Box,1600,3000,2,,,,,,,,,,,
CHIMORY YOGURT ORI 70 ML,8993200664078,code128,,S0002,Pcs,Pcs,Box,1600,3000,2,,,,,,,,,,,
ESSE HONEY POP,8997032821319,code128,,S0007,Pcs,Pcs,Box,19500,22000,2,,,,,,,,,,,
RESIX V ANGGREK 200M,8993417162237,code128,,S0006,Pcs,Pcs,Box,13100,16500,6,,,,,,,,,,,
RESIX V MAWAR 200M,8993417162213,code128,,S0006,Pcs,Pcs,Box,13100,16500,6,,,,,,,,,,,
RESIX V KENANGA 200M,8993417162220,code128,,S0006,Pcs,Pcs,Box,13100,16500,1,,,,,,,,,,,
ABSOLUTE YOUTH REV. 150ML,8993417054228,code128,,S0003,Pcs,Pcs,Box,39999,45500,2,,,,,,,,,,,
ABSOLUTE NAT. STING. 150ML,8993417054211,code128,,S0006,Pcs,Pcs,Box,39999,45500,12,,,,,,,,,,,
ELLIPS DRY SHP BLOSSOM 200M,8993417206221,code128,,S0003,Pcs,Pcs,Box,43200,49500,7,,,,,,,,,,,
ELLIPS DRY SHP BREEZE 200M,8993417206245,code128,,S0003,Pcs,Pcs,Box,43200,49500,6,,,,,,,,,,,
ELLIPS DRY SHP EXOTIC 200M,8993417206238,code128,,S0004,Pcs,Pcs,Box,43200,49500,4,,,,,,,,,,,
ELLIPS DRY SHP FRUIT 200M,8993417206214,code128,,S0003,Pcs,Pcs,Box,43200,49500,24,,,,,,,,,,,
OVALE FAC MASK TOMAT,8993417364952,code128,,S0004,Pcs,Pcs,Box,6249,9000,24,,,,,,,,,,,
OVALE FAC MASK AVOCADO,8993417364938,code128,,S0003,Pcs,Pcs,Box,6249,9000,24,,,,,,,,,,,
OVALE FAC MASK TEH HITAM,8993417362927,code128,,S0003,Pcs,Pcs,Box,5699,8500,60,,,,,,,,,,,
OVALE FAC MASK BENGKOANG,8993417362910,code128,,S0003,Pcs,Pcs,Box,5699,8500,12,,,,,,,,,,,
KENKO STAPLER COLOR ALAT,8998838350010,code128,,S0004,Pcs,Pcs,Box,7000,11500,12,,,,,,,,,,,
STICK ON FLAGS ,764608051542,code128,,S0009,Pcs,Pcs,Box,7000,10500,3,,,,,,,,,,,
DELI SIGN HERE ,6921734943248,code128,,S0009,Pcs,Pcs,Box,20500,28500,12,,,,,,,,,,,
SARI ROTI SANDWICH TRIPLE CHOCO,8992907953737,code128,,S0005,Pcs,Pcs,Box,4840,5500,38,,,,,,,,,,,
NAFOURA KURMA WATER 500ML,8994006003016,code128,,S0005,Pcs,Pcs,Box,5675,7500,121,,,,,,,,,,,
NAFOURA K WATER HONEY  500ML,8994318000031,code128,,S0002,Pcs,Pcs,Box,5675,7500,4,,,,,,,,,,,
NAFOURA K WATER LIME 500ML,8994318000048,code128,,S0002,Pcs,Pcs,Box,5675,7500,6,,,,,,,,,,,
ROMA WFR COCO BLAST 45G,8996001350829,code128,,S0005,Pcs,Pcs,Box,1580,3500,3,,,,,,,,,,,
HIT MAGIC S0008 FRESH 10'S,8992745130284,code128,,S0004,Pcs,Pcs,Box,1560,3000,3,,,,,,,,,,,
HIT MAGIC S0008 FLORAL 10'S,8992745130239,code128,,S0004,Pcs,Pcs,Box,1560,3000,0,,,,,,,,,,,
HIT AERS GREEN TEA 600ML,8992745705581,code128,,S0004,Pcs,Pcs,Box,33870,38000,0,,,,,,,,,,,
PARFUM 30000,PARFUM30000,code128,,S0004,Pcs,Pcs,Box,25000,30000,60,,,,,,,,,,,
PARFUM 13000,PARFUM13000,code128,,S0004,Pcs,Pcs,Box,10000,13000,10,,,,,,,,,,,
ABC SAMBAL EXTR PDS POUCH 380M,711844120532,code128,,S0005,Pcs,Pcs,Box,10456,14000,8,,,,,,,,,,,
CLING APPLE REFIL 425ML,8998866605151,code128,,S0004,Pcs,Pcs,Box,3075,6000,0,,,,,,,,,,,
TALI RAPIA BESAR,TALIRAPIA,code128,,S0004,Pcs,Pcs,Box,14000,25000,8,,,,,,,,,,,
AXE SPRAY COOL CHARGE 150M,9300830043521,code128,,S0004,Pcs,Pcs,Box,25000,35000,0,,,,,,,,,,,
PEPSODENT PG FRESH COOL 75GR,8999999534097,code128,,S0004,Pcs,Pcs,Box,2650,4500,0,,,,,,,,,,,
BOOM STRONG MINT BAG,8998685111246,code128,,S0005,Pcs,Pcs,Box,6025,7500,0,,,,,,,,,,,
BOOM  MINT 90GR,8998685111239,code128,,S0005,Pcs,Pcs,Box,6025,7500,0,,,,,,,,,,,
BOOM STRONG STIK 18GR,8998685111147,code128,,S0005,Pcs,Pcs,Box,931,2000,10,,,,,,,,,,,
CHOCO MANIA GIFT PACK 270GR,8998694120260,code128,,S0005,Pcs,Pcs,Box,10709,14000,2,,,,,,,,,,,
CHOCO MANIA PEANUT 90GR,8998694120970,code128,,S0005,Pcs,Pcs,Box,6975,9500,0,,,,,,,,,,,
CHOCO MANIA RICH CHOCOLATE 90GR,8998694120345,code128,,S0005,Pcs,Pcs,Box,7028,9500,0,,,,,,,,,,,
CHOCO MANIA COCONUT 90GR,8998694120994,code128,,S0005,Pcs,Pcs,Box,6975,9500,0,,,,,,,,,,,
CHOCO MANIA CHOCOCHIPS COOKIES 90GR,8998694120208,code128,,S0005,Pcs,Pcs,Box,7028,9500,0,,,,,,,,,,,
CHOCO MANIA CHEESALICIOUS 90GR,8998694120987,code128,,S0005,Pcs,Pcs,Box,7028,9500,0,,,,,,,,,,,
CHOCO MANIA KLG 220G,8998694010004,code128,,S0005,Pcs,Pcs,Box,14743,19500,0,,,,,,,,,,,
SNIPS SNAPS ASSORTED 285GR,8998694000005,code128,,S0005,Pcs,Pcs,Box,16813,20500,0,,,,,,,,,,,
EVER E 250 STRIP 6'S,8998667101715,code128,,S0005,Pcs,Pcs,Box,13234,16500,0,,,,,,,,,,,
EVER E 250 BOTOL 30'S,8998667101401,code128,,S0006,Pcs,Pcs,Box,60792,70500,12,,,,,,,,,,,
FROZZ MINT 15GR,8998685051306,code128,,S0005,Pcs,Pcs,Box,6435,9500,0,,,,,,,,,,,
FROZZ COOL MINT 15GR,8998685184301,code128,,S0005,Pcs,Pcs,Box,6435,9500,20,,,,,,,,,,,
FROZZ LIME 15GR,8998685056301,code128,,S0005,Pcs,Pcs,Box,6435,9500,20,,,,,,,,,,,
FROZZ EUCALYPTUS 15GR,8998685055304,code128,,S0005,Pcs,Pcs,Box,6435,9500,20,,,,,,,,,,,
FROZZ MANGGO 15GR,8998685182307,code128,,S0005,Pcs,Pcs,Box,6435,9500,20,,,,,,,,,,,
FROZZ BLACKBERRY 15GR,8998685183304,code128,,S0005,Pcs,Pcs,Box,6435,9500,0,,,,,,,,,,,
FROZZ BLUEBERRY 15GR,8998685057308,code128,,S0005,Pcs,Pcs,Box,6387,9500,0,,,,,,,,,,,
FROZZ ORANGE 15GR,8998685054307,code128,,S0005,Pcs,Pcs,Box,6435,9500,6,,,,,,,,,,,
FROZZ CHERRY 15GR,8998685053300,code128,,S0005,Pcs,Pcs,Box,6435,9500,10,,,,,,,,,,,
FROZZ BARLEY MINT 15GR,8998685052303,code128,,S0005,Pcs,Pcs,Box,6387,9500,6,,,,,,,,,,,
KONIDIN MINT 15GR,8998685161005,code128,,S0005,Pcs,Pcs,Box,2425,4000,6,,,,,,,,,,,
KONIDIN HERBAL MINT 15GR,8998685162002,code128,,S0005,Pcs,Pcs,Box,2425,4000,6,,,,,,,,,,,
KONIDIN STRONG MINT 15GR,8998685160008,code128,,S0005,Pcs,Pcs,Box,2425,4000,6,,,,,,,,,,,
NANO NOUGAT STW 4GR,8998685171004,code128,,S0005,Pcs,Pcs,Box,1989,3500,6,,,,,,,,,,,
KONICARE MINYAK TELON PLUS 60M,8998667400931,code128,,S0006,Pcs,Pcs,Box,21873,25000,6,,,,,,,,,,,
BOOM STIK MINT,8998685111130,code128,,S0005,Pcs,Pcs,Box,1390,2000,6,,,,,,,,,,,
HIT MAGIC EXPERT C LILY BAKAR,8992745705635,code128,,S0004,Pcs,Pcs,Box,3278,6000,24,,,,,,,,,,,
HIT MAGIC EXPERT F.BLOSOM BAKAR,8992745705642,code128,,S0004,Pcs,Pcs,Box,3278,6000,2,,,,,,,,,,,
ZINC SHP AD SACET 14'S,8998866107471,code128,,S0004,Pcs,Pcs,Box,2500,5000,4,,,,,,,,,,,
EMERON SHP H.FALL SACET 14'S,8998866107549,code128,,S0004,Pcs,Pcs,Box,2500,5000,4,,,,,,,,,,,
LIFEBUOY SHP AD SAC 12'S,8999999027056,code128,,S0004,Pcs,Pcs,Box,2500,5000,5,,,,,,,,,,,
REJOICE SHP RICH SAC 12'S,4902430697941,code128,,S0004,Pcs,Pcs,Box,3500,6500,5,,,,,,,,,,,
PANTENE SHP HTM PJ SAC 12'S,4902430563888,code128,,S0004,Pcs,Pcs,Box,3500,6500,5,,,,,,,,,,,
HEAD & SHOULDERS SHP SAC 12'S,4902430566896,code128,,S0004,Pcs,Pcs,Box,3500,6500,3,,,,,,,,,,,
CLEAR SHP ICE COOL SAC 12'S,8999999529833,code128,,S0004,Pcs,Pcs,Box,3500,6500,3,,,,,,,,,,,
RITZ SANDWICH CHEEESE 118GR,4893049120008,code128,,S0005,Pcs,Pcs,Box,6451,8500,3,,,,,,,,,,,
MADU TJ PANAS DALAM 150GR,8993365170018,code128,,S0005,Pcs,Pcs,Box,18800,24000,3,,,,,,,,,,,
NUVO LIQ GOLD BTL 250ML,8998866601238,code128,,S0004,Pcs,Pcs,Box,13500,17500,3,,,,,,,,,,,
NUVO LIQ MERAH BTL 250ML,8998866800068,code128,,S0004,Pcs,Pcs,Box,13500,17500,3,,,,,,,,,,,
S0008  EPAPER A4 70,EPAPER,code128,,S0009,Pcs,Pcs,Box,41000,45000,3,,,,,,,,,,,
CILOK TAYO,CILOK,code128,,S0005,Pcs,Pcs,Box,4000,5000,3,,,,,,,,,,,
MY SNACK 14500,MYSNACK14500,code128,,S0005,Pcs,Pcs,Box,12000,14500,3,,,,,,,,,,,
PARFUM BULGARI AQUA 100ML,783320911521,code128,,S0004,Pcs,Pcs,Box,70000,75500,3,,,,,,,,,,,
PARFUM BULGARI P HOME EXT. 100ML,783320822599,code128,,S0004,Pcs,Pcs,Box,70000,75500,3,,,,,,,,,,,
PARFUM KATY PERRY 100ML,3607349312534,code128,,S0004,Pcs,Pcs,Box,70000,75500,40,,,,,,,,,,,
PARFUM GUCCI GUILTY 100ML,737052777290,code128,,S0004,Pcs,Pcs,Box,70000,75500,16,,,,,,,,,,,
PARFUM GUCCI GUILTY DE TOILET 100ML,737052338262,code128,,S0004,Pcs,Pcs,Box,70000,75500,12,,,,,,,,,,,
PARFUM MARIAH CAREY 100ML,719346164658,code128,,S0004,Pcs,Pcs,Box,70000,75500,12,,,,,,,,,,,
PARFUM OLYMPEA 100ML,3349668528677,code128,,S0004,Pcs,Pcs,Box,70000,75500,0,,,,,,,,,,,
PARFUM FANTASY BRITNEY SPEARS 100ML,719346065405,code128,,S0004,Pcs,Pcs,Box,70000,75500,12,,,,,,,,,,,
PARFUM FLORA BY GUCCI 100ML,737052522487,code128,,S0004,Pcs,Pcs,Box,70000,75500,20,,,,,,,,,,,
PARFUM HUGO BOSS 100ML,8005610262000,code128,,S0004,Pcs,Pcs,Box,70000,75500,20,,,,,,,,,,,
PARFUM BULGAR JASMIN NOIR 100ML,783320822711,code128,,S0004,Pcs,Pcs,Box,70000,75500,0,,,,,,,,,,,
INDOMIE GORENG ACEH,89686043204,code128,,S0005,Pcs,Pcs,Box,2187,3500,0,,,,,,,,,,,
BENG BENG SHARE IT 10'S,8996001355978,code128,,S0005,Pcs,Pcs,Box,9350,12500,5,,,,,,,,,,,
B-FILE FC BFO 100F,8994259215051,code128,,S0009,Pcs,Pcs,Box,2083,4500,0,,,,,,,,,,,
MAP L,MAPL,code128,,S0009,Pcs,Pcs,Box,1500,3000,4,,,,,,,,,,,
CRYSTALINE 220 DUS,CC,code128,,S0002,Pack,Pack,Box,19333,30000,24,,,,,,,,,,,
VEGIE FRUIT TOMAT 300ML,8997009781202,code128,,S0005,Pcs,Pcs,Box,4620,7000,0,,,,,,,,,,,
EKONOMI CREAM 200GR,8998866601597,code128,,S0004,Pcs,Pcs,Box,550,1000,0,,,,,,,,,,,
EKONOMI CREAM LEMON 200GR,8998866601375,code128,,S0004,Pcs,Pcs,Box,550,1000,1,,,,,,,,,,,
NASI TAYO,NASI,code128,,S0005,Pcs,Pcs,Box,8000,10000,0,,,,,,,,,,,
ONDE TAYO,TATAYO,code128,,S0005,Pcs,Pcs,Box,4000,5000,24,,,,,,,,,,,
CUANGKI INSTAN MENTAH,CUANGKIMENTAH,code128,,S0005,Pcs,Pcs,Box,13000,14500,100,,,,,,,,,,,
PIE BROWNIES,PIEMPOK,code128,,S0005,Pcs,Pcs,Box,8000,10000,50,,,,,,,,,,,
CUANGKI INSTAN MATANG,CUANGKIMATANG,code128,,S0005,Pcs,Pcs,Box,14000,15500,10,,,,,,,,,,,
YUZU ISOTONIC 350ML,8997212800035,code128,,S0002,Pcs,Pcs,Box,3000,5000,0,,,,,,,,,,,
TOLAK ANGIN CAIR PACK,8998898101447,code128,,S0003,Pack,Pack,Box (12),30996,41000,6,,,,,,,,,,,
S0021 ALL Variant CUP,THAITEA,code128,,S0021,Pcs,Pcs,Box,1,15000,3,,,,,,,,,,,
NASI GORENG BESAR,NASGOR,code128,,S0005,Pcs,Pcs,Box,12750,15000,10,,,,,,,,,,,
S0022 SNACK 20000,S002220000,code128,,S0022,Pcs,Pcs,Box,15000,20000,0,,,,,,,,,,,
TARO POTATO STIK CHILI 35GR,8997032680664,code128,,S0005,Pcs,Pcs,Box,4641,6500,20,,,,,,,,,,,
PIN KEMENDES,PINKEMENDES,code128,,S0004,Pcs,Pcs,Box,25000,45000,10,,,,,,,,,,,
PIN KORPRI,PINKORPRI,code128,,S0004,Pcs,Pcs,Box,15000,25000,15,,,,,,,,,,,
DJARUM SUPER MLD 16,8991906101279,code128,,S0007,Pack,Pack,Box,15900,18500,12,,,,,,,,,,,
WAFER SELAMAT CHOCOLATE 198GR,8991001780492,code128,,S0005,Pcs,Pcs,Box,10582,14000,12,,,,,,,,,,,
PRINGLES HOT&SPICY 110GR,8886467100055,code128,,S0005,Pcs,Pcs,Box,17875,22000,12,,,,,,,,,,,
FLASDISK SANDISK 16GB,619659000431,code128,,S0004,Pcs,Pcs,Box,55000,72500,20,,,,,,,,,,,
KARET GELANG,KARET,code128,,S0004,Pcs,Pcs,Box,5500,8000,20,,,,,,,,,,,
KG SALTCHEESE 200GR,8888166321106,code128,,S0005,Pcs,Pcs,Box,7000,10000,20,,,,,,,,,,,
KG SALTCHEESE COMBO 175GR,8888166607392,code128,,S0005,Pcs,Pcs,Box,8200,12000,60,,,,,,,,,,,
KG CHOCO SHORT CAKE 225GR,8888166603240,code128,,S0005,Pcs,Pcs,Box,7499,10500,0,,,,,,,,,,,
KG SUPERCO 138GR,8888166606166,code128,,S0005,Pcs,Pcs,Box,5400,8500,10,,,,,,,,,,,
NS BUTTER COCONUT 200GR,8888166991484,code128,,S0005,Pcs,Pcs,Box,7200,10500,10,,,,,,,,,,,
NS WAFER CHOCOLATE 125GR,8888166336605,code128,,S0005,Pcs,Pcs,Box,5300,8000,10,,,,,,,,,,,
KG OZLO COOKIES 39GR,8888166609839,code128,,S0005,Pcs,Pcs,Box,1700,3000,4,,,,,,,,,,,
NS GOLDEN MALKIST CHOCO 120GR,8888166360068,code128,,S0005,Pcs,Pcs,Box,5000,7500,4,,,,,,,,,,,
GARUDA ATOM 20GR,8992775214008,code128,,S0005,Pcs,Pcs,Box,800,1500,4,,,,,,,,,,,
GARUDA KULIT 34GR,8992775110317,code128,,S0005,Pcs,Pcs,Box,1600,3500,30,,,,,,,,,,,
Bawang Goreng 13500,bawanggoreng13500,code128,,S0005,Pcs,Pcs,Box,11500,13500,3,,,,,,,,,,,
GG MOVE KRETEK 12,8998989300285,code128,,S0007,Pcs,Pcs,Box,12000,13500,3,,,,,,,,,,,
MY SNACK 16000,MYSNACK16000,code128,,S0005,Pcs,Pcs,Box,13000,16000,3,,,,,,,,,,,
VIPCO MG 2LITER,8997213380499,code128,,S0005,Pcs,Pcs,Box,23000,24500,3,,,,,,,,,,,
GULA GUNUNG MADU GMP 1KG,8997207580027,code128,,S0005,Pcs,Pcs,Box,12500,14500,0,,,,,,,,,,,
GIV BW PURE WHITE 100ML,8998866609401,code128,,S0003,Pcs,Pcs,Box,5590,8000,0,,,,,,,,,,,
GIV BW GLOWING WHITE 100ML,8998866609418,code128,,S0003,Pcs,Pcs,Box,5590,8000,20,,,,,,,,,,,
GIV BW SMOOTH WHITE 100ML,8998866609395,code128,,S0003,Pcs,Pcs,Box,5590,8000,30,,,,,,,,,,,
KRISBEE JAGUNG BKR MENTEGA 75GR,8998866201711,code128,,S0005,Pcs,Pcs,Box,4400,7500,30,,,,,,,,,,,
COLATTA CHOC SPREAD HAZELNUT 220GR,8992993523968,code128,,S0005,Pcs,Pcs,Box,25250,30500,12,,,,,,,,,,,
COLATTA CRUNCHY SPREAD 220GR,8992993525726,code128,,S0005,Pcs,Pcs,Box,25200,30500,40,,,,,,,,,,,
COLATTA CHOCHOLATE SPREAD 220GR,8992993523951,code128,,S0005,Pcs,Pcs,Box,16828,21500,10,,,,,,,,,,,
HAAN BROWNIES 230GR,8992993525719,code128,,S0005,Pcs,Pcs,Box,11125,15500,2,,,,,,,,,,,
HAAN CHOCOLATE  145GR,8992993525757,code128,,S0005,Pcs,Pcs,Box,7749,12000,3,,,,,,,,,,,
HAAN MANGGA 145GR,8992993525740,code128,,S0005,Pcs,Pcs,Box,7749,12000,5,,,,,,,,,,,
PAPAPUFF ALMOND 56GR,8997003040213,code128,,S0005,Pcs,Pcs,Box,4999,7500,10,,,,,,,,,,,
COFE GOOD CAPUCINO 18GR,8993334230750,code128,,S0002,Pcs,Pcs,Box,3000,5000,10,,,,,,,,,,,
COFE GOOD CHOCOLATE DRINK 18GR,8993334230729,code128,,S0005,Pcs,Pcs,Box,3000,5000,50,,,,,,,,,,,
CADBURY LICKABLES 20GR,8901233026510,code128,,S0005,Pcs,Pcs,Box,11119,14000,10,,,,,,,,,,,
PIE TALAS KUNANG,8997223000189,code128,,S0005,Pcs,Pcs,Box,20000,25000,4,,,,,,,,,,,
SPREY BONITA ANAK,BONITASPREYANAK,code128,,S0004,Pcs,Pcs,Box,85000,90500,4,,,,,,,,,,,
BAJU ATASAN IMANUEL,IMANUELATASAN,code128,,S0004,Pcs,Pcs,Box,110000,115500,4,,,,,,,,,,,
MANSET DALEMAN,MANSETWANITA,code128,,S0004,Pcs,Pcs,Box,30000,35500,24,,,,,,,,,,,
BERAS PANDAN WANGI BMW 5KG,BERASBMW,code128,,S0005,Pcs,Pcs,Box,82500,90000,2,,,,,,,,,,,
GOOD DAY MOCACINO SAC ,8991002103238,code128,,S0005,Pcs,Pcs,Box,10280,14000,3,,,,,,,,,,,
GULA PUTIH DJS 1KG,GULADJS,code128,,S0005,Pcs,Pcs,Box,12800,15000,6,,,,,,,,,,,
GOOD DAY CAPUCINO SAC,8991002103764,code128,,S0005,Pcs,Pcs,Box,14916,18000,6,,,,,,,,,,,
ELLIPS  HAIR MASK H.TREATMENT 20G,8993417489914,code128,,S0003,Pcs,Pcs,Box,5500,7500,10,,,,,,,,,,,
ELLIPS  HAIR MASK NUT COLOR 20G,8993417489938,code128,,S0003,Pcs,Pcs,Box,5500,7500,3,,,,,,,,,,,
ELLIPS  HAIR MASK SMOOTY SNY 20G,8993417489921,code128,,S0003,Pcs,Pcs,Box,5500,7500,4,,,,,,,,,,,
POKKA HONEY LEMON 450ML,8994985002109,code128,,S0002,Pcs,Pcs,Box,4354,6500,0,,,,,,,,,,,
KRIPIK PISANG BESAR,PISCOKBESAR,code128,,S0005,Pcs,Pcs,Box,20000,21500,6,,,,,,,,,,,
RATU MADU MURNI 100% 310GR,8995054200143,code128,,S0005,Pcs,Pcs,Box,55250,65000,1,,,,,,,,,,,
RATU MADU HUTAN 310GR,8995054200266,code128,,S0005,Pcs,Pcs,Box,63750,75000,0,,,,,,,,,,,
RATU MADU HUTAN 900GR,8995054200273,code128,,S0005,Pcs,Pcs,Box,140250,165000,20,,,,,,,,,,,
RATU MADU MURNI 100% 900GR,8995054200242,code128,,S0005,Pcs,Pcs,Box,140250,165000,20,,,,,,,,,,,
NECTARO MADU HUTAN 100% 370GR,8995054200013,code128,,S0005,Pcs,Pcs,Box,55250,65000,30,,,,,,,,,,,
ROMA MALKIST KRIM KEJU 20'S GIFT,8996001312261,code128,,S0005,Pcs,Pcs,Box,16000,19500,20,,,,,,,,,,,
BRAND'S ESSENCE OF CHICKEN 42GR,9556162112019,code128,,S0003,Pcs,Pcs,Box,71668,80000,12,,,,,,,,,,,
PIE 5000,PIEMPO,code128,,S0005,Pcs,Pcs,Box,4000,5000,10,,,,,,,,,,,
APOLLO ROKA 80PCS,9555401203419,code128,,S0005,Pcs,Pcs,Box,55000,60500,40,,,,,,,,,,,
APOLLO ROKA 15PCS,9555401204447,code128,,S0005,Pcs,Pcs,Box,18500,21000,24,,,,,,,,,,,
MANISAN,MANISAN,code128,,S0005,Pcs,Pcs,Box,10000,15000,12,,,,,,,,,,,
LAURIER PANTYLINERS,8992727001076,code128,,S0004,Pcs,Pcs,Box,6000,7500,8,,,,,,,,,,,
TREND3000,TREND3000,code128,,S0004,Pcs,Pcs,Box,1000,3000,5,,,,,,,,,,,
TREND3500,TREND3500,code128,,S0004,Pcs,Pcs,Box,1500,3500,10,,,,,,,,,,,
IKAT RAMBUT 4'S,IKATRAMBUT,code128,,S0003,Pcs,Pcs,Box,3000,4500,3,,,,,,,,,,,
PARFUM 35000,PARFUM35000,code128,,S0004,Pcs,Pcs,Box,25000,35000,3,,,,,,,,,,,
PENITI VARIANT SIZE,PENITI,code128,,S0004,Pack,Pack,Box (12),800,2000,35,,,,,,,,,,,
LEM OKE BOND 5GR,9867115688698,code128,,S0004,Pcs,Pcs,Box,1500,4000,0,,,,,,,,,,,
LASERIN 30ML,LASERIN,code128,,S0006,Pcs,Pcs,Box,5000,8000,0,,,,,,,,,,,
KRUPUK TAYO,KRUPUK,code128,,S0005,Pcs,Pcs,Box,4000,6000,10,,,,,,,,,,,
LILIN MC 10 PCS,8993576701025,code128,,S0004,Pcs,Pcs,Box,2000,5000,10,,,,,,,,,,,
CHOMP CHOMP SOUR ICE CREAM,6914253436780,code128,,S0005,Pcs,Pcs,Box,7920,10500,5,,,,,,,,,,,
CHOMP CHOMP MALLOW  CREAM,6914253439552,code128,,S0005,Pcs,Pcs,Box,7925,10500,10,,,,,,,,,,,
MASKER MOTIF 3PCS,MASKERMOTIF,code128,,S0006,Pcs,Pcs,Box,4000,6000,10,,,,,,,,,,,
HANSAPLAST FUN 8PCS,4005800045998,code128,,S0006,Pcs,Pcs,Box,3000,4000,5,,,,,,,,,,,
HANSAPLAST KAIN 10PCS,8999777026134,code128,,S0006,Pcs,Pcs,Box,4000,5000,12,,,,,,,,,,,
GOFRESH XYLYTOL PEPPERMINT 35GR,8993564101905,code128,,S0004,Pcs,Pcs,Box (24),6921,9000,6,,,,,,,,,,,
GOFRESH XYLYTOL SPEARMINT 35GR,8997009070535,code128,,S0004,Pcs,Pcs,Box (24),6292,8000,8,,,,,,,,,,,
GOFRESH XYLYTOL GRAPE 35GR,8997009070351,code128,,S0004,Pcs,Pcs,Box (24),6921,9000,6,,,,,,,,,,,
GOFRESH XYLYTOL BARLEYMINT 35GR,8997009070566,code128,,S0004,Pcs,Pcs,Box (24),6292,8000,5,,,,,,,,,,,
GOFRESH XYLYTOL STRAWBERRY 35GR,8997009070177,code128,,S0004,Pcs,Pcs,Box (24),6292,8000,0,,,,,,,,,,,
GOFRESH XYLYTOL ORANGE 35GR,8997009070047,code128,,S0004,Pcs,Pcs,Box (24),6921,9000,4,,,,,,,,,,,
FASTBITE STRAWBERRY 23GR,8997217240188,code128,,S0005,Pcs,Pcs,Box,3603,6000,3,,,,,,,,,,,
PROFFLE MENTEGA 60GR,8997217240010,code128,,S0005,Pcs,Pcs,Box,8257,10500,6,,,,,,,,,,,
PROFFLE SAPI PANGGANG 60GR,8997217240034,code128,,S0005,Pcs,Pcs,Box,7876,10000,0,,,,,,,,,,,
PROFFLE COKLAT 60GR,8997217240027,code128,,S0005,Pcs,Pcs,Box,8257,10500,6,,,,,,,,,,,
PROSANA IZISOUP MUSHROOM 20GR,8997217240249,code128,,S0005,Pcs,Pcs,Box,6530,8000,24,,,,,,,,,,,
PROSANA IZISOUP SPICY SOUR 20GR,8997217240256,code128,,S0005,Pcs,Pcs,Box,6530,8000,11,,,,,,,,,,,
REDOXON JERUK 10'S,8994591070011,code128,,S0002,Pcs,Pcs,Box,34540,40000,11,,,,,,,,,,,
KRIPIK SINGKONG BALADO,BALADO,code128,,S0005,Pcs,Pcs,Box,10000,14000,1,,,,,,,,,,,
INDOFOOD SBL EXT PDS 335ML,89686400861,code128,,S0005,Pcs,Pcs,Box,12400,16000,11,,,,,,,,,,,
CERMIN BOLAK BALIK,CERMIN,code128,,S0006,Pcs,Pcs,Box,10000,15000,11,,,,,,,,,,,
DELI STICK UP 20X5 SHEET,6921734943347,code128,,S0009,Pcs,Pcs,Box,9000,15000,1,,,,,,,,,,,
HIBER BODY WASH FLORAL 450ML,HIBER,code128,,S0004,Pcs,Pcs,Box,20000,25500,6,,,,,,,,,,,
NISSIN KALDU AYAM JEPANG 83GR,8992718853769,code128,,S0005,Pcs,Pcs,Box,4700,6500,6,,,,,,,,,,,
NISSIN RAMEN PEDAS KUAH 109GR,8992718853158,code128,,S0005,Pcs,Pcs,Box,5050,7500,10,,,,,,,,,,,
KEMEJA KRAH,JAKET,code128,,S0004,Pcs,Pcs,Box,76500,90000,0,,,,,,,,,,,
NISSIN RAMEN GORENG PEDAS 83GR,8992718853530,code128,,S0005,Pcs,Pcs,Box,5050,7500,3,,,,,,,,,,,
NISSIN PREM AYAM PDS 3X PDS 120GR,8992718853752,code128,,S0005,Pcs,Pcs,Box,7600,10500,30,,,,,,,,,,,
PEDIASURE TRIP VANILLA BOX 200GR,8886451002914,code128,,S0005,Pcs,Pcs,Box,59950,75500,32,,,,,,,,,,,
GELIGA BALSEM 20GR,8993176812022,code128,,S0003,Pcs,Pcs,Box,7906,13000,45,,,,,,,,,,,
TJING TJAU BALSEM 36GR,8995154600010,code128,,S0003,Pcs,Pcs,Box,18250,23500,24,,,,,,,,,,,
PERMEN LOLY POP,LOLYPOP,code128,,S0005,Pcs,Pcs,Box,6700,8000,24,,,,,,,,,,,
GEPREK TAYO,GEPREK,code128,,S0005,Pcs,Pcs,Box,12000,14000,0,,,,,,,,,,,
KEMEJA DS,KEMEJA110000,code128,,S0005,Pcs,Pcs,Box,105000,110000,12,,,,,,,,,,,
NANO NANO BELIMBING :),8998685023006,code128,,S0005,Pcs,Pcs,Box,1401,2500,12,,,,,,,,,,,
NANO NANO RUJAK NANAS :),8998685024003,code128,,S0005,Pcs,Pcs,Box,1313,2500,12,,,,,,,,,,,
GULA POLOS 1KG,GULAPOLOS,code128,,S0005,Pcs,Pcs,Box,11000,14000,12,,,,,,,,,,,
LIANG CHA 250ML,8991102888837,code128,,S0002,Pcs,Pcs,Box,2426,4000,12,,,,,,,,,,,
KRATINGDAENG GOLD CAN 250ML,8997028440012,code128,,S0002,Pcs,Pcs,Box,5000,9000,12,,,,,,,,,,,
Zuper Keju Malkist 120G,8996001312254,code128,,S0005,Pcs,Pcs,Box,4950,6500,8,,,,,,,,,,,
LEZZA NUGGET BALL 400GR,8997217040092,code128,,S0005,Pcs,Pcs,Box,34000,39500,2,,,,,,,,,,,
LEZZA CHICKEN STICK 400GR,8997217040122,code128,,S0005,Pcs,Pcs,Box,34000,39500,12,,,,,,,,,,,
LEZZA NUGGET S 400GR,8997217040115,code128,,S0005,Pcs,Pcs,Box,34000,39500,12,,,,,,,,,,,
LEZZA CHICKEN KARAGE 400GR,8997217040023,code128,,S0005,Pcs,Pcs,Box,40000,46500,20,,,,,,,,,,,
LEZZA CHICKEN KATSU 400GR,8997217040108,code128,,S0005,Pcs,Pcs,Box,46000,52500,12,,,,,,,,,,,
LEZZA CHICKEN POK POK 400GR,8997217040184,code128,,S0005,Pcs,Pcs,Box,40000,46500,4,,,,,,,,,,,
POMADE ROMEO 75GR,8998183606480,code128,,S0004,Pcs,Pcs,Box,30000,35000,12,,,,,,,,,,,
POMADE CLASIC 75GR,8998183606435,code128,,S0004,Pcs,Pcs,Box,30000,35000,12,,,,,,,,,,,
JAS HUJAN PLASTIK,JASHUJANPLASTIK,code128,,S0004,Pcs,Pcs,Box,8000,10000,12,,,,,,,,,,,
SNOWMAN V5 BLUE,SNOWMANBLUE,code128,,S0004,Pcs,Pcs,Box,2291,5000,4,,,,,,,,,,,
KENKO GLUE STICK 15GR,8998838110027,code128,,S0004,Pcs,Pcs,Box,3600,6000,6,,,,,,,,,,,
PRISTINE 1500ML,8999510785472,code128,,S0002,Pcs,Pcs,Box,6625,9000,0,,,,,,,,,,,
LISTERINE F. CITRUS 80ML,8992725910608,code128,,S0003,Pcs,Pcs,Box,6800,10000,5,,,,,,,,,,,
NUVO SOAP MERAH 76GR,8998866602556,code128,,S0003,Pcs,Pcs,Box,1700,3500,5,,,,,,,,,,,
NUVO SOAP KUNING 76GR,8998866602570,code128,,S0003,Pcs,Pcs,Box,1700,3500,10,,,,,,,,,,,
NUVO SOAP BIRU 76GR,8998866602549,code128,,S0004,Pcs,Pcs,Box,1700,3500,6,,,,,,,,,,,
NUVO LIQ BIRU BTL 250ML,8998866800075,code128,,S0003,Pcs,Pcs,Box,13500,17500,14,,,,,,,,,,,
NUVO LIQ HIJAU BTL 250ML,8998866800082,code128,,S0003,Pcs,Pcs,Box,13200,17500,8,,,,,,,,,,,
NUVO HANSAND NATURE 50ML,8998866610148,code128,,S0003,Pcs,Pcs,Box,3100,6000,3,,,,,,,,,,,
SIRSAK,SIRSAK,code128,,S0005,Pcs,Pcs,Box,12000,15000,3,,,,,,,,,,,
MADU MURNI 1 LITER,MADU1LITER,code128,,S0005,Pcs,Pcs,Box,170000,195000,9,,,,,,,,,,,
KRIPIK 23000,KRIPIK23000,code128,,S0005,Pcs,Pcs,Box,18000,23000,0,,,,,,,,,,,
SIRSAK DODOL,DODOLSIRSAK,code128,,S0005,Pcs,Pcs,Box,17000,19000,20,,,,,,,,,,,
TIGA SAPI SUSU KLG 500GR,8993007002967,code128,,S0005,Pcs,Pcs,Box,9580,13000,20,,,,,,,,,,,
BERAS WIDURI RAMOS 10KG,BERASWIDURI,code128,,S0005,Pcs,Pcs,Box,120000,130000,10,,,,,,,,,,,
OVALE MICELER BRIGHT 100M,8993417071126,code128,,S0004,Pcs,Pcs,Box,16199,19500,20,,,,,,,,,,,
OVALE FAC WHT PEPAYA 100M,8993417151125,code128,,S0004,Pcs,Pcs,Box,14549,17000,20,,,,,,,,,,,
KUE 28000,KUE28000,code128,,S0005,Pcs,Pcs,Box,23000,28000,24,,,,,,,,,,,
KOPI SACHET ALL VARIANT,KOPI,code128,,S0002,Sachet,Sachet,Box,1200,2000,24,,,,,,,,,,,
KG MALKIST CRACKERS 135GR,8888166989344,code128,,S0005,Pcs,Pcs,Box (24),4400,6500,15,,,,,,,,,,,
KG CREAM CRACKERS 135GR,8888166603356,code128,,S0005,Pcs,Pcs,Box,4400,6500,12,,,,,,,,,,,
KG MALKIST SEAWEED 135G,8888166607927,code128,,S0005,Pcs,Pcs,Box,5200,7500,24,,,,,,,,,,,
KG KREKERS SAYUR 135GR,8888166606265,code128,,S0005,Pcs,Pcs,Box,5200,7500,30,,,,,,,,,,,
KG MALKIST COKLAT 135G,8888166610750,code128,,S0005,Pcs,Pcs,Box,5000,7000,6,,,,,,,,,,,
ICHITAN THAI MILK TEA 310ML,8997218380074,code128,,S0002,Pcs,Pcs,Box,7000,9500,8,,,,,,,,,,,
SERENA RODEO LONG 138GR,8888166603646,code128,,S0005,Pcs,Pcs,Box,5699,8500,6,,,,,,,,,,,
NISSIN BLUEBERRY 100GR,8888166995789,code128,,S0005,Pcs,Pcs,Box,7000,9500,6,,,,,,,,,,,
DAHLIA KAMPER BALL 5'S,8886012800317,code128,,S0004,Pcs,Pcs,Box,17500,21000,6,,,,,,,,,,,
SUNRIPE 330ML,8993022574722,code128,,S0002,Pcs,Pcs,Box,1200,2000,6,,,,,,,,,,,
KWITANSI BESAR 50L,8995229002787,code128,,S0004,Pcs,Pcs,Box,4400,7000,6,,,,,,,,,,,
DETTOL HS FLORAL ESSENCE 50M,8993560027292,code128,,S0004,Pcs,Pcs,Box (24),10848,14000,12,,,,,,,,,,,
DETTOL HS REFRESH 50M,8993560027278,code128,,S0004,Pcs,Pcs,Box,10331,13500,0,,,,,,,,,,,
DETTOL BW FRESH 100ML,8993560026424,code128,,S0004,Pcs,Pcs,Box,9492,12500,10,,,,,,,,,,,
DETTOL BW COOL 100ML,8993560026417,code128,,S0004,Pcs,Pcs,Box,9492,12500,12,,,,,,,,,,,
DETTOL HANDWASH ORI 110ML,8993560027414,code128,,S0004,Pcs,Pcs,Box,7923,11000,12,,,,,,,,,,,
DETTOL HANDWASH SKINCARE 110ML,8993560027506,code128,,S0004,Pcs,Pcs,Box,7923,11000,12,,,,,,,,,,,
DETTOL HS FLORAL SENSITIVE 50M,8993560027490,code128,,S0004,Pcs,Pcs,Box,7923,11000,36,,,,,,,,,,,
DETTOL LIQ 50ML,8993560022006,code128,,S0004,Pcs,Pcs,Box,5598,8500,0,,,,,,,,,,,
LEZZA CHICKEN STRIPS 400GR,8997217040030,code128,,S0005,Pcs,Pcs,Box,34500,39500,12,,,,,,,,,,,
KEMEJA 70000,KEMEJA70000,code128,,S0004,Pcs,Pcs,Box,59500,70000,12,,,,,,,,,,,
NOODLES CUP SEAFOOD GURIH PEDAS,8992718853462,code128,,S0005,Pcs,Pcs,Box,6833,8500,3,,,,,,,,,,,
NOODLES CUP GULAI AYAM MLY,8992718853400,code128,,S0005,Pcs,Pcs,Box,6833,8500,6,,,,,,,,,,,
NOODLES CUP T YUM ASAM PDS,8992718853417,code128,,S0005,Pcs,Pcs,Box,6833,8500,1,,,,,,,,,,,
SISIR,SISIR,code128,,S0004,Pcs,Pcs,Box,1000,1500,3,,,,,,,,,,,
BATU ES,ES,code128,,S0005,Pcs,Pcs,Box,1,3000,3,,,,,,,,,,,
JAWARA SBL HOT 130M,8999999530983,code128,,S0005,Pcs,Pcs,Box,6850,9000,12,,,,,,,,,,,
JAWARA SBL EXT. HOT 130M,8999999530990,code128,,S0005,Pcs,Pcs,Box,7155,10500,10,,,,,,,,,,,
LIFEBUOY BW COOL FRESH 450M,8999999001179,code128,,S0004,Pcs,Pcs,Box,21700,25500,23,,,,,,,,,,,
MOLTO PW PINK REF 900ML,8999999401023,code128,,S0004,Pcs,Pcs,Box,10100,13500,10,,,,,,,,,,,
MOLTO PW BLUE REF 900ML,8999999400958,code128,,S0004,Pcs,Pcs,Box,9650,13500,6,,,,,,,,,,,
RINSO DETERJENT 430GR,8999999401221,code128,,S0004,Pcs,Pcs,Box,9150,13000,6,,,,,,,,,,,
CLOUSEUP WHT ATTR 100GR,8999999519957,code128,,S0004,Pcs,Pcs,Box,11100,14000,20,,,,,,,,,,,
PEPSODENT SG V EXPERT SOFT,8999999028367,code128,,S0004,Pcs,Pcs,Box,3333,5500,12,,,,,,,,,,,
TAM TAM 10000,TAMTAM10000,code128,,S0005,Pcs,Pcs,Box,8500,10000,12,,,,,,,,,,,
TAM TAM 7000,TAMTAM7000,code128,,S0005,Pcs,Pcs,Box,5500,7000,10,,,,,,,,,,,
TAM TAM 17000,TAMTAM17000,code128,,S0005,Pcs,Pcs,Box,15000,17000,10,,,,,,,,,,,
SUNRIPE DUS 600ML ,SUNRIPEDUS600ML,code128,,S0002,Pcs,Pcs,Box,60000,48000,10,,,,,,,,,,,
PINO FRUIT CUP,PINO,code128,,S0005,Pcs,Pcs,Box,1850,3500,20,,,,,,,,,,,
MILKITA LOLIPOP ASS,8997878001517,code128,,S0002,Pcs,Pcs,Box,10800,14500,20,,,,,,,,,,,
PINO ANEKA RASA 6 CUP,8997878002224,code128,,S0005,Pcs,Pcs,Box,4666,7000,20,,,,,,,,,,,
PINO SORBETTO MANGGO CUP 6'S,8997878700069,code128,,S0005,Pcs,Pcs,Box,6900,9500,20,,,,,,,,,,,
KIKO STICK 10X70ML,8997878000015,code128,,S0005,Pcs,Pcs,Box,7020,10500,0,,,,,,,,,,,
MILK KENTAL PLAIN SAC 6'S,8997878700083,code128,,S0005,Pcs,Pcs,Box,7200,9500,10,,,,,,,,,,,
MILK KENTAL COKLAT SAC 6'S,8997878700090,code128,,S0005,Pcs,Pcs,Box,7200,9500,0,,,,,,,,,,,
FRENCH FRIES PRM 68GR,8886013223207,code128,,S0005,Pcs,Pcs,Box,5185,8000,360,,,,,,,,,,,
TWISKO JGUNG BAKAR KEJU 70GR,8994834002489,code128,,S0005,Pcs,Pcs,Box,4939,7500,12,,,,,,,,,,,
O POTATO BBQ 50GR,8994834000881,code128,,S0005,Pcs,Pcs,Box,4703,7500,0,,,,,,,,,,,
O POTATO ORIGINAL 50GR,8994834001888,code128,,S0005,Pcs,Pcs,Box,4703,7500,500,,,,,,,,,,,
SMAX RING CHEESE 50GR,8993004785160,code128,,S0005,Pcs,Pcs,Box,3599,6500,2,,,,,,,,,,,
MISTER POTATO CRISPS ORI 85GR,9557062331128,code128,,S0005,Pcs,Pcs,Box,13178,17000,6,,,,,,,,,,,
MISTER POTATO BBQ 85GR,9557062331142,code128,,S0005,Pcs,Pcs,Box,13178,17000,6,,,,,,,,,,,
YUPI 500 2S,yupi,code128,,S0005,Pcs,Pcs,Box,140,500,2,,,,,,,,,,,
SENDOK BEBEK,SENDOKBEBEK,code128,,S0005,Pcs,Pcs,Box,1000,2000,6,,,,,,,,,,,
MILKITA,MILKITA,code128,,S0005,Pcs,Pcs,Box,1500,2000,15,,,,,,,,,,,
MASKER 1PC,masker1,code128,,S0004,Pcs,Pcs,Box,1000,2000,4,,,,,,,,,,,
CAKE 7000,CAKE7000,code128,,S0005,Pcs,Pcs,Box,5600,7000,4,,,,,,,,,,,
TEMPAT AQUA 16 LUBANG,TEMPATAQUA,code128,,S0004,Pcs,Pcs,Box,16000,25000,0,,,,,,,,,,,
PISAU KRAMIK MOTIF 2'S,6902031552636,code128,,S0003,Pcs,Pcs,Box,13500,19000,0,,,,,,,,,,,
PISAU SET 8'S,PISAUSET8,code128,,S0004,Pcs,Pcs,Box,61000,75000,3,,,,,,,,,,,
BANTAL LEHER,BANTALLEHER,code128,,S0004,Pcs,Pcs,Box,19500,35000,3,,,,,,,,,,,
D'PISANG,DPISANG,code128,,S0005,Pcs,Pcs,Box,25000,28000,3,,,,,,,,,,,
RENDANG ELSA 500 KG,RENDANG500GR,code128,,S0005,Pcs,Pcs,Box,112500,125000,6,,,,,,,,,,,
RENDANG ELSA 250 GRAM,RENDANG250,code128,,S0005,Pcs,Pcs,Box,58500,65000,2,,,,,,,,,,,
BELFOOD FAV CHIC NUGGETS 500GR,BELS0005CHICNUG500GR,code128,,BELS0005,Pack,Pack,Box (12),422532,422532,6,,,,,,,,,,,
BELFOOD FAV CHIC POPCORN 500GR,BELFOODCHICPOP,code128,,BELS0005,Pack,Pack,Box (12),469092,469092,10,,,,,,,,,,,
BAWANG GORENG SAJP 200GR,9554100185040,code128,,S0005,Pcs,Pcs,Box,12970,18000,6,,,,,,,,,,,
BAWANG GORENG SANGKAYA 200G,6941130319851,code128,,S0002,Pcs,Pcs,Box,11140,16500,25,,,,,,,,,,,
BAWANG GORENG SAJP 100GR,6941130319862,code128,,S0005,Pcs,Pcs,Box,5809,9000,0,,,,,,,,,,,
KAOS KAKI PTH MELODY PJG,8994096012979,code128,,S0004,Pcs,Pcs,Box,14400,20000,0,,,,,,,,,,,
CD BOXER GT MAN 1PCS,8994280132198,code128,,S0004,Pcs,Pcs,Box,41600,52000,0,,,,,,,,,,,
PAYUNG GOLT SILVER LAYAR,PAYUNGGOLF,code128,,S0004,Pcs,Pcs,Box,52000,65000,12,,,,,,,,,,,
SANDAL NEW ERA JEMPOL,SENDALNEWERAJEMPOL,code128,,S0004,Pcs,Pcs,Box,15920,19900,12,,,,,,,,,,,
SANDAL ANDO HAWAI COOL 02,ANDO,code128,,S0004,Pcs,Pcs,Box,35920,44900,6,,,,,,,,,,,
POWDER,POWDER,code128,,S0005,Pcs,Pcs,Box,1,3000,30,,,,,,,,,,,
my snack 11000,mysnack11000,code128,,S0005,Pcs,Pcs,Box,8500,11000,24,,,,,,,,,,,
MYSNACK 13500,mysnack13500,code128,,S0005,Pcs,Pcs,,9500,13500,24,,,,,,,,,,,
SNACK TRADITIONAL VARIANT ,snack18000,code128,,S0005,Pcs,Pcs,Box,15000,18000,6,,,,,,,,,,,
FASTBITE COKLAT ,8997217240225,code128,,S0005,Pcs,Pcs,Box,3603,6000,50,,,,,,,,,,,
FASTBITE KOPI,8997217240171,code128,,S0005,Pcs,Pcs,Box,3603,6000,27,,,,,,,,,,,
BETADINE ANTISEPTIK 5M,8992843103050,code128,,S0004,Pcs,Pcs,Box,4000,6500,96,,,,,,,,,,,
JOYCO TRIGONAL CLIPS,8993988065241,code128,,S0004,Pcs,Pcs,Box,1450,3500,30,,,,,,,,,,,
Country Choice Orange 250ml,8994116101176,code128,,S0002,Pcs,Pcs,Box,3958,6500,2,,,,,,,,,,,
Country Choice Manggo 250ml,8994116101183,code128,,S0002,Pcs,Pcs,Box,4166,6500,30,,,,,,,,,,,
BUKU EXPEDISI 100'S,8991389241578,code128,,S0004,Pcs,Pcs,Box,6600,12500,1,,,,,,,,,,,
GANCI 15000,GANCI15000,code128,,S0004,Pcs,Pcs,Box,12000,15000,3,,,,,,,,,,,
GANCI 18000,GANCI18000,code128,,S0004,Pcs,Pcs,Box,14400,18000,0,,,,,,,,,,,
GANCI 20000,GANCI20000,code128,,S0004,Pcs,Pcs,Box,16000,20000,0,,,,,,,,,,,
GANCI 30000,GANCI30000,code128,,S0004,Pcs,Pcs,Box,24000,30000,0,,,,,,,,,,,
JILBAB ALMIA ,JILBABALMIA,code128,,S0004,Pcs,Pcs,Box,45000,50000,10,,,,,,,,,,,
Roma Malkist Krim Tiramisu 120gr,8996001312445,code128,,S0005,Pcs,Pcs,Box,5000,7000,0,,,,,,,,,,,
JILBAB ALMIA COKLAT,JILBABCOKLAT,code128,,S0004,Pcs,Pcs,Box,45000,50000,30,,,,,,,,,,,
KERUDUNG PAS MINA,KERUDUNGPASMINA,code128,,S0004,Pcs,Pcs,Box,100000,105000,15,,,,,,,,,,,
GANCI 25000,GANCI25000,code128,,S0004,Pcs,Pcs,Box,19000,25000,10,,,,,,,,,,,
ELLIPS HAIR VITAMIN HAIR VITALITY,8993417200052,code128,,S0003,Pcs,Pcs,Box,7818,11500,12,,,,,,,,,,,
fina cookies,fina,code128,,S0005,Pcs,Pcs,Box,20000,28000,12,,,,,,,,,,,
TEH GOPEK HIJAU 80GR,8994144100059,code128,,S0002,Pcs,Pcs,Box,7000,8500,0,,,,,,,,,,,
TEH GOPEK HIJAU 80GR,8994144100080,code128,,S0002,Pcs,Pcs,Box,6000,8000,0,,,,,,,,,,,
Lotte Choco Pie Marsmallow 56gr,8990333811218,code128,,S0005,Pcs,Pcs,Box,5445,7000,0,,,,,,,,,,,
Good Day Chococino Sac,8991002103832,code128,,S0005,Pcs,Pcs,Box,10280,13500,0,,,,,,,,,,,
Good Day Carrebian Nut Sac,8991002103931,code128,,S0005,Pcs,Pcs,Box,10280,13500,14,,,,,,,,,,,
Luwak White CofS0018 Btl 240ml,8994171102101,code128,,S0002,Pcs,Pcs,Box,4950,7000,14,,,,,,,,,,,
Nissin Lemonia 130gr,8888166330306,code128,,S0005,Pack,Pack,Box,5100,7500,14,,,,,,,,,,,
Nissin Wafer Strawberry 132gr,8888166337305,code128,,S0005,Pack,Pack,Box,5300,7500,0,,,,,,,,,,,
Nissin Wafer Milk 132gr,8888166989474,code128,,S0005,Pack,Pack,Box,5750,8000,0,,,,,,,,,,,
Nissin Wafer Peanut 132gr,8888166336612,code128,,S0005,Pack,Pack,Box,5300,7500,0,,,,,,,,,,,
Nissin Wafer Classic Chocolate 72gr,8888166609334,code128,,S0005,Pack,Pack,Box,3636,6000,0,,,,,,,,,,,
ANCHOR BONEETO VANILA 125ML,9415007014447,code128,,S0002,Pcs,Pcs,Box,2600,4000,0,,,,,,,,,,,
ANCHOR BONEETO STRAWBERRY 125ML,9415007034414,code128,,S0002,Pcs,Pcs,Box,2600,4000,0,,,,,,,,,,,
ANCHOR BONEETO COKELAT 125ML,9415007014423,code128,,S0002,Pcs,Pcs,Box,2600,4000,12,,,,,,,,,,,
ANLENE ACTIFIT ORIGINAL 250GR,9415007004455,code128,,S0002,Pack,Pack,Box,27900,33000,12,,,,,,,,,,,
ANLENE ACTIFIT COKELAT 250GR,9415007009801,code128,,S0002,Pack,Pack,Box,27900,33000,12,,,,,,,,,,,
ANLENE ACTIFIT VANILA 250GR,9415007008033,code128,,S0002,Pack,Pack,Box,27900,33000,12,,,,,,,,,,,
ANLENE GOLD+ VANILA 250GR,9415007008040,code128,,S0002,Pack,Pack,Box,38000,43000,0,,,,,,,,,,,
ANLENE GOLD+ COKELAT 250GR,9415007009818,code128,,S0002,Pack,Pack,Box,38000,43000,0,,,,,,,,,,,
ANLENE GOLD+ ORIGINAL 250GR,9415007006824,code128,,S0002,Pack,Pack,Box,38000,43000,0,,,,,,,,,,,
HiLo Teen Tiramisu 200ml,749921030085,code128,,S0002,Pcs,Pcs,Box,5500,7500,2,,,,,,,,,,,
HiLo Teen Chocolate 200ml,749921006868,code128,,S0002,Pcs,Pcs,Box,5500,7500,2,,,,,,,,,,,
HiLo School Chocolate 200ml,749921030405,code128,,S0002,Pcs,Pcs,Box,5500,7500,2,,,,,,,,,,,
HiLo School Vanilla VegiBeri 200ml,749921030016,code128,,S0002,Pcs,Pcs,Box,5500,7500,3,,,,,,,,,,,
NutriSari Florida Orange Pack,749921006127,code128,,S0002,Pack,Pack,Box (10),14300,17000,0,,,,,,,,,,,
NutriSari American SweetOrange Pack,749921005953,code128,,S0002,Pack,Pack,Box (10),14300,17000,0,,,,,,,,,,,
NutriSari Jeruk Peras Pack 5's,749921010735,code128,,S0002,Pack,Pack,Box (5),7700,9000,0,,,,,,,,,,,
NutriSari W'Dank Bajigur Pack,749921010353,code128,,S0002,Pack,Pack,Box (4),8800,13000,2,,,,,,,,,,,
NutriSari W'Dank Kopi Bajigur Pack,749921010902,code128,,S0002,Pack,Pack,Box (4),9900,13000,0,,,,,,,,,,,
TROPICANA SLIM SWEET CLASSIC 62.5GR,749921001047,code128,,S0002,Pack,Pack,Box (25),20350,23500,2,,,,,,,,,,,
TROPICANA SLIM SWEET DIABETIC 50GR,749921001122,code128,,S0002,Pack,Pack,Box (25),21450,25000,3,,,,,,,,,,,
GARNIER PURE ACTIVE SCRUB 100M,8992304019562,code128,,S0003,Pcs,Pcs,Box,22550,25500,2,,,,,,,,,,,
GARNIER MEN ACNO FIGHT ACNE GEL,8994993003228,code128,,S0004,Pcs,Pcs,Box,19580,23000,3,,,,,,,,,,,
GARNIER MEN TURBOLIGHT OC FOAM 100M,8992304009167,code128,,S0004,Pcs,Pcs,Box,22550,25500,3,,,,,,,,,,,
GARNIER MEN TURBOLIGHT SCRUB100ML,8992304009204,code128,,S0004,Pcs,Pcs,Box,24640,28500,20,,,,,,,,,,,
GARNIER COLOR NATURALS CREME ,8901526538515,code128,,S0004,Pack,Pack,Box,36740,40000,0,,,,,,,,,,,
TROPICANA SLIM CLASSIC 100GR,749921000835,code128,,S0005,Pcs,Pcs,Box,25850,29000,10,,,,,,,,,,,
ANLENE ACTIFIT ORIGINAL 600GR,9415007006329,code128,,S0005,Pcs,Pcs,Box,63500,68500,10,,,,,,,,,,,
ANLENE ACTIFIT COKELAT 600GR,9415007018452,code128,,S0005,Pcs,Pcs,Box,63500,68500,3,,,,,,,,,,,
ANLENE ACTIFIT VANILA 600GR,9415007026334,code128,,S0005,Pcs,Pcs,Box,63500,68500,0,,,,,,,,,,,
ANLENE GOLD PLUS COKLAT 650G,9415007018469,code128,,S0005,Pcs,Pcs,Box,86500,92500,24,,,,,,,,,,,
LEMONILO MIE INSTAN RASA MIE GORENG,8997222130016,code128,,S0005,Pcs,Pcs,Box,6000,8500,0,,,,,,,,,,,
COKLAT KOPI ALL VARIANT,COKLAT,code128,,S0002,Pcs,Pcs,Box,2500,3000,0,,,,,,,,,,,
MY SNACK 10000,MYSNACK10000,code128,,S0005,Pcs,Pcs,Box,8500,10000,0,,,,,,,,,,,
MY SNACK 15000,MYSNACK15000,code128,,S0005,Pcs,Pcs,Box,13000,15000,0,,,,,,,,,,,
MY SNACK 27500,MYSNACK27500,code128,,S0005,Pcs,Pcs,Box,23000,27500,0,,,,,,,,,,,
ICHITAN TEH MANIS 310ML,8997218380012,code128,,S0002,Pcs,Pcs,Box,2500,4000,0,,,,,,,,,,,
BISKUAT SANDWICH CHOCHO,7622210828163,code128,,S0005,Pcs,Pcs,Box,5409,8500,24,,,,,,,,,,,
Pokka Teh Leci 450ml,8994985000273,code128,,S0002,Pcs,Pcs,Box,3749,6500,24,,,,,,,,,,,
Pokka Teh Lemon 450ml,8994985000242,code128,,S0002,Pcs,Pcs,Box,3749,6500,12,,,,,,,,,,,
Pokka Teh Vanila 450ml,8994985000280,code128,,S0002,Pcs,Pcs,Box,3749,6500,50,,,,,,,,,,,
Pokka Teh Mangga 450ml,8994985000266,code128,,S0002,Pcs,Pcs,Box,3749,6500,6,,,,,,,,,,,
Pokka Oolong Tea Less Sugar 450ml,8994985000013,code128,,S0002,Pcs,Pcs,Box,3749,6500,6,,,,,,,,,,,
SNACK KRECEK SINGKONG,FAMILY,code128,,S0005,Pcs,Pcs,Box,13000,15500,0,,,,,,,,,,,
BANDULAN TEH HIJAU,8994300101258,code128,,S0002,Pcs,Pcs,Box,1020,2000,6,,,,,,,,,,,
BANDULAN TEH MELATI,8994300101074,code128,,S0002,Pcs,Pcs,Box,1350,2000,3,,,,,,,,,,,
ROMA MALKIS KRIM KEJU 120G,8996001312278,code128,,S0005,Pcs,Pcs,Box,5000,7500,3,,,,,,,,,,,
HEXOS EXTRS MINT SAC,8998685014004,code128,,S0005,Pcs,Pcs,Box,1595,3500,3,,,,,,,,,,,
JESSCOOL EFFERVES 6'S,8998667100961,code128,,S0005,Pcs,Pcs,Box,9987,13000,10,,,,,,,,,,,
JESSCOOL LEMON TEA 6'S,8998667000896,code128,,S0005,Pcs,Pcs,Box,9987,13000,3,,,,,,,,,,,
KONICARE MINYAK KAYU PUTIH 60ML,8998667400269,code128,,S0006,Pcs,Pcs,Box,19056,22000,10,,,,,,,,,,,
KONICARE MINYAK K PUTIH PLUS 60ML,8998667401051,code128,,S0006,Pcs,Pcs,Box,21873,25500,6,,,,,,,,,,,
KECAP OJS HIJAU 275ML,8996168442184,code128,,S0005,Pcs,Pcs,Box,12166,15000,4,,,,,,,,,,,
KECAP OJS MERAH 275ML,8996168442313,code128,,S0005,Pcs,Pcs,Box,12166,15000,6,,,,,,,,,,,
KECAP OJS HIJAU 60ML,8996168442634,code128,,S0005,Pcs,Pcs,Box,2219,3500,2,,,,,,,,,,,
PAPAPUFF KEJU 56GR,8997003040282,code128,,S0005,Pcs,Pcs,Box,5000,7500,2,,,,,,,,,,,
STOCKING 14900,STOCKING14900,code128,,S0004,Pcs,Pcs,Box,12500,14900,2,,,,,,,,,,,
MI GEMEZ AYAM KCP FAM,8994834004124,code128,,S0005,Pcs,Pcs,Box,6177,9000,6,,,,,,,,,,,
PRINGLES SALT & SEAWEED 107GR,8886467100062,code128,,S0005,Pcs,Pcs,Box,17875,22000,15,,,,,,,,,,,
DIAMOND FULL CREAM 1L,8999898962533,code128,,S0002,Pcs,Pcs,Box,14900,17000,45,,,,,,,,,,,
DELMONTE EXTRA HOT 270ML,8998888710543,code128,,S0005,Pcs,Pcs,Box,6900,9500,0,,,,,,,,,,,
DELFI DAIRY MILK LOVE 155GR,8991001122063,code128,,S0005,Pcs,Pcs,Box,22200,28500,0,,,,,,,,,,,
DELFI DAIRY bukan_konsiEW LOVE 155GR,8991001122070,code128,,S0005,Pcs,Pcs,Box,22200,28500,18,,,,,,,,,,,
DELFI DAIRY ALMOND LOVE 155GR,8991001122087,code128,,S0005,Pcs,Pcs,Box,22200,28500,24,,,,,,,,,,,
MAESTRO MAYONAIS PDS 100G,8998888461810,code128,,S0005,Pcs,Pcs,Box,3900,6000,0,,,,,,,,,,,
MAESTRO MAYONAIS 25G,8998888461100,code128,,S0005,Pcs,Pcs,Box,1280,2000,3,,,,,,,,,,,
CAMPINA HULA JAGUNG 50ML,8998009972300,code128,,S0005,Pcs,Pcs,Box,3200,5000,3,,,,,,,,,,,
CAMPINA OLYMPIA CHO CRUNCH,8998009700521,code128,,S0005,Pcs,Pcs,Box,3200,6500,6,,,,,,,,,,,
CAMPINA CONCERTO MIDI COOKIE CREAMY,8998009710360,code128,,S0005,Pcs,Pcs,Box,4000,5000,6,,,,,,,,,,,
CAMPINA CON. CHO BANANA 110ML,8998009710353,code128,,S0005,Pcs,Pcs,Box,6000,7000,20,,,,,,,,,,,
BUAH MIX,BUAH12000,code128,,S0005,Pcs,Pcs,Box,10000,12000,10,,,,,,,,,,,
SARI ROTI CHEESE CAKE ORI,8992907953294,code128,,S0005,Pcs,Pcs,Box,6160,7000,0,,,,,,,,,,,
CHOMP CHOMP TWIST MALLOW,6914253436643,code128,,S0005,Pcs,Pcs,Box,7920,10000,10,,,,,,,,,,,
CHOMP CHOMP MALLOW LOVE,6914253439538,code128,,S0005,Pcs,Pcs,Box,7960,10000,50,,,,,,,,,,,
REXONA MOTIONSENSE PASSION,8999999049485,code128,,S0004,Pcs,Pcs,Box,13550,17000,0,,,,,,,,,,,
REXONA MOTIONSENSE INV ANTIBACT,8999999520175,code128,,S0004,Pcs,Pcs,Box,14900,18000,0,,,,,,,,,,,
BU ANAS 18000,BUANAS18000,code128,,S0005,Pcs,Pcs,Box,13000,18000,0,,,,,,,,,,,
BU ANAS 18000,BUANAS19500,code128,,S0005,Pcs,Pcs,Box,15000,19500,10,,,,,,,,,,,
BU ANAS 23500,BUANAS23500,code128,,S0005,Pcs,Pcs,Box,20000,23000,0,,,,,,,,,,,
PITHMAS 18500,PITHMAS18500,code128,,S0004,Pcs,Pcs,Box,15000,18500,50,,,,,,,,,,,
PERDANA XL 5000,8997272970136,code128,,S0004,Pcs,Pcs,Box,700,5000,50,,,,,,,,,,,
MISTER POTATO CHEESE 38GR,8993004787492,code128,,S0005,Pcs,Pcs,Box,4997,7000,6,,,,,,,,,,,
MISTER POTATO ORIGINAL 38GR,8993004787454,code128,,S0005,Pcs,Pcs,Box,4997,7000,6,,,,,,,,,,,
MISTER POTATO BEEF R. 38GR,8993004787461,code128,,S0005,Pcs,Pcs,Box,4997,7000,6,,,,,,,,,,,
ALBI 8000,ALBI10000,code128,,S0005,Pcs,Pcs,Box,7000,10000,6,,,,,,,,,,,
FANTA ORANGE 250ML,8992761145071,code128,,S0002,Pcs,Pcs,Box,2750,3500,6,,,,,,,,,,,
CIVA 15000,CIVA15000,code128,,S0005,Pcs,Pcs,Box,12500,15000,10,,,,,,,,,,,
CIVA 13000,CIVA13000,code128,,S0005,Pcs,Pcs,Box,10000,13000,12,,,,,,,,,,,
SASA KALDU AYAM 250G,8992736725116,code128,,S0005,Pcs,Pcs,Box,6370,8500,4,,,,,,,,,,,
SASA KALDU SAPI 250G,8992736825120,code128,,S0005,Pcs,Pcs,Box,7000,9000,2,,,,,,,,,,,
SASA SMBL ASLI SACET,8992736111179,code128,,S0005,Pcs,Pcs,Box,5869,7500,2,,,,,,,,,,,
SASA SMBL EXT. PDS SACET,8992736111070,code128,,S0005,Pcs,Pcs,Box,5929,7500,2,,,,,,,,,,,
SASA SMBL EXT. PDS 340ML,8992736113418,code128,,S0005,Pcs,Pcs,Box,11099,14000,2,,,,,,,,,,,
SALONPAS HOT,8992870410121,code128,,S0006,Pcs,Pcs,Box,6500,8500,2,,,,,,,,,,,
SASA SANTAN CAIR 200ML,8991188943543,code128,,S0005,Pcs,Pcs,Box,6615,8500,2,,,,,,,,,,,
RENGGINANG 11000,RENGGINANG11000,code128,,S0005,Pcs,Pcs,Box,7500,11000,6,,,,,,,,,,,
KIS BARLEY TOPLES 500GR,8996001336038,code128,,S0005,Pcs,Pcs,Box,17820,23000,0,,,,,,,,,,,
KIS CHERI TOPLES 500GR,8996001326237,code128,,S0005,Pcs,Pcs,Box,17820,23000,22,,,,,,,,,,,
KIS APPLE TOPLES 500GR,8996001326411,code128,,S0005,Pcs,Pcs,Box,17820,23000,0,,,,,,,,,,,
KIS CHERI TOPLES 250GR,8996001326473,code128,,S0005,Pcs,Pcs,Box,9900,13000,12,,,,,,,,,,,
KIS BARLEY TOPLES 250GR,8996001326466,code128,,S0005,Pcs,Pcs,Box,9900,13000,0,,,,,,,,,,,
KIS APPLE TOPLES 250GR,8996001326480,code128,,S0005,Pcs,Pcs,Box,9900,13000,24,,,,,,,,,,,
ASTOR TOPLES NEW,ASTOR,code128,,S0005,Pcs,Pcs,Box,15840,22000,24,,,,,,,,,,,
LA BOLD 20+KOREK PROMO,LABOLD,code128,,S0007,Pcs,Pcs,Box,20800,25000,0,,,,,,,,,,,
S0019 225000,S0019225000,code128,,S0005,Pcs,Pcs,Box,202500,225000,0,,,,,,,,,,,
NASI 17500,NASII,code128,,S0005,Pcs,Pcs,Box,14875,17500,0,,,,,,,,,,,
LARUTAN PENYEGAR CAP BADAK LYCHEE,8999988778860,code128,,S0002,Pcs,Pcs,Box,4916,7000,0,,,,,,,,,,,
TEANGIN CAP BADAK 320ML CAN,8999988000312,code128,,S0002,Pcs,Pcs,Box,4733,6500,0,,,,,,,,,,,
ANLENE CHOCO UHT,9415007043102,code128,,S0002,Pcs,Pcs,Box,4974,6500,0,,,,,,,,,,,
HiLo Chocolate Banana 200ml,749921030450,code128,,S0002,Pcs,Pcs,Box,6380,8500,0,,,,,,,,,,,
Diabetamil Sweetener 50s,749921020536,code128,,S0005,Pack,Pack,Box (50),15950,20000,0,,,,,,,,,,,
LOREAL MEX HYDRA ENERGETIC 100ML,8992304034534,code128,,S0004,Pcs,Pcs,Box,33990,38000,0,,,,,,,,,,,
LOREAL MEX CHARCOAL BRIGHT SC 100ML,8992304025518,code128,,S0004,Pcs,Pcs,Box,33990,38000,0,,,,,,,,,,,
LOREAL COLOR PROTECT 170ML,8992304010101,code128,,S0004,Pcs,Pcs,Box,27940,30000,10,,,,,,,,,,,
Good Day Vanilla Latte Sac,8991002103337,code128,,S0002,Pcs,Pcs,Box,10280,13500,0,,,,,,,,,,,
Soylicious Sweetened 300ml,8997010110015,code128,,S0002,Pcs,Pcs,Box,9100,12000,10,,,,,,,,,,,
Soylicious Unsweetened 300ml,8997010110114,code128,,S0002,Pcs,Pcs,Box,9100,12000,10,,,,,,,,,,,
Soylicious LessSweet 300ml,8997010110091,code128,,S0002,Pcs,Pcs,Box,9100,12000,2,,,,,,,,,,,
Soylicious Cappucino 300ml,8997010110039,code128,,S0002,Pcs,Pcs,Box,9100,12000,2,,,,,,,,,,,
Kentang Mustopa,mustopa,code128,,S0005,Pcs,Pcs,Box,12000,14000,40,,,,,,,,,,,
KUNYIT ASAM 15000,KUNYITASAM15000,code128,,S0002,Pcs,Pcs,Box,11000,15000,4,,,,,,,,,,,
ASEM SEGAR ,ASEMSEGAR,code128,,S0002,Pcs,Pcs,Box,12000,15000,12,,,,,,,,,,,
BIR PLETOK 13000,BIRPLETOK,code128,,S0002,Pcs,Pcs,Box,13000,17000,12,,,,,,,,,,,
MY SNACK 8500,MYSNACK8500,code128,,S0005,Pcs,Pcs,Box,6000,8500,12,,,,,,,,,,,
ANLENE  GOLD PLUS ORI 650G,9415007009146,code128,,S0005,Pcs,Pcs,Box,86500,92500,2,,,,,,,,,,,
ANLENE  GOLD PLUS VANILA 650G,9415007026341,code128,,S0005,Pcs,Pcs,Box,86500,92500,10,,,,,,,,,,,
TOPFER WFR MILK 7G,9555115901588,code128,,S0005,Pcs,Pcs,Box,425,500,10,,,,,,,,,,,
SASA TP BMB KENTUCKY 225GR,8992736925165,code128,,S0005,Pcs,Pcs,Box,5282,7500,40,,,,,,,,,,,
LARASA SAYUR ASEM 33GR,8992736233482,code128,,S0005,Pcs,Pcs,Box,1225,2500,10,,,,,,,,,,,
LARASA BMB NASI G BBQ 33GR,8992736524306,code128,,S0005,Pcs,Pcs,Box,1225,2500,12,,,,,,,,,,,
LARASA SAYUR SOP 20GR,8992736220475,code128,,S0005,Pcs,Pcs,Box,1225,2500,3,,,,,,,,,,,
DELFI bukan_konsiEW  60GR,8991001122032,code128,,S0005,Pcs,Pcs,Box,8500,14500,36,,,,,,,,,,,
DELFI DAIRY MILK  60GR,8991001122025,code128,,S0005,Pcs,Pcs,Box,10000,15000,36,,,,,,,,,,,
SAMYANG GREEN EXTRA HOT 140GR,8801073113985,code128,,S0005,Pcs,Pcs,Box,16500,19000,50,,,,,,,,,,,
RADISA BAWANG GORENG,RADISABAWANGGORENG,code128,,S0005,Pcs,Pcs,Box,20000,23000,12,,,,,,,,,,,
NISSIN LEMONIA 130GR,8888166330306,code128,,S0005,Pcs,Pcs,Box,5000,7500,6,,,,,,,,,,,
BACIL,BACIL,code128,,S0005,Pcs,Pcs,Box,3000,4000,1,,,,,,,,,,,
NESCAFE UHT LIVELY YUZU 200M,8992696520400,code128,,S0002,Pcs,Pcs,Box,3638,6000,1,,,,,,,,,,,
NESCAFE UHT COOL COCONUT 200M,8992696520387,code128,,S0002,Pcs,Pcs,Box,3638,6000,1,,,,,,,,,,,
DANDANG TEH CELUP 25'S,8994286130570,code128,,S0005,Pcs,Pcs,Box,7000,9000,1,,,,,,,,,,,
TOTAL 8+ 500ML,8990368990605,code128,,S0002,Pcs,Pcs,Box,3750,6000,1,,,,,,,,,,,
TOTAL 8+ 1000ML,8990368990612,code128,,S0002,Pcs,Pcs,Box,5833,8000,1,,,,,,,,,,,
GAMIS BSN TENAH KARET,GAMIS130000,code128,,S0004,Pcs,Pcs,Box,125000,130000,1,,,,,,,,,,,
JILBAB HIJAU TOSKA,JILBAB50000,code128,,S0004,Pcs,Pcs,Box,45000,50000,1,,,,,,,,,,,
GAMIS SOULBERY 165000,GAMISSOULBERY,code128,,S0004,Pcs,Pcs,Box,160000,165000,2,,,,,,,,,,,
ATASAN BLUES MAMS 155000,ATASANMAMS,code128,,S0004,Pcs,Pcs,Box,150000,155000,1,,,,,,,,,,,
ATASAN ALC HITAM 155000,ATASANALCHITAM,code128,,S0004,Pcs,Pcs,Box,150000,155000,1,,,,,,,,,,,
SARUNG CELANA DEWASA ,SARUNGCELANA,code128,,S0004,Pcs,Pcs,Box,150000,155000,1,,,,,,,,,,,
BUSANA MUSLIM ANAK JILDAN,BUSANAMUSLIMANAK,code128,,S0004,Pcs,Pcs,Box,150000,155000,1,,,,,,,,,,,
JILBAB ALMIA 40000,JILBABALMIA40000,code128,,S0004,Pcs,Pcs,Box,35000,40000,1,,,,,,,,,,,
JILBAB INSTANT 50000,JILBAB50000,code128,,S0004,Pcs,Pcs,Box,45000,50000,1,,,,,,,,,,,
ATASAN HITAM S&Y,ATASAN105000,code128,,S0004,Pcs,Pcs,Box,100000,105000,1,,,,,,,,,,,
ATASAN ORCHID HITAM,ATASANORCHID,code128,,S0004,Pcs,Pcs,Box,95000,100000,1,,,,,,,,,,,
ATASAN WINS COKLAT ,ATASANWINS,code128,,S0004,Pcs,Pcs,Box,80000,85000,1,,,,,,,,,,,
ATASAN WANITA ORANGE HILLARY,ATASANORANGEHILLARY,code128,,S0004,Pcs,Pcs,Box,80000,85000,32,,,,,,,,,,,
ATASAN WANITA PINK RATNASARI,ATASANRATNASARI,code128,,S0004,Pcs,Pcs,Box,45000,50000,24,,,,,,,,,,,
KAOS REGLAN ABU2,KAOSREGLAN45000,code128,,S0004,Pcs,Pcs,Box,40000,45000,36,,,,,,,,,,,
ATASAN WANITA COSMO,ATASANCOSMO,code128,,S0004,Pcs,Pcs,Box,75000,80000,12,,,,,,,,,,,
KERUDUNG SYALL BIRU NAVY,KERUDUNG50000,code128,,S0004,Pcs,Pcs,Box,45000,50000,12,,,,,,,,,,,
KERUDUNG PASMINS COKLAT,KERUDUNG45000,code128,,S0004,Pcs,Pcs,Box,40000,45000,12,,,,,,,,,,,
WALLS SANDWICH S0021 & MILK 80M,8999999538613,code128,,S0005,Pcs,Pcs,Box,4800,6500,12,,,,,,,,,,,
WALLS FEASTWICH CHO&VAN 120M,8999999535490,code128,,S0005,Pcs,Pcs,Box,7200,9500,5,,,,,,,,,,,
BRIO POTATO 104GR,8886013414155,code128,,S0005,Pcs,Pcs,Box,5748,8000,12,,,,,,,,,,,
AUTAN SACET,8998899004105,code128,,S0006,Pcs,Pcs,Box,416,1000,20,,,,,,,,,,,
LEM BESI ATRICO,8997016109068,code128,,S0004,Pcs,Pcs,Box,1416,3000,20,,,,,,,,,,,
SIKAT NAGATA CLEAN ,8998889080102,code128,,S0004,Pcs,Pcs,Box,7000,10000,1,,,,,,,,,,,
SIKAT KAYU,SIKS0009AYU8500,code128,,S0004,Pcs,Pcs,Box,5000,8500,1,,,,,,,,,,,
DUNHIL GREEN ,89981788,code128,,S0007,Pcs,Pcs,Box,27600,30000,2,,,,,,,,,,,
JAHE MERAH ASSALAAN,8997029450041,code128,,S0005,Pcs,Pcs,Box,12500,16000,3,,,,,,,,,,,
GERY SALUUT COKLAT COCONUT,8992775001783,code128,,S0005,Pcs,Pcs,Box,5500,7500,3,,,,,,,,,,,
KRIPIK TEMPE ADAM KRIUK,TEMPE7500,code128,,S0005,Pcs,Pcs,Box,5000,7500,3,,,,,,,,,,,
KRIPIK APEL SONA JAYA,KRIPIKAPEL17500,code128,,S0005,Pcs,Pcs,Box,15000,17500,3,,,,,,,,,,,
KRIPIK SALAK SONA JAYA,KRIPIKSALAK,code128,,S0005,Pcs,Pcs,Box,15000,17500,3,,,,,,,,,,,
KRIPIK NANGKA SONA JAYA,KRIPIKNANGKA17500,code128,,S0005,Pcs,Pcs,Box,15000,17500,3,,,,,,,,,,,
SOKLIN LIQ VIOLET 1L,8998866803656,code128,,S0004,Pcs,Pcs,Box,22017,27000,3,,,,,,,,,,,
SOKLIN LIQ PERFUME 1L,8998866805346,code128,,S0004,Pcs,Pcs,Box,22017,27000,12,,,,,,,,,,,
SOKLIN LIQ PINK 1L,8998866609197,code128,,S0004,Pcs,Pcs,Box,22017,27000,12,,,,,,,,,,,
SOKLIN LIQ BLUE 1L,8998866609005,code128,,S0004,Pcs,Pcs,Box,22017,27000,12,,,,,,,,,,,
SOKLIN PERFUMED 800ML,8998866805353,code128,,S0004,Pcs,Pcs,Box,14825,18500,12,,,,,,,,,,,
SOKLIN VIOLET BLOSOM 800ML,8998866803649,code128,,S0004,Pcs,Pcs,Box,14825,18500,40,,,,,,,,,,,
SOKLIN PWG PERFUMED 800ML,8998866601849,code128,,S0004,Pcs,Pcs,Box,8900,12000,12,,,,,,,,,,,
CIPTADENT SG CLASIC MEDIUM,8998866101943,code128,,S0004,Pcs,Pcs,Box,2000,4000,5,,,,,,,,,,,
CIPTADENT SG CLASIC SOFT,8998866101974,code128,,S0004,Pcs,Pcs,Box,2000,4000,15,,,,,,,,,,,
CIPTADENT PG FRESH M 75GR,8998866181068,code128,,S0004,Pcs,Pcs,Box,2800,5000,10,,,,,,,,,,,
CIPTADENT PG COOL M 75GR,8998866100144,code128,,S0004,Pcs,Pcs,Box,2800,5000,6,,,,,,,,,,,
SEDAAP MIE KARI 72GR,8998866200332,code128,,S0005,Pcs,Pcs,Box,2085,3000,12,,,,,,,,,,,
SEDAAP MI CUP AYAM BW TELUR 77G,8998866200820,code128,,S0005,Pcs,Pcs,Box,3534,6000,12,,,,,,,,,,,
MADU SUPER 300GR,MADU90000,code128,,S0005,Pcs,Pcs,Box,81000,90000,6,,,,,,,,,,,
KRIPIK TEMPE 9000,KRIPIKTEMPE9000,code128,,S0005,Pcs,Pcs,Box,7000,9000,6,,,,,,,,,,,
LA BOLD 16,8991906101422,code128,,S0007,Pcs,Pcs,Box,16800,19000,10,,,,,,,,,,,
BUKU PAPERLINE 100'S,8991389241592,code128,,S0004,Pcs,Pcs,Box,7000,12500,10,,,,,,,,,,,
LAKBAN HITAM DAIMARU 1 1/2,DAIMARU14000,code128,,S0004,Pcs,Pcs,Box,10000,14500,4,,,,,,,,,,,
POST IT 654,21200155772,code128,,S0004,Pcs,Pcs,Box,9500,11500,10,,,,,,,,,,,
DELICYO POME 250ML,8997217240317,code128,,S0002,Pcs,Pcs,Box,8257,10000,5,,,,,,,,,,,
DELICYO STW PISANG 250ML,8997217240300,code128,,S0002,Pcs,Pcs,Box,8257,10000,24,,,,,,,,,,,
PLUM KERING 500GR,PLUM90000,code128,,S0005,Pack,Pack,Box,85000,90000,2,,,,,,,,,,,
ABON SAPI BOYOLAKI 500GR,ABONBOYOLALI,code128,,S0005,Pcs,Pcs,Box,58000,63000,6,,,,,,,,,,,
BUAH ZURIYAT,ZURIYAT85000,code128,,S0005,Pcs,Pcs,Box,80000,85000,2,,,,,,,,,,,
MY SNACK 9000,SNACK9000,code128,,S0005,Pcs,Pcs,Box,6500,9000,2,,,,,,,,,,,
BERAS LAHAP LELE 5KG,8997209480561,code128,,S0005,Pcs,Pcs,Box,58880,70000,2,,,,,,,,,,,
FISHERMAN SPEARMINT,96091777,code128,,S0005,Pcs,Pcs,Box,12000,15500,3,,,,,,,,,,,
STABILO HL 2,8993988130048,code128,,S0009,Pcs,Pcs,Box,3350,6000,6,,,,,,,,,,,
STABILO HL 1,8993988130031,code128,,S0009,Pcs,Pcs,Box,3350,6000,4,,,,,,,,,,,
STABILO HL 4,8993988130062,code128,,S0009,Pcs,Pcs,Box,3350,6000,0,,,,,,,,,,,
STABILO HL 5,8993988130079,code128,,S0009,Pcs,Pcs,Box,3350,6000,0,,,,,,,,,,,
STABILO HL 3,8993988130055,code128,,S0009,Pcs,Pcs,Box,3350,6000,100,,,,,,,,,,,
BUKU AGENDA EXCLUSIVE 27500,AGENDA27500,code128,,S0009,Pcs,Pcs,Box,21000,27500,3,,,,,,,,,,,
BUKU AGENDA KIKY 30000,8995757237002,code128,,S0009,Pcs,Pcs,Box,20000,30000,4,,,,,,,,,,,
STICK ON 5150,764608051504,code128,,S0009,Pcs,Pcs,Box,9000,12500,6,,,,,,,,,,,
Sari Roti Chiffon Pandan,8992907952150,code128,,S0005,Pcs,Pcs,Box,3520,4000,12,,,,,,,,,,,
Sari Roti Chiffon Cokelat,8992907952242,code128,,S0005,Pcs,Pcs,Box,3520,4000,0,,,,,,,,,,,
PERMEN 500 2PCS,PERMEN,code128,,S0005,Pcs,Pcs,Box,1,500,0,,,,,,,,,,,
KRIPIK SINGKONG 12000 ,KRIPIK12000,code128,,S0005,Pcs,Pcs,Box,9000,12000,0,,,,,,,,,,,
KRIPIK BAWANG 12500,KRIPIKBAWANG12500,code128,,S0005,Pcs,Pcs,Box,8500,12500,0,,,,,,,,,,,
GPU 60ML,8993176110104,code128,,S0003,Pcs,Pcs,Box,15000,19000,10,,,,,,,,,,,
FORMULA SG SOFT 3'S,8991102024525,code128,,S0004,Pcs,Pcs,Box,8329,11000,10,,,,,,,,,,,
FRESTEA LOW CALORIE 500ML,8992761122515,code128,,S0002,Pcs,Pcs,Box,4441,6500,10,,,,,,,,,,,
MINI OREO VANILLA,7622300761349,code128,,S0005,Pcs,Pcs,Box,6038,9000,24,,,,,,,,,,,
ROMA WAFER CHOCO BLAST CAN,8996001350867,code128,,S0005,Pcs,Pcs,Box,21176,27000,10,,,,,,,,,,,
ZUPERRR KEJU CHEESE CAN,8996001350768,code128,,S0005,Pcs,Pcs,Box,21176,27000,10,,,,,,,,,,,
SNACK 14000,MAHMUD14000,code128,,S0005,Pcs,Pcs,Box,12500,14000,9,,,,,,,,,,,
GLICO PEJOY MATCHA 32GR,8851019210261,code128,,S0005,Pcs,Pcs,Box,6618,9000,6,,,,,,,,,,,
GLICO PEJOY COKLAT 32GR,8851019210254,code128,,S0005,Pcs,Pcs,Box,6618,9000,6,,,,,,,,,,,
ANLENE VANILA UHT 175ML,9415007043096,code128,,S0002,Pcs,Pcs,Box,4974,6500,10,,,,,,,,,,,
ENAO BTL 150ML,8999988269290,code128,,S0002,Pcs,Pcs,Box,3179,6000,6,,,,,,,,,,,
ENAO CAN SLIM  238ML,8999988269702,code128,,S0002,Pcs,Pcs,Box,4358,7000,10,,,,,,,,,,,
BALI MEDE 200GR ,BALIMEDE45000,code128,,S0005,Pcs,Pcs,Box,40000,45000,6,,,,,,,,,,,
KARUNIA BALI ASIN 75GR,8997031421190,code128,,S0005,Pcs,Pcs,Box,6750,8500,6,,,,,,,,,,,
KARUNIA BALI ORI 75GR,8997031421206,code128,,S0005,Pcs,Pcs,Box,5500,7500,0,,,,,,,,,,,
KARUNIA KORO 75GR,8997031421213,code128,,S0005,Pcs,Pcs,Box,5500,7500,25,,,,,,,,,,,
KARUNIA ASIN 225GR,8997031420032,code128,,S0005,Pcs,Pcs,Box,15500,19000,10,,,,,,,,,,,
KARUNIA bali manis 225GR,8997031420018,code128,,S0005,Pcs,Pcs,Box,15500,19000,16,,,,,,,,,,,
KARUNIA ORI KORO 180GR,8997031420056,code128,,S0005,Pcs,Pcs,Box,13500,16500,6,,,,,,,,,,,
PUTRI BALI KAPRI 250GR,8997031420629,code128,,S0005,Pcs,Pcs,Box,18500,21000,6,,,,,,,,,,,
korek gas,korek,code128,,S0004,Pcs,Pcs,Box,1,3000,20,,,,,,,,,,,
SOES 9000,SOES9000,code128,,S0005,Pcs,Pcs,Box,7000,9000,5,,,,,,,,,,,
KEMEJA XXL 125000,KEMEJAXXL125000,code128,,S0005,Pcs,Pcs,Box,112500,125000,0,,,,,,,,,,,
KEMEJA 60000,KEMEJA60000,code128,,S0004,Pcs,Pcs,Box,54000,60000,6,,,,,,,,,,,
KEMEJA PUTIH 140000,KEMEJAPUTIH140000,code128,,S0004,Pcs,Pcs,Box,126000,140000,6,,,,,,,,,,,
KEMEJA PUTIH 150000,KEMEJAPUTIH150000,code128,,S0004,Pcs,Pcs,Box,135000,150000,3,,,,,,,,,,,
TARIK JELLY 8000,TARIKJELLY,code128,,S0005,Pcs,Pcs,Box,6000,8000,12,,,,,,,,,,,
BERAS 10KG 120000,BERAS120000,code128,,S0005,Pcs,Pcs,Box,110000,120000,12,,,,,,,,,,,
BERAS 25KG ,BERAS285000,code128,,S0005,Pcs,Pcs,Box,275000,285000,12,,,,,,,,,,,
KENKO GUNTING 848,8998838060063,code128,,S0009,Pcs,Pcs,Box,9000,15000,10,,,,,,,,,,,
KENKO GUNTING 838,8998838060056,code128,,S0009,Pcs,Pcs,Box,5834,12000,10,,,,,,,,,,,
KENKO PAPER CLIP 3100,8998838080085,code128,,S0009,Pcs,Pcs,Box,3000,6000,10,,,,,,,,,,,
JOYKO CULTURE PEN ,8993988281047,code128,,S0009,Pcs,Pcs,Box,2250,5000,0,,,,,,,,,,,
JOYKO SONA PEN ,8993988281023,code128,,S0009,Pcs,Pcs,Box,2167,5000,3,,,,,,,,,,,
JOYKO ZEST PEN,8993988281221,code128,,S0009,Pcs,Pcs,Box,2083,5000,30,,,,,,,,,,,
PAPER CLIP BAZIC,6928009505057,code128,,S0009,Pcs,Pcs,Box,3500,6500,3,,,,,,,,,,,
BUKU FOLIO 100'S PAPPERLINE,8991389241585,code128,,S0009,Pcs,Pcs,Box,12000,18500,3,,,,,,,,,,,
KANEBO CHOLEX,4905489996232,code128,,S0009,Pcs,Pcs,Box,9500,18000,3,,,,,,,,,,,
CUP KOPI,CUPRTD20000,code128,,S0004,Pcs,Pcs,Box,15000,21000,0,,,,,,,,,,,
WING PORSELEN BIRU 800ML,8998866603645,code128,,S0004,Pcs,Pcs,Box,9600,13000,10,,,,,,,,,,,
HERS PROTEX M WING 10'S,8998866500135,code128,,S0004,Pcs,Pcs,Box,4290,6500,6,,,,,,,,,,,
SOKLIN PL BTL M.MINT 450M,8998866692595,code128,,S0004,Pcs,Pcs,Box,6188,9500,3,,,,,,,,,,,
SOKLIN PL BTL ICE PINE 450M,8998866692632,code128,,S0004,Pcs,Pcs,Box,6188,9500,6,,,,,,,,,,,
SOKLIN PL CITRUS LMN BTL 900M,8998866693660,code128,,S0004,Pcs,Pcs,Box,11810,16000,12,,,,,,,,,,,
RTD ENERGEN JAGUNG,RTDJAGUNG,code128,,S0002,Pcs,Pcs,,3000,5000,4,,,,,,,,,,,
MARCOPOLO ORI KING,9312412515395,code128,,S0007,Pcs,Pcs,Box,14830,17000,5,,,,,,,,,,,
SOKLIN PL M GOLD 800ML,8998866607971,code128,,S0004,Pcs,Pcs,Box,9500,13000,6,,,,,,,,,,,
KUE 13500,KUE13500,code128,,S0005,Pcs,Pcs,Box,10500,13500,6,,,,,,,,,,,
CASE 17000,DOMPET17000,code128,,S0009,Pcs,Pcs,Box,10000,17000,0,,,,,,,,,,,
CASE 14000,DOMPET14000,code128,,S0009,Pcs,Pcs,Box,9000,14000,4,,,,,,,,,,,
LAP TANGAN 24000,LAPTANGAN24000,code128,,S0004,Pcs,Pcs,Box,19000,24000,6,,,,,,,,,,,
LAP TANGAN 20000,LAPTANGAN20000,code128,,S0004,Pcs,Pcs,Box,16000,20000,0,,,,,,,,,,,
ASBAK 12000,ASBAK12000,code128,,S0004,Pcs,Pcs,Box,8500,12000,0,,,,,,,,,,,
ASBAK 6000,ASBAK6000,code128,,S0004,Pcs,Pcs,Box,3000,6000,6,,,,,,,,,,,
Nasi Ayam,nasiayam,code128,,S0005,Pcs,Pcs,Box,13600,16000,48,,,,,,,,,,,
BROWNIS 17000,BROWNIS17000,code128,,S0005,Pcs,Pcs,Box,15000,17000,6,,,,,,,,,,,
BROWNIS 15000,BROWNIS15000,code128,,S0005,Pcs,Pcs,Box,13000,15000,3,,,,,,,,,,,
MI GEMEZ SPICY CHILI 3'S,8994834004322,code128,,S0005,Pcs,Pcs,Box,6177,9000,5,,,,,,,,,,,
Esse Change Juicy,8997032821418,code128,,S0007,Pcs,Pcs,Box,23500,27000,9,,,,,,,,,,,
AYAM MERAK KOPI+GULA SAC,8998666000217,code128,,S0005,Pcs,Pcs,Box,8458,10500,0,,,,,,,,,,,
KIT KAT 2F,95502489,code128,,S0005,Pcs,Pcs,Box,3827,5500,4,,,,,,,,,,,
ZIPPO KARAKTER,ZIPPO,code128,,S0004,Pcs,Pcs,Box,28000,30000,4,,,,,,,,,,,
KERIPIK BELING,BELING20000,code128,,S0005,Pcs,Pcs,Box,20000,22000,4,,,,,,,,,,,
SOES 20000,SOES20000,code128,,S0005,Pcs,Pcs,Box,18000,20000,2,,,,,,,,,,,
MAKARONI 10000,MAKARONI10000,code128,,S0005,Pcs,Pcs,Box,7500,10000,10,,,,,,,,,,,
JUS BUAH 9000,JUS9000,code128,,S0005,Pcs,Pcs,Box,8100,9000,0,,,,,,,,,,,
DETTOL BW FRESH 450ML,8993560026806,code128,,S0004,Pcs,Pcs,Box,27000,35000,0,,,,,,,,,,,
DETTOL BW FRESH BAL 450ML,8993560026042,code128,,S0003,Pcs,Pcs,Box,27000,35000,0,,,,,,,,,,,
DETTOL BW SENSITIV 450ML,8993560026059,code128,,S0003,Pcs,Pcs,Box,27000,35000,0,,,,,,,,,,,
ESKULIN MIST COL ARIEL 125M,8993417402210,code128,,S0003,Pcs,Pcs,Box,14500,19000,0,,,,,,,,,,,
AMPLOP 90 GARDA,8993329128000,code128,,S0009,Pcs,Pcs,Box,17500,20500,0,,,,,,,,,,,
DJI SAM SOE KRETEK LIMITED EDITION,8999909000629,code128,,S0007,Pcs,Pcs,Box,15895,19000,0,,,,,,,,,,,
Fullo PACK GAUL!,8991102381550,code128,,S0005,Pack,Pack,Box,21560,25000,0,,,,,,,,,,,
MintZ Cherrymint&Grapemint 103.5gr,8991102825511,code128,,S0005,Pack,Pack,Box,10289,12500,0,,,,,,,,,,,
Chizmill White Cheese Can 350gr,8991102751001,code128,,S0005,Pack,Pack,Box,27929,31000,0,,,,,,,,,,,
NESTLE 600ML DUS,nestledus,code128,,S0002,Pack,Pack,Box (24),42000,70000,0,,,,,,,,,,,
MOMOGI BINTANG COKLAT 25G,8994075250342,code128,,S0005,Pcs,Pcs,Box,1580,2500,10,,,,,,,,,,,
MOMOGI HATI CHEESE 25G,8994075250298,code128,,S0005,Pcs,Pcs,Box,1580,2500,0,,,,,,,,,,,
MOMOGI TWIST JG BKR 25G,8994075250373,code128,,S0005,Pcs,Pcs,Box,1580,2500,12,,,,,,,,,,,
MOMOGI MINI STIK JG BKR 25G,8994075250267,code128,,S0005,Pcs,Pcs,Box,1580,2500,5,,,,,,,,,,,
CHUBA BALADO 16GR,8999178820201,code128,,S0005,Pcs,Pcs,Box,775,1500,0,,,,,,,,,,,
CHUBA KRINGKONG 16GR,8999178841602,code128,,S0005,Pcs,Pcs,Box,775,1500,3,,,,,,,,,,,
LE MINERALE 600ML DUS,LEMINERALE600,code128,,S0002,Pack,Pack,,39792,70000,2,,,,,,,,,,,
JILBAB 25000,JILBAB25000,code128,,S0004,Pcs,Pcs,Box,22500,25000,6,,,,,,,,,,,
MY SNACK 13000,MYSNACK13000,code128,,S0005,Pcs,Pcs,Box,10000,13000,6,,,,,,,,,,,
DUNHIL RED,89981757,code128,,S0004,Pcs,Pcs,Box,27600,30000,2,,,,,,,,,,,
LAMPU LED CHIYODA 9WATT,8993888261422,code128,,S0004,Pcs,Pcs,Box,30400,38000,3,,,,,,,,,,,
LAMPU INTEGRA,8995588350277,code128,,S0004,Pcs,Pcs,Box,15200,19000,5,,,,,,,,,,,
KABEL ROLL BOSS,KABELROLLBOSS,code128,,S0004,Pcs,Pcs,Box,5200,65000,103,,,,,,,,,,,
SANDAL NEW ERA MBE 5002,SANDALMBE5002,code128,,S0004,Pcs,Pcs,Box,38800,48500,2,,,,,,,,,,,
SENTER KAWACHI ,SENTERKAWACHI,code128,,S0004,Pcs,Pcs,Box,31200,39000,6,,,,,,,,,,,
JAS HUJAN 703,JASHUJAN703,code128,,S0004,Pcs,Pcs,Box,80000,100000,2,,,,,,,,,,,
SOES 18000,SOES18000,code128,,S0005,Pcs,Pcs,Box,15000,18000,2,,,,,,,,,,,
MY SNACK 18000,MYSNACK18000,code128,,S0005,Pcs,Pcs,Box,16000,18000,10,,,,,,,,,,,
MYSNACK22500,MYSNACK22500,code128,,S0005,Pcs,Pcs,,21000,22500,6,,,,,,,,,,,
SNACK7500,SNACK7500,code128,,S0005,Pcs,Pcs,Box,6500,7500,6,,,,,,,,,,,
MR SHAKE REFRESHING 100ML,8995151220594,code128,,S0004,Pcs,Pcs,Box,17920,20500,0,,,,,,,,,,,
MR SHAKE COL SOOTHING 100ML,8995151220624,code128,,S0004,Pcs,Pcs,Box,16280,19000,10,,,,,,,,,,,
PINK 20000,PINK20000,code128,,S0004,Pcs,Pcs,Box,18000,20000,0,,,,,,,,,,,
PINK 10000,PINK10000,code128,,S0005,Pcs,Pcs,Box,7500,10000,6,,,,,,,,,,,
PINK 15000,PINK15000,code128,,S0005,Pcs,Pcs,Box,13000,15000,6,,,,,,,,,,,
PINK 13000,PINK13000,code128,,S0005,Pcs,Pcs,Box,11000,13000,6,,,,,,,,,,,
PINK SAMBAL ROA,PINK35000,code128,,S0005,Pcs,Pcs,Box,33000,35000,0,,,,,,,,,,,
SARI ROTI TAWAR PANDAN MANIS,8992907952068,code128,,S0005,Pcs,Pcs,Box,11880,13500,12,,,,,,,,,,,
CAP KAKI TIGA JAMBU 320ML,8995227502029,code128,,S0002,Pcs,Pcs,Box,5083,7000,12,,,,,,,,,,,
CAP KAKI TIGA JERUK 320ML,8995227502036,code128,,S0002,Pcs,Pcs,Box,5083,7000,0,,,,,,,,,,,
CAP KAKI TIGA LECI 320ML,8995227502043,code128,,S0002,Pcs,Pcs,Box,5083,7000,0,,,,,,,,,,,
DJ JUS JELLY,DJJUS,code128,,S0002,Pcs,Pcs,Box,8000,10000,30,,,,,,,,,,,
AGREE SINGLET,SINGLET35000,code128,,S0004,Pcs,Pcs,Box,30000,35000,0,,,,,,,,,,,
HANDUK 20000,HANDUK20000,code128,,S0004,Pcs,Pcs,Box,17500,20000,12,,,,,,,,,,,
SARI ROTI TAWAR GANDUM,8992907150044,code128,,S0005,Pcs,Pcs,Box,15840,18000,0,,,,,,,,,,,
ASOY Minuman Serbuk Kedelai 200gr,8992307198080,code128,,S0005,Pack,Pack,,30000,35000,0,,,,,,,,,,,
CAMPINA TROP CHO VANILA ORG,8998009971068,code128,,S0005,Pcs,Pcs,Box,3599,6500,0,,,,,,,,,,,
CAMPINA HULA HULA DURIAN CUP 80ML,8998009700385,code128,,S0005,Pcs,Pcs,Box,4799,7000,0,,,,,,,,,,,
PANAS DALAM BIJI SELASIH ,8993058104306,code128,,S0005,Pcs,Pcs,Box,1249,2500,0,,,,,,,,,,,
Aqua 1.5LT Dus,aqua1,code128,,S0002,Pack,Pack,Box (12),46000,68000,6,,,,,,,,,,,
BALI 2500,8997031421718,code128,,S0005,Pcs,Pcs,Box,1500,2500,6,,,,,,,,,,,
BALI MEDE ORIGINAL 100G,8997031422180,code128,,S0005,Pcs,Pcs,Box,21000,24000,6,,,,,,,,,,,
BALI MEDE CRISPY 100G,8997031422197,code128,,S0005,Pcs,Pcs,Box,21000,24000,4,,,,,,,,,,,
BALI MEDE SPICY 100G,8997031422203,code128,,S0005,Pcs,Pcs,Box,21000,24000,0,,,,,,,,,,,
MEDE CRISPY 40GR,8997031422456,code128,,S0005,-,-,Box,9500,12000,0,,,,,,,,,,,
BALI MEDE ORIGINAL 40G,8997031422449,code128,,S0005,Pcs,Pcs,Box,9500,12000,0,,,,,,,,,,,
BALI MEDE SPICY 40GR,8997031422463,code128,,S0005,Pcs,Pcs,Box,9500,12000,0,,,,,,,,,,,
KURMA AJWA NABI,KURMA125000,code128,,S0005,Pcs,Pcs,Box,120000,125000,12,,,,,,,,,,,
ZEST.O Jeruk 200ml ,8993200664726,code128,,S0002,Pcs,Pcs,Box,2999,4500,12,,,,,,,,,,,
ZEST.O Mangga 200ml ,8993200664740,code128,,S0002,Pcs,Pcs,Box,2999,4500,3,,,,,,,,,,,
ZEST.O Jambu 200ml ,8993200664771,code128,,S0002,Pcs,Pcs,Box,2999,4500,12,,,,,,,,,,,
ZEST.O Apel 200ml ,8993200664733,code128,,S0002,Pcs,Pcs,Box,2999,4500,5,,,,,,,,,,,
FANTA ANGGUR 39OML,8992761002053,code128,,S0002,Pcs,Pcs,Box,3875,5000,6,,,,,,,,,,,
FANTA JERUK 39OML,8992761002046,code128,,S0002,Pcs,Pcs,Box,3875,5000,8,,,,,,,,,,,
WOODS BATUK DAHAK 100ML,8992858588415,code128,,S0006,Pcs,Pcs,Box,23677,28500,8,,,,,,,,,,,
KURMA KHALAS 250G,6291100197149,code128,,S0005,Pcs,Pcs,Box,15000,17000,1,,,,,,,,,,,
KURMA KHALAS 500GR,KURMA32500,code128,,S0005,Pcs,Pcs,Box,30000,32500,1,,,,,,,,,,,
KACANG ARAB,KACANGARAB,code128,,S0005,Pcs,Pcs,Box,9000,12000,1,,,,,,,,,,,
CADBURY B.FOREST 65GR,7622210398055,code128,,S0005,Pcs,Pcs,Box,10900,15500,1,,,,,,,,,,,
CADBURY FRUIT & NUT 65GR,7622210086693,code128,,S0005,Pcs,Pcs,Box,10900,15500,1,,,,,,,,,,,
WADIMOR SARUNG PTH,8994881003293,code128,,S0004,Pcs,Pcs,Box,75000,85000,5,,,,,,,,,,,
WADIMOR SARUNG KUNING,8994881008311,code128,,S0004,Pcs,Pcs,Box,75000,85000,5,,,,,,,,,,,
WADIMOR SARUNG MERAH,8994881008168,code128,,S0004,Pcs,Pcs,Box,75000,85000,5,,,,,,,,,,,
WADIMOR SARUNG BLUE,8994881008717,code128,,S0005,Pcs,Pcs,Box,75000,85000,2,,,,,,,,,,,
WADIMOR SARUNG MERAH BATA ,8994881008861,code128,,S0004,Pcs,Pcs,Box,75000,85000,2,,,,,,,,,,,
SARUNG ABBAS,SARUNG75000,code128,,S0004,Pcs,Pcs,Box,65000,75000,40,,,,,,,,,,,
SARUNG MANGGA PAJITEX,8994281101223,code128,,S0004,Pcs,Pcs,Box,80000,90000,40,,,,,,,,,,,
TARIK JELLY KOPI 9000,TARIKJELLYKOPI,code128,,S0002,Pcs,Pcs,Box,7000,9000,0,,,,,,,,,,,
GARNIER MICELLAR PINK 50ML,6923700909050,code128,,S0004,Pcs,Pcs,Box,12760,15000,48,,,,,,,,,,,
GARNIER MICELLAR OIL INFUSED 50ML,6902395717881,code128,,S0004,Pcs,Pcs,Box,18700,22000,0,,,,,,,,,,,
GREENFIELD COKLAT 125ML,8993351124124,code128,,S0002,Pcs,Pcs,Box,2750,4000,0,,,,,,,,,,,
GREENFIELD STW 125ML,8993351124223,code128,,S0002,Pcs,Pcs,Box,2750,4000,0,,,,,,,,,,,
GERY MALKIST GANDUM 105GR,8992775000601,code128,,S0005,Pcs,Pcs,Box,5500,7500,100,,,,,,,,,,,
KWACI REBO KARAMEL 150GR,8995108509864,code128,,S0005,Pcs,Pcs,Box,12333,17500,24,,,,,,,,,,,
FROZZ YUZU MINT15GR,8998685185308,code128,,S0005,Pcs,Pcs,Box,6435,9500,90,,,,,,,,,,,
FROZZ ANGGUR MINT 15GR,8998685186305,code128,,S0005,Pcs,Pcs,Box,6435,9500,2,,,,,,,,,,,
NANO NANO ASAM JAWA :),8998685225004,code128,,S0005,Pcs,Pcs,Box,1307,3000,2,,,,,,,,,,,
JUS NUTRISARI/TEA JUS ,JUS5000,code128,,S0023,Pcs,Pcs,Box,2000,5000,2,,,,,,,,,,,
HAPPYDENT 84GR,8990800013978,code128,,S0005,Pcs,Pcs,Box,8450,11000,0,,,,,,,,,,,
JUSDEAPIK,JUSAPIK,code128,,S0002,Pcs,Pcs,,8500,10000,12,,,,,,,,,,,
KURMA LULU 1KG,6291105660730,code128,,S0005,Pcs,Pcs,Box,75000,85000,6,,,,,,,,,,,
KURMA KHENAIZI 250GR,6291100212781,code128,,S0005,Pcs,Pcs,Box,30000,35000,12,,,,,,,,,,,
KURMA TUNEESE 500GR,6191452101194,code128,,S0005,Pcs,Pcs,Box,63000,75000,6,,,,,,,,,,,
FRISIAN FLAG COKLAT POUCH 560G,8992753004034,code128,,S0005,Pcs,Pcs,Box,14700,17000,0,,,,,,,,,,,
NEXTAR NASTAR KLG 336GR,8993175540261,code128,,S0005,Pcs,Pcs,Box,24000,31000,6,,,,,,,,,,,
SOS PL SEREH 750ML,8999908678003,code128,,S0004,Pcs,Pcs,Box,9900,15000,6,,,,,,,,,,,
KRAFT CHEDDAR 165GR,8998009080500,code128,,S0005,Pcs,Pcs,Box,17500,25000,6,,,,,,,,,,,
SOS PL APPEL 800ML,55500130207,code128,,S0004,Pcs,Pcs,Box,7500,14500,0,,,,,,,,,,,
SOS PL ORANGE 800ML,55500130221,code128,,S0003,Pcs,Pcs,Box,7500,14500,12,,,,,,,,,,,
KOPIKO COFFE CANDY CAN,8886001012721,code128,,S0005,Pcs,Pcs,Box,14850,18000,10,,,,,,,,,,,
KIS MINT CAN KLG,8996001326398,code128,,S0005,Pcs,Pcs,Box,14850,18000,10,,,,,,,,,,,
TAMARIN CAN KLG ,8996001328217,code128,,S0005,Pcs,Pcs,Box,14850,18000,12,,,,,,,,,,,
LAP TANGAN 6000,laptangan6000,code128,,S0004,Pcs,Pcs,Box,3333,6000,12,,,,,,,,,,,
ISOLASI LISTRIK UNIBEL,ISOLASI12000,code128,,S0009,Pcs,Pcs,Box,6500,12000,15,,,,,,,,,,,
BUKU TULIS CAMPUS ,8995229001568,code128,,S0009,Pcs,Pcs,Box,4450,6500,15,,,,,,,,,,,
KWITANSI BESAR PAPERLINE,8991389228210,code128,,S0009,Pcs,Pcs,Box,3500,7500,0,,,,,,,,,,,
NACHI TAPE 1/2,8997777020213,code128,,S0009,Pcs,Pcs,Box,2500,5000,0,,,,,,,,,,,
ISOLASI NACHI 1 BENING,8997777020237,code128,,S0009,Pcs,Pcs,Box,5000,9000,0,,,,,,,,,,,
BANTEX 1465V 01BLUE,8992238013483,code128,,S0009,Pcs,Pcs,Box,27666,35000,20,,,,,,,,,,,
BANTEX 1465V 01 BLACK,8992238013544,code128,,S0009,Pcs,Pcs,Box,27666,35000,6,,,,,,,,,,,
TELAROS BARBEQUE 25GR,8997014021775,code128,,S0005,Pcs,Pcs,Box,1745,3000,6,,,,,,,,,,,
TELAROS BALADO 25GR,8997014021768,code128,,S0005,Pcs,Pcs,Box,1745,3000,6,,,,,,,,,,,
TELAROS BWG GURIH 25GR,8997014021751,code128,,S0005,Pcs,Pcs,Box,1745,3000,3,,,,,,,,,,,
LEMONILO MIE INSTAN RASA KARI AYAM,8997222130207,code128,,S0005,Pcs,Pcs,Box,6000,8500,3,,,,,,,,,,,
CAMAY SOAP CLASSIC,8999999058371,code128,,S0004,Pcs,Pcs,Box,4840,6500,3,,,,,,,,,,,
CAMAY SOAP CHIC,8999999058388,code128,,S0004,Pcs,Pcs,Box,4840,6500,6,,,,,,,,,,,
CAMAY SOAP NATUREL,8999999058395,code128,,S0004,Pcs,Pcs,Box,4840,6500,3,,,,,,,,,,,
ST.IVES FRESH SKIN APRICOT SCRUB,77043103609,code128,,S0004,Pcs,Pcs,Box,53820,58000,12,,,,,,,,,,,
ST.IVES RADIANT SKIN PINK SCRUB,77043357644,code128,,S0004,Pcs,Pcs,Box,53820,58000,12,,,,,,,,,,,
ST.IVES ENERGIZING COFS0018 SCRUB,77043000168,code128,,S0004,Pcs,Pcs,Box,53820,58000,10,,,,,,,,,,,
FORMULA SG COMPORT CLEAN,8991102023078,code128,,S0005,Pcs,Pcs,Box,8820,12000,10,,,,,,,,,,,
FORMULA PG CHARCOAL 160GR,8991102100106,code128,,S0004,Pcs,Pcs,Box,12739,16000,0,,,,,,,,,,,
FORMULA ACTION PRO 75GR,8991102100809,code128,,S0004,Pcs,Pcs,Box,3184,5500,12,,,,,,,,,,,
FORMULA PG STRONG PR 65GR,8991102101813,code128,,S0004,Pcs,Pcs,Box,3331,6000,0,,,,,,,,,,,
RAVE ULTIMATE 5 BLADES,8991102888608,code128,,S0004,Pcs,Pcs,Box,19109,35000,5,,,,,,,,,,,
KURMA VALEY CUP,KURMACUP,code128,,S0005,Pcs,Pcs,Box,13000,15000,11,,,,,,,,,,,
CNI GINGSENG COFFE 20's,8994474000036,code128,,S0002,Pack,Pack,Box,95000,110000,10,,,,,,,,,,,
THAITEA BOTOL DE APIK,THAITEABTL,code128,,S0002,Pcs,Pcs,Box,1,10000,48,,,,,,,,,,,
UBI UNGU KLETIKAN,KLETIKAN,code128,,S0005,Pcs,Pcs,Box,7500,10000,24,,,,,,,,,,,
PINK 12000,pink12000,code128,,S0005,-,-,Box,10000,12000,0,,,,,,,,,,,
KERIPIK PANGSIT 13000,pangsit13000,code128,,S0005,Pcs,Pcs,Box,11000,13000,5,,,,,,,,,,,
KWITANSI KECIL PAPERLINE,8991389228234,code128,,S0009,Pcs,Pcs,Box,1750,3500,3,,,,,,,,,,,
WALLS BABY SHARK LOLLY,8999999536442,code128,,S0005,Pcs,Pcs,Box,2400,4000,3,,,,,,,,,,,
WALLS MINION 60GR,8999999535513,code128,,S0005,Pcs,Pcs,Box,4000,6000,3,,,,,,,,,,,
MAP DIAMOND DUS 50'S,DIAMONDDUS,code128,,S0004,Pack,Pack,Box,72000,125000,3,,,,,,,,,,,
MY SNACK 17000,MYSNACK17000,code128,,S0005,Pcs,Pcs,Box,15000,17000,24,,,,,,,,,,,
GARNIER WHITE SPEED 50ML,8991380700593,code128,,S0003,Pcs,Pcs,Box,15180,17000,24,,,,,,,,,,,
GARNIER LIGHT COMP SPR FOAM 50M,8992304081606,code128,,S0004,Pcs,Pcs,Box,15180,17000,12,,,,,,,,,,,
GARNIER SPF 19 20ML,8994993002429,code128,,S0004,Pcs,Pcs,Box,20020,24500,24,,,,,,,,,,,
GARNIER NIGHT YOGURT 20ML,8992304094767,code128,,S0004,Pcs,Pcs,Box,23760,27000,24,,,,,,,,,,,
LARUTAN PENYEGAR KLG APEL 320ML,8999988888804,code128,,S0002,Pcs,Pcs,Box,5225,7500,24,,,,,,,,,,,
LASEGAR BOTOL 200ML,8999988778983,code128,,S0002,Pcs,Pcs,Box,2743,4500,24,,,,,,,,,,,
LASEGAR BOTOL 500ML,8999988778976,code128,,S0002,Pcs,Pcs,Box,5595,7500,24,,,,,,,,,,,
LASEGAR JERUK NIPIS KLG 320ML,8999988778877,code128,,S0002,Pcs,Pcs,Box,4916,7000,10,,,,,,,,,,,
LASEGAR STW KLG 320ML,8999988778822,code128,,S0002,Pcs,Pcs,Box,4916,7000,10,,,,,,,,,,,
LASEGAR MELON KLG 320M,8999988778839,code128,,S0002,Pcs,Pcs,Box,4916,7000,10,,,,,,,,,,,
LASEGAR JAMBU KLG 320ML,8999988778846,code128,,S0002,Pcs,Pcs,Box,4916,7000,1,,,,,,,,,,,
LASEGAR JERUK KLG 320ML,8999988778815,code128,,S0002,Pcs,Pcs,Box,4916,7000,1,,,,,,,,,,,
GLICO PRETZ CORN 31GR,8851019230214,code128,,S0005,Pcs,Pcs,Box,5289,7000,2,,,,,,,,,,,
ANLENE SACHET VANILA 25GR,9415007040026,code128,,S0002,Pcs,Pcs,Box,2399,3500,2,,,,,,,,,,,
ANLENE SACHET COKLAT 25GR,9415007040019,code128,,S0005,Pcs,Pcs,Box,2399,3500,2,,,,,,,,,,,
ANMUM 3+ VANILA 340GR,9415007025542,code128,,S0005,Pcs,Pcs,Box,89999,95500,0,,,,,,,,,,,
ANMUM MATERNA HAMIL STW 200GR,9415007045526,code128,,S0005,Pcs,Pcs,Box,42000,47500,20,,,,,,,,,,,
BONEETO VANILA 350GR,9415007006473,code128,,S0005,Pcs,Pcs,Box,38100,43500,5,,,,,,,,,,,
BONEETO COKLAT 700GR,9415007007296,code128,,S0005,-,-,Box,67999,73500,10,,,,,,,,,,,
BONEETO COKLAT 350GR,9415007003588,code128,,S0005,Pcs,Pcs,Box,38100,43500,10,,,,,,,,,,,
MALLOW MAWAR,6914253439576,code128,,S0005,Pcs,Pcs,Box,7920,10500,10,,,,,,,,,,,
JARUM PENTUL,JARUMPENTUL,code128,,S0004,Pcs,Pcs,Box,1000,2000,0,,,,,,,,,,,
PINK 22500,PINK22500,code128,,S0005,Pcs,Pcs,Box,20000,22500,4,,,,,,,,,,,
PINK 12500,PINK12500,code128,,S0005,Pcs,Pcs,Box,10000,12500,3,,,,,,,,,,,
PINK 10500,PINK10500,code128,,S0005,Pcs,Pcs,Box,8000,10500,1,,,,,,,,,,,
PINK 8000,PINK8000,code128,,S0005,Pcs,Pcs,Box,6500,8000,1,,,,,,,,,,,
FORMULA TB NANO CHARCOAL,8991102024730,code128,,S0004,Pcs,Pcs,Box,10000,15000,12,,,,,,,,,,,
KRIPIK PISANG 17000,KRIPIKPISANG17000,code128,,S0005,Pcs,Pcs,Box,14000,17000,12,,,,,,,,,,,
TAS 100000,TAS100000,code128,,S0004,Pcs,Pcs,Box,75000,100000,6,,,,,,,,,,,
TAS 125000,TAS125000,code128,,S0004,Pcs,Pcs,Box,100000,125000,0,,,,,,,,,,,
KURMA COKLAT ,KURMACOKLAT,code128,,S0005,Pcs,Pcs,Box,40000,43000,13,,,,,,,,,,,
FULLO VANILA 36GR,8991102386623,code128,,S0005,Pcs,Pcs,Box,1,4000,4,,,,,,,,,,,
FULLO VANILA COKLAT 36GR,8991102386609,code128,,S0005,Pcs,Pcs,Box,1,4000,4,,,,,,,,,,,
FORMULA PG HERBAL 190GR,8991102104081,code128,,S0005,Pcs,Pcs,Box,10780,14000,4,,,,,,,,,,,
ASTOR SINGLES PACK,8996001356760,code128,,S0005,Pack,Pack,Box (12),16000,20000,0,,,,,,,,,,,
KOKO 60000,KOKO60000,code128,,S0004,Pcs,Pcs,Box,51000,60000,1,,,,,,,,,,,
CITRA H&B GOLDEN WHT 120GR ,8999999528812,code128,,S0004,Pcs,Pcs,Box,9400,12500,1,,,,,,,,,,,
CITRA H&B NAT GLOWING120GR,8999999528935,code128,,S0004,Pcs,Pcs,Box,9400,12500,1,,,,,,,,,,,
CITRA H&B PEARLY WHITE120GR,8999999528942,code128,,S0004,Pcs,Pcs,Box,9400,12500,20,,,,,,,,,,,
CITRA H&B SAKURA FAIR UV 120GR,8999999528829,code128,,S0004,Pcs,Pcs,Box,9400,13000,0,,,,,,,,,,,
STELLA MATIC PARFUM HITAM,8992745705413,code128,,S0004,Pcs,Pcs,Box,63200,75000,0,,,,,,,,,,,
STELLA MATIC PARFUM PUTIH,8992745705413,code128,,S0004,Pcs,Pcs,Box,63200,75000,6,,,,,,,,,,,
STELLA MATIC PARFUM MERAH,8992745705413,code128,,S0004,Pcs,Pcs,Box,63200,75000,6,,,,,,,,,,,
BISKUAT COKLAT 140GR,8992716109561,code128,,S0005,Pcs,Pcs,Box,6438,8500,0,,,,,,,,,,,
PINK 18000,pink17500,code128,,S0005,Pcs,Pcs,Box,16000,18000,1,,,,,,,,,,,
Garuda Rosta Wagyu Beef,8992775001561,code128,,S0005,Pcs,Pcs,Box,1600,3000,3,,,,,,,,,,,
RENOVIT GOLD MULTIVITAMIN 4',8998667101760,code128,,S0006,Pcs,Pcs,Box,10868,13500,1,,,,,,,,,,,
RENOVIT  MULTIVITAMIN 4 KAPLET,8998667101395,code128,,S0006,Pcs,Pcs,Box,9438,12000,5,,,,,,,,,,,
choki choki pack,8996001370063,code128,,S0005,Pcs,Pcs,Box,16000,18000,3,,,,,,,,,,,
EVER E 250 STRIP 12'S,8998667000810,code128,,S0006,Pcs,Pcs,Box,25245,29000,3,,,,,,,,,,,
ANAKONIDIN HERBAL 30ML,8998667300705,code128,,S0006,Pcs,Pcs,Box,6534,10500,8,,,,,,,,,,,
MADU SARI KURMA TJ 250ML,8993365600102,code128,,S0006,Pcs,Pcs,Box,16900,22000,0,,,,,,,,,,,
MADURASA MURNI 150GR,8993014730839,code128,,S0006,Pcs,Pcs,Box,17500,23000,0,,,,,,,,,,,
ELLIPS  HAIR MASK VOLUME M 20G,8993417489945,code128,,S0003,Pcs,Pcs,Box,5000,7500,0,,,,,,,,,,,
ESKULIN GEL SPC DAY DREAM 100M,8993417112270,code128,,S0003,Pcs,Pcs,Box,11681,15000,0,,,,,,,,,,,
CHOCO MANIA CORN 90GR,8998694121014,code128,,S0005,Pcs,Pcs,Box,6975,9500,0,,,,,,,,,,,
NANO NANO SALSA JERUK NIPIS 130GR,8998685025376,code128,,S0005,Pack,Pack,Box,4712,7000,0,,,,,,,,,,,
NANO NANO SALSA MINT 130GR,8998685025178,code128,,S0005,Pack,Pack,Box,4721,7000,0,,,,,,,,,,,
NANO NANO SALSA JERUK 130GR,8998685025277,code128,,S0005,Pack,Pack,Box,4721,7000,0,,,,,,,,,,,
NANO NANO SALSA MANGGA 130GR,8998685025475,code128,,S0005,Pack,Pack,Box,4721,7000,6,,,,,,,,,,,
NANO NANO SALSA STROBERI 130GR,8998685025574,code128,,S0005,Pack,Pack,Box,4721,7000,6,,,,,,,,,,,
Pokka Green Tea 450ml,8994985000006,code128,,S0002,Pcs,Pcs,Box,3745,6500,30,,,,,,,,,,,
CLEAR SHAMPOO COMP SOFTCARE 80ML,8999999529550,code128,,S0005,Pcs,Pcs,Box,9100,12500,30,,,,,,,,,,,
CLEAR SHAMPOO SUPERFRESH APPLE 80ML,8999999529918,code128,,S0005,Pcs,Pcs,Box,10010,12500,0,,,,,,,,,,,
CLEAR SHAMPOO ICE COOL MENTHOL 80ML,8999999529673,code128,,S0005,Pcs,Pcs,Box,9100,12500,0,,,,,,,,,,,
SELAMAT WFR SAND COK 200GR,8991001770455,code128,,S0005,Pcs,Pcs,Box,18000,21500,12,,,,,,,,,,,
PIATTOS SMBL MATAH,8996196004651,code128,,S0005,Pcs,Pcs,Box,6980,10000,3,,,,,,,,,,,
PIATTOS SMBL GEPREK,8996196004705,code128,,S0005,Pcs,Pcs,Box,6980,10000,4,,,,,,,,,,,
MILKY KNOTS,8996196303952,code128,,S0005,Pcs,Pcs,Box,5109,7500,0,,,,,,,,,,,
N&N MIXED BERRY ,8996196244255,code128,,S0005,Pcs,Pcs,Box,4306,7500,0,,,,,,,,,,,
N&N CHOCHO ALMOND,8996196244200,code128,,S0005,Pcs,Pcs,Box,4306,7000,0,,,,,,,,,,,
KURMA KHALAS 1KG,6291100212866,code128,,S0005,Pcs,Pcs,Box,79000,89500,0,,,,,,,,,,,
KURMA KHENAIZI 1KG,6291100213122,code128,,S0005,Pcs,Pcs,Box,79000,89500,0,,,,,,,,,,,
CIMORY YOGOOD C+100 ORANGE 250ML,8993200664986,code128,,S0002,Pcs,Pcs,Box,6350,8000,10,,,,,,,,,,,
RTD MIGELAS,MIGELAS,code128,,S0005,Pcs,Pcs,Box,2000,4000,25,,,,,,,,,,,
CIMORY YOGOOD C+100 PLAIN 250ML,8993200664979,code128,,S0002,Pcs,Pcs,Box,6350,8000,8,,,,,,,,,,,
CIMORY YOGOOD C+100 LEMON 250ML,8993200664993,code128,,S0002,Pcs,Pcs,Box,6350,8000,12,,,,,,,,,,,
CIMORY YOGOOD C+100 STROBERRY 250ML,8993200665006,code128,,S0002,Pcs,Pcs,Box,63500,8000,12,,,,,,,,,,,
GUNTING KUKU SEDANG,gks,code128,,S0004,Pcs,Pcs,Box,5000,7000,0,,,,,,,,,,,
GUNTING KUKU BESAR,gkb,code128,,S0004,Pcs,Pcs,Box,8000,13500,6,,,,,,,,,,,
KRAFT CHEDDAR 30GR,7622300065201,code128,,S0005,Pcs,Pcs,Box,4250,6000,6,,,,,,,,,,,
NUTRIJEL ANGGUR ,8992933218114,code128,,S0005,Pcs,Pcs,Box,3666,5500,0,,,,,,,,,,,
NUTRIJEL COCONUT,8992933243116,code128,,S0005,Pcs,Pcs,Box,3666,5500,0,,,,,,,,,,,
FORMULA MOUTHWASH COOL&FRESH 250ML,8991102101233,code128,,S0003,Pcs,Pcs,Box,13719,16500,0,,,,,,,,,,,
TANGO CHEESE LONG WAFER 130GR,8991102320184,code128,,S0005,Pcs,Pcs,Box,5487,7500,0,,,,,,,,,,,
IMBOOST SYRUP 60ML,8998777142417,code128,,S0003,Pcs,Pcs,Box,34320,38000,0,,,,,,,,,,,
OVALE LLR BALI HONEY,8993417282225,code128,,S0004,Pcs,Pcs,Box,15099,19500,0,,,,,,,,,,,
OVALE LLR BALI COFS0018,8993417282232,code128,,S0004,Pcs,Pcs,Box,15099,19500,0,,,,,,,,,,,
OVALE LLR BALI BOREH,8993417282218,code128,,S0004,Pcs,Pcs,Box,15099,19500,12,,,,,,,,,,,
ELLIPS SILKY BLACK 50'S,8993417200441,code128,,S0004,Pcs,Pcs,Box,65199,70500,12,,,,,,,,,,,
ELLIPS SILKY BLACK 50'S,8993417200489,code128,,S0004,Pcs,Pcs,Box,65199,70500,6,,,,,,,,,,,
ELLIPS SILKY&SMOOTH 50'S,8993417200472,code128,,S0004,Pcs,Pcs,Box,65199,70500,6,,,,,,,,,,,
ELLIPS NUTRI COLOR 50'S,8993417200434,code128,,S0004,Pcs,Pcs,Box,65199,70500,3,,,,,,,,,,,
ABC SYRUP MELON 485ML,711844154568,code128,,S0005,Pcs,Pcs,Box,14500,18500,5,,,,,,,,,,,
ABC SYRUP COCOPANDAN 485ML,711844154506,code128,,S0005,Pcs,Pcs,Box,14500,18500,4,,,,,,,,,,,
RINSO MOLTO DET 770GR,8999999045265,code128,,S0004,Pcs,Pcs,,16900,19500,2,,,,,,,,,,,
BIORE CHER CHOCOBERRY 450ML,8992727006071,code128,,S0004,Pcs,Pcs,Box,17500,26500,6,,,,,,,,,,,
H&S SHP MENTOL 300ML,4902430411776,code128,,S0004,Pcs,Pcs,Box,38924,44000,15,,,,,,,,,,,
H&S SHP LEMON SEGAR 300ML,4902430553643,code128,,S0004,Pcs,Pcs,Box,25900,31000,15,,,,,,,,,,,
SUNSILK SHP BLACK SHINE 340M,8999999048198,code128,,S0004,Pcs,Pcs,Box,25900,31000,30,,,,,,,,,,,
SUNSILK SHP SOFT&SMOOT 340M,8999999048273,code128,,S0004,Pcs,Pcs,Box,25900,31000,6,,,,,,,,,,,
WOODS COUGH SYR DAHAK 60ML,8992858589115,code128,,S0006,Pcs,Pcs,Box,14553,17500,12,,,,,,,,,,,
WOODS PERMEN CHERY,8992858687408,code128,,S0005,Pcs,Pcs,Box,3865,6000,6,,,,,,,,,,,
WOODS PERMEN ORG,8992858687507,code128,,S0005,Pcs,Pcs,Box,3865,6000,0,,,,,,,,,,,
MD SERENA EGGROLL 60GR,8888166993433,code128,,S0005,Pcs,Pcs,Box,6000,8500,0,,,,,,,,,,,
MD BUTTER COKIES 90GR,8888166993167,code128,,S0005,Pcs,Pcs,Box,7700,10500,0,,,,,,,,,,,
KHONG GUAN CLASSIC 350GR,8888166607132,code128,,S0005,Pcs,Pcs,Box,15299,19000,0,,,,,,,,,,,
YUPI CANDIS TOPLES,8992741952262,code128,,S0005,Pcs,Pcs,Box,23000,27000,0,,,,,,,,,,,
SNIPS SNAPS CAPPUCCINO 115GR,8998694110827,code128,,S0005,Pcs,Pcs,Box,9572,12500,0,,,,,,,,,,,
SNIPS SNAPS CHOCOLATE 115GR,8998694110810,code128,,S0005,Pcs,Pcs,Box,9572,12500,20,,,,,,,,,,,
SNIPS SNAPS CHEESE 98GR,8998694110803,code128,,S0005,Pcs,Pcs,Box,9572,12500,3,,,,,,,,,,,
SNIPS SNAPS CRACKERS 100GR,8998694110797,code128,,S0005,Pcs,Pcs,Box,6715,10000,2,,,,,,,,,,,
NANO NANO SALSA ANEKA RASA GP 130GR,8998685178218,code128,,S0005,Pcs,Pcs,Box,8971,11500,3,,,,,,,,,,,
TINI WINI BITI SPECIAL PACK 96GR,8998694110780,code128,,S0005,Pcs,Pcs,Box,12046,15000,2,,,,,,,,,,,
MENTOS CHEW 10'S STIK,8935001724339,code128,,S0005,Pcs,Pcs,Box,3250,5000,2,,,,,,,,,,,
KUE 95000,PAKET95000,code128,,S0005,Pcs,Pcs,Box,90000,95000,12,,,,,,,,,,,
KUE 73000,PAKET73000,code128,,S0005,Pcs,Pcs,Box,68000,73000,0,,,,,,,,,,,
KUE 67000,PAKET67000,code128,,S0005,Pcs,Pcs,Box,62000,67000,0,,,,,,,,,,,
KUE 70000,PAKET70000,code128,,S0005,Pcs,Pcs,Box,65000,70000,0,,,,,,,,,,,
KUE 62000,PAKET62000,code128,,S0005,Pcs,Pcs,Box,57000,62000,3,,,,,,,,,,,
KUE 53000,KUE53000,code128,,S0005,Pcs,Pcs,Box,48000,53000,0,,,,,,,,,,,
PRETS PEDAS THAI,8851019230320,code128,,S0005,Pcs,Pcs,Box,5289,7000,0,,,,,,,,,,,
PRETZ PIZZA,8851019230412,code128,,S0005,Pcs,Pcs,Box,5289,7000,2,,,,,,,,,,,
BONETO CREAMY VANILLA 700G,9415007008262,code128,,S0002,Pcs,Pcs,Box,68000,72000,0,,,,,,,,,,,
ST.IVES ENERGIZING OUTMEAL SCRUB,77043355862,code128,,S0004,Pcs,Pcs,Box,53820,58000,0,,,,,,,,,,,
GARNIER MEN OIL CONTROL 50ML,8994993001378,code128,,S0003,Pcs,Pcs,Box,15290,17500,0,,,,,,,,,,,
GARNIER MEN OIL CONTROL 50ML,8992304009143,code128,,S0003,Pcs,Pcs,Box,15290,17500,0,,,,,,,,,,,
GARNIER MICELLAR OIL INFUSED 125ML,6902395661139,code128,,S0003,Pcs,Pcs,Box,37400,39500,0,,,,,,,,,,,
KWACI REBO GREENTEA 150GR,8995108509499,code128,,S0005,Pcs,Pcs,Box,12333,17500,10,,,,,,,,,,,
KWACI REBO GREENTEA 70GR,8995108509574,code128,,S0005,Pcs,Pcs,Box,7187,9500,3,,,,,,,,,,,
CAKE 7000,CAKE7000,code128,,S0005,Pcs,Pcs,Box,5600,7000,20,,,,,,,,,,,
POCKY PAKET SPC EDT 2'S,8851019912226,code128,,S0005,Pcs,Pcs,Box,14212,17000,0,,,,,,,,,,,
TEH KOTAK 200ML  DUS,TEHDUS,code128,,S0002,Pack,Pack,Box (24),72000,95000,10,,,,,,,,,,,
RESIK V GODOKAN 100ML,8993417168215,code128,,S0004,Pcs,Pcs,Box,15000,18000,10,,,,,,,,,,,
RESIK V SPA AKAR WANGI 90ML,8993417169120,code128,,S0004,Pcs,Pcs,Box,7500,12000,6,,,,,,,,,,,
FRENCH FRIES 150GR,8886013236207,code128,,S0005,Pcs,Pcs,Box,10944,15000,10,,,,,,,,,,,
BAG ,BAG12000,code128,,S0004,Pcs,Pcs,Box,3000,12500,12,,,,,,,,,,,
BAG 10000,BAG10000,code128,,S0004,Pcs,Pcs,Box,7500,10000,6,,,,,,,,,,,
KISMIS / KACANG ARAB,KISMIS27000,code128,,S0005,Pcs,Pcs,Box,18000,27000,6,,,,,,,,,,,
KURMA MADU 250GR,6191514300015,code128,,S0005,Pcs,Pcs,Box,23000,30000,20,,,,,,,,,,,
DELFI DAIRY MILK 60GR,8991001122056,code128,,S0005,Pcs,Pcs,Box,10000,15000,30,,,,,,,,,,,
WEN'S CAKE MINI,WENSCAKE,code128,,S0005,Pcs,Pcs,Box,12000,15000,6,,,,,,,,,,,
HEAVENLY BLUSH ORI 200ML,7499221163183,code128,,S0002,Pcs,Pcs,Box,7700,9500,0,,,,,,,,,,,
HEAVENLY BLUSH PEACH 200ML,7499221133162,code128,,S0005,Pcs,Pcs,Box,7700,9500,0,,,,,,,,,,,
KOPI GINSENG SAC,8998008166014,code128,,S0005,Pcs,Pcs,Box,1636,4000,0,,,,,,,,,,,
MAMASUKA RUMPUT PGG SPC 4'S,8995102708010,code128,,S0005,Pcs,Pcs,Box,4366,7000,0,,,,,,,,,,,
MAMASUKA RUMPUT LAUT SPC 2'S,8801052033679,code128,,S0005,Pcs,Pcs,Box,4377,7000,3,,,,,,,,,,,
BUGO SNACK AYAM 6GR,8997027680068,code128,,S0005,Pcs,Pcs,Box,4550,7000,6,,,,,,,,,,,
BUGO SNACK SAPI PDS 6GR,8997027680075,code128,,S0005,Pcs,Pcs,Box,4550,7000,6,,,,,,,,,,,
ANTANGIN ANEKA RASA 100g,8992003783375,code128,,S0005,Pack,Pack,Box,4899,7500,6,,,,,,,,,,,
TEJAHE PERMEN ORIGINAL 100g,8992003784532,code128,,S0005,Pack,Pack,Box,5145,8000,2,,,,,,,,,,,
OB HERBAL 100ml,8992003783429,code128,,S0006,Pcs,Pcs,Box,15873,20000,10,,,,,,,,,,,
KUE TOPLES 35000,SNACK35000,code128,,S0005,Pcs,Pcs,Box,30000,35000,5,,,,,,,,,,,
KUE TOPLES 47000,SNACK47000,code128,,S0005,Pcs,Pcs,Box,42000,47000,0,,,,,,,,,,,
KUE TOPLES 110000,SNACK110000,code128,,S0005,Pcs,Pcs,Box,105000,110000,6,,,,,,,,,,,
KUE TOPLES 95000,SNACK95000,code128,,S0005,Pcs,Pcs,Box,90000,95000,6,,,,,,,,,,,
CAMEL WHITE CIGARET ,42139447,code128,,S0007,Pcs,Pcs,Box,22700,25000,6,,,,,,,,,,,
MEVIUS SKY BLUE,4902210200804,code128,,S0007,Pcs,Pcs,Box,24886,27500,12,,,,,,,,,,,
VAN HOUTEN bukan_konsiEWS 130GR,8991001501813,code128,,S0005,Pack,Pack,Box,32000,40000,10,,,,,,,,,,,
YOGURT HEAV BLUSH BLACKC 200ML,7499221133155,code128,,S0002,Pcs,Pcs,Box,7700,9500,0,,,,,,,,,,,
YOGURT HEAV BLUSH STW 200ML,7499221123132,code128,,S0002,Pcs,Pcs,Box,7700,9500,40,,,,,,,,,,,
YOGURT HEAV B ORI,7499221163183,code128,,S0002,Pcs,Pcs,Box,7700,9500,16,,,,,,,,,,,
YOGURT HEAV B PEACH,7499221133162,code128,,S0002,Pcs,Pcs,Box,8775,9000,6,,,,,,,,,,,
OB HERBAL Sachet 15ml,8992003782460,code128,,S0003,Pcs,Pcs,Box,1765,3500,6,,,,,,,,,,,
ANTANGIN JRG TABLET,8992003170403,code128,,S0003,Pcs,Pcs,Box,2254,4500,10,,,,,,,,,,,
SAMYANG B CARBO 105GR,8801073114173,code128,,S0005,Pcs,Pcs,Box,19057,23000,20,,,,,,,,,,,
SAMYANG B CARBO BOWL 105GR,8801073211858,code128,,S0005,Pcs,Pcs,Box,22799,26500,24,,,,,,,,,,,
TWISTER BLACK KLG 150GR,8991001781291,code128,,S0005,Pcs,Pcs,Box,13000,16500,12,,,,,,,,,,,
TWISTER CHOCO KLG 150GR,8991001781284,code128,,S0005,Pcs,Pcs,Box,13000,16500,50,,,,,,,,,,,
ROSTA KCG BW 12GR,8992775203408,code128,,S0005,Pcs,Pcs,Box,800,1500,17,,,,,,,,,,,
CHOLATOS SWEET CHEESE 16GR,8992775001608,code128,,S0005,Pcs,Pcs,Box,760,1500,17,,,,,,,,,,,
FISHERMAN MANDARIN & GINGER,50819317,code128,,S0005,Pcs,Pcs,Box,11500,15500,6,,,,,,,,,,,
GOOD TIME 149GR,8886015212261,code128,,S0005,Pcs,Pcs,Box,15500,18500,6,,,,,,,,,,,
PEWANGI MOBIL,PEWANGIMOBIL,code128,,S0004,Pcs,Pcs,Box,30000,35000,6,,,,,,,,,,,
KOPI LANANG,KOPILANANG,code128,,S0005,Pcs,Pcs,Box,40000,45000,12,,,,,,,,,,,
JAVA DAMPIT,JAVADAMPIT,code128,,S0005,Pcs,Pcs,Box,35000,40000,12,,,,,,,,,,,
SABUN PAPAYA 135GR,8997214430032,code128,,S0004,Pcs,Pcs,Box,8485,10500,12,,,,,,,,,,,
MAMAYA SABUN BERAS,8997214430025,code128,,S0004,Pcs,Pcs,Box,4644,7500,6,,,,,,,,,,,
DRAGON BALSAM,8998168004126,code128,,S0004,Pcs,Pcs,Box,5454,8500,12,,,,,,,,,,,
JORDAN CLASIC D. ACTION,7038513898008,code128,,S0004,Pcs,Pcs,Box,6719,9500,12,,,,,,,,,,,
JORDAN SMILE SOFT/MEDIUM,9555019000554,code128,,S0004,Pcs,Pcs,Box,5040,7000,0,,,,,,,,,,,
JORDAN TOTAL CLEAN,7038516140319,code128,,S0004,Pcs,Pcs,Box,10920,13500,0,,,,,,,,,,,
OREO SELECTION KLG 313GR,7622300030117,code128,,S0005,Pcs,Pcs,Box,38900,45000,12,,,,,,,,,,,
DRAGON TELON 60ML,8998168003037,code128,,S0004,Pcs,Pcs,Box,11204,14500,2,,,,,,,,,,,
FRUIT TEA X TREME 500M,8996006853431,code128,,S0002,Pcs,Pcs,Box,4666,7500,6,,,,,,,,,,,
minyak delima,8992628094153,code128,,S0001,Pcs,Pcs,Box,10000,12000,0,,,,,,,,,,,
SAMPOERNA HIJAU KRETEK LIMITED ,8999909000988,code128,,S0007,Pcs,Pcs,Box,10000,13500,3,,,,,,,,,,,
LEM BESI M2000,6902000673014,code128,,S0004,Pcs,Pcs,Box,1500,3500,3,,,,,,,,,,,
FITRI MG 1LITER,8992946531262,code128,,S0005,Pcs,Pcs,Box,10500,13000,3,,,,,,,,,,,
PLASTIK KILOAN / SETENGAH KILO,plastik13000,code128,,S0004,Pcs,Pcs,Box,8200,13000,12,,,,,,,,,,,
POTABEE SELECTION MELTED CHEESE 68G,8998866201636,code128,,S0005,Pcs,Pcs,Box,7200,9500,3,,,,,,,,,,,
POSH MEN COOL150ML,8998866107143,code128,,S0004,Pcs,Pcs,Box,16500,22500,0,,,,,,,,,,,
SOKLIN PL LEMON 450ML,8998866692663,code128,,S0004,Pcs,Pcs,Box,6188,9500,3,,,,,,,,,,,
SOKLIN PL BTL ROSE 450M,8998866692571,code128,,S0004,Pcs,Pcs,Box,6188,9500,24,,,,,,,,,,,
SUPER SOLL POUCH 800ML,8998866602921,code128,,S0004,Pcs,Pcs,Box,12067,15000,24,,,,,,,,,,,
MAMA LIME BTL 400ML,8998866105163,code128,,S0004,Pcs,Pcs,Box,10100,14000,24,,,,,,,,,,,
REXONA ACTIV WHITE MEN,8999999536664,code128,,S0004,Pcs,Pcs,Box,14900,18000,6,,,,,,,,,,,
AXE HARUMKAN INDO 150 ML,9300830050451,code128,,S0004,Pcs,Pcs,Box,25000,35000,3,,,,,,,,,,,
MITU ANTISEPTIC 4'S,8992745326755,code128,,S0004,Pcs,Pcs,Box,833,2000,3,,,,,,,,,,,
MITU BLUE 4'S,8992745550242,code128,,S0004,Pcs,Pcs,Box,833,2000,3,,,,,,,,,,,
MITU PINK 4'S,8992745540298,code128,,S0004,Pcs,Pcs,Box,813,2000,10,,,,,,,,,,,
AUTAN SPRAY 140ML,8998899994659,code128,,S0004,Pcs,Pcs,Box,10802,14000,20,,,,,,,,,,,
BAYGON SPRAY ORG 275ML,8998899400327,code128,,S0004,Pcs,Pcs,Box,16911,19500,4,,,,,,,,,,,
BAGON CAIR BTL 400ML,8998899001203,code128,,S0004,Pcs,Pcs,Box,17749,21000,20,,,,,,,,,,,
"BAYGON ALAT SEMPROT 2,0 L",8998899001678,code128,,S0004,Pcs,Pcs,Box,12971,16500,10,,,,,,,,,,,
"BAYGON ALAT SEMPROT 2,0 L",8998838800638,code128,,S0004,Pcs,Pcs,Box,3800,6500,6,,,,,,,,,,,
STAPLER MAX HD10,4902870775674,code128,,S0004,Pcs,Pcs,Box,11500,16000,3,,,,,,,,,,,
CANDIS MIX,LARISMANIS20000,code128,,S0005,Pack,Pack,Box,18250,20000,1,,,,,,,,,,,
PILUS MI GORENG 22GR,8992775000854,code128,,S0005,Pcs,Pcs,Box,785,1000,3,,,,,,,,,,,
CLEVO COK ICE CREAM 125M,8992775001585,code128,,S0002,Pcs,Pcs,Box,2150,3500,10,,,,,,,,,,,
VICK VAPORUB 10GR,4987176600554,code128,,S0004,Pcs,Pcs,Box,6224,10000,0,,,,,,,,,,,
MIGELAS CUP JUMBO BASO,8996001523148,code128,,S0005,Pcs,Pcs,Box,10395,12500,0,,,,,,,,,,,
MIGELAS CUP JUMBO SOTO,8996001520161,code128,,S0005,Pcs,Pcs,Box,10395,12500,12,,,,,,,,,,,
MIGELAS CUP JUMBO KARI AYAM,8996001520147,code128,,S0005,Pcs,Pcs,Box,10395,12500,12,,,,,,,,,,,
MI GELAS SOP BUNTUT,8996001523384,code128,,S0005,Pcs,Pcs,Box,816,1500,100,,,,,,,,,,,
TORABIKA MILKY LATTE 22GR,8998666002549,code128,,S0005,Pcs,Pcs,Box,7800,10000,6,,,,,,,,,,,
WALLS SILVERQUEN,8999999539450,code128,,S0005,Pcs,Pcs,Box,8800,12000,6,,,,,,,,,,,
WALLS MAGNUM MACADAMIA ,8999999538187,code128,,S0005,-,-,Box,12000,14000,6,,,,,,,,,,,
COTTON CHERRY BESAR,CHERRYBESAR,code128,,S0004,Pcs,Pcs,Box,1750,3500,6,,,,,,,,,,,
S0008 NASI 10'S,S0008NASI,code128,,S0004,Pcs,Pcs,Box,1000,2000,0,,,,,,,,,,,
CAFFINO MOCA POUCH 10'S,8991998110128,code128,,S0005,Pcs,Pcs,Box,10588,14000,0,,,,,,,,,,,
CAFFINO HAZELNUT SACET 10'S,8991998110210,code128,,S0005,Pcs,Pcs,Box,9611,13000,0,,,,,,,,,,,
CAFFINO CLASSIC SACET 10'S,8991998110012,code128,,S0005,Pcs,Pcs,Box,9611,13000,24,,,,,,,,,,,
CAFFINO MOCCA SACET 10'S,8991998110111,code128,,S0005,Pcs,Pcs,Box,9611,13000,25,,,,,,,,,,,
BANDULAN TEH MELATI DUS,BANDULAN,code128,,S0002,Pcs,Pcs,Box,24480,45000,6,,,,,,,,,,,
ALAS STRIKA,ALASGOSOK,code128,,S0006,Pcs,Pcs,Box,70000,80000,6,,,,,,,,,,,
ALAS STRIKA,8990001252473,code128,,S0006,Pcs,Pcs,Box,70000,80000,6,,,,,,,,,,,
SOSRO TEH BOTOL KOTAK DUS,TEHBOTOL,code128,,S0002,Pcs,Pcs,Box,68000,90000,6,,,,,,,,,,,
LABEL 121 TOM&JERRY,LABEL121,code128,,S0009,Pcs,Pcs,Box,4500,8000,6,,,,,,,,,,,
TIP X S0008 COX 1603,8994160000036,code128,,S0009,Pcs,Pcs,Box,4667,8500,10,,,,,,,,,,,
POST IT 5163,8995106306748,code128,,S0009,Pcs,Pcs,Box,7500,12500,0,,,,,,,,,,,
POST IT 5155,764608051559,code128,,S0009,Pcs,Pcs,Box,7500,15000,24,,,,,,,,,,,
POST IT SN 8919,8554366089190,code128,,S0009,Pcs,Pcs,Box,5500,10000,6,,,,,,,,,,,
BUKU AGENDA COKLAT,BUKUAGENDACOKLAT,code128,,S0009,Pcs,Pcs,Box,17500,25000,0,,,,,,,,,,,
ARDATH 20,8998127000015,code128,,S0007,Pcs,Pcs,Box,13800,16000,12,,,,,,,,,,,
ESSE CHANGE BLUE,8997032821234,code128,,S0004,Pcs,Pcs,Box,21800,24000,0,,,,,,,,,,,
WRP ACTIVE COCO 350ML,749921040220,code128,,S0002,Pcs,Pcs,Box,7623,10000,0,,,,,,,,,,,
WRP OTG KOPI 200ML,749921040299,code128,,S0002,Pcs,Pcs,Box,10450,12500,0,,,,,,,,,,,
WRP OTG COKELAT 200ML,749921040046,code128,,S0002,Pcs,Pcs,Box,10450,13000,0,,,,,,,,,,,
WRP OTG STW 200ML,749921040282,code128,,S0002,Pcs,Pcs,Box,10450,13000,0,,,,,,,,,,,
NUTRISARI SWEET MANGO,749921010162,code128,,S0005,Pcs,Pcs,Box,10230,13000,0,,,,,,,,,,,
NUTRISARI SWEET GUAVA,749921006158,code128,,S0002,Pcs,Pcs,Box,10230,13000,2,,,,,,,,,,,
NUTRISARI SWEET SIRSAK,749921010438,code128,,S0002,Pcs,Pcs,Box,10230,13000,10,,,,,,,,,,,
NUTRISARI SWEET MARKISA,749921011060,code128,,S0002,Pcs,Pcs,Box,10230,13000,12,,,,,,,,,,,
NUTRISARI SWEET ORANGE,749921005946,code128,,S0002,Pcs,Pcs,Box,10230,13000,0,,,,,,,,,,,
ANMUM LACTA COKLAT,9415007027942,code128,,S0002,Pcs,Pcs,Box,38182,42000,12,,,,,,,,,,,
ANMUM MATERNA COKLAT,9415007013297,code128,,S0002,Pcs,Pcs,Box,42000,47000,12,,,,,,,,,,,
KRAF SINGLES 10'S,8998009070037,code128,,S0005,Pcs,Pcs,Box,19000,23000,12,,,,,,,,,,,
snack de apik 10000,apik10000,code128,,S0005,Pcs,Pcs,Box,5000,10000,50,,,,,,,,,,,
SNACK DE APIK ,apik11000,code128,,S0005,Pcs,Pcs,Box,5000,11000,30,,,,,,,,,,,
LEVITE LIME & MINT 350ML,8992752122807,code128,,S0002,Pcs,Pcs,Box,3120,4500,30,,,,,,,,,,,
LEVITE CITRUS & MINT 350ML,8992752122708,code128,,S0002,Pcs,Pcs,Box,3120,4500,12,,,,,,,,,,,
LEVITE CUCUMBER & MINT 350ML,8992752122609,code128,,S0002,Pcs,Pcs,Box,3120,4500,10,,,,,,,,,,,
GULA CURAH 500GR,GULA500,code128,,S0005,Pcs,Pcs,Box,6400,8500,5,,,,,,,,,,,
POTABEE SELECTION SALTED EGG 68GR,8998866201728,code128,,S0005,Pcs,Pcs,Box,7200,9500,30,,,,,,,,,,,
POTABEE AYAM BAKAR 68G,8998866202053,code128,,S0005,Pcs,Pcs,Box,7200,9500,20,,,,,,,,,,,
SOBA AYAM BKR BBQ 21GR,8886013338604,code128,,S0005,Pcs,Pcs,Box,1037,2000,50,,,,,,,,,,,
BERAS KEPALA Rojo Lele/SETRA RA 5KG,beraslele,code128,,S0005,Pcs,Pcs,Box,62000,70000,10,,,,,,,,,,,
MY SNACK 15500,MYSNACK15500,code128,,S0005,Pcs,Pcs,Box,13000,15500,6,,,,,,,,,,,
CHIZ KING KEJU 45GR,8996196075958,code128,,S0005,Pcs,Pcs,Box,3759,6000,12,,,,,,,,,,,
BIG BABOL BLUEBERRY STICK,8991115011109,code128,,S0005,Pcs,Pcs,Box,1950,3500,12,,,,,,,,,,,
ROKA 1000,ROKA,code128,,S0005,Pcs,Pcs,Box,800,1000,8,,,,,,,,,,,
snack de apik 13000,APIK13000,code128,,S0005,Pcs,Pcs,Box,10000,13000,6,,,,,,,,,,,
KUE PIA SPC 225GR,8991180912349,code128,,S0005,Pcs,Pcs,Box,12000,15000,10,,,,,,,,,,,
SANDAL PORTO,PORTO,code128,,S0004,Pcs,Pcs,Box,44000,55000,6,,,,,,,,,,,
SANDAL CONNEC,CONNEC,code128,,S0004,Pcs,Pcs,Box,55920,69900,24,,,,,,,,,,,
SANDAL NEW ERA ARJUNA,ARJUNA,code128,,S0004,Pcs,Pcs,Box,15120,18900,12,,,,,,,,,,,
SANDAL YUMEIDA JEPIT,YUMEIDAJEPIT,code128,,S0004,Pcs,Pcs,Box,44000,55000,24,,,,,,,,,,,
SUNFREE STOP KONTAK 5 LUBANG,5LUBANG,code128,,S0004,Pcs,Pcs,Box (24),36000,45000,50,,,,,,,,,,,
CELANA BOSS,CELANABOSS,code128,,S0004,Pcs,Pcs,Box,48000,60000,48,,,,,,,,,,,
SONICE 1000 ayam,8993110071133,code128,,S0005,Pcs,Pcs,Box,707,1000,12,,,,,,,,,,,
SASHA PG WHTG 65GR,8993417105425,code128,,S0006,Pcs,Pcs,Box,4999,7500,12,,,,,,,,,,,
SASHA PG HERBAL 65GR,8993417105418,code128,,S0006,Pcs,Pcs,Box,5999,8500,10,,,,,,,,,,,
PEARLMAX HITAM TWIN BLADE ,6959097200180,code128,,S0004,Pcs,Pcs,Box,2666,5000,10,,,,,,,,,,,
PEARLMAX SHARP II,6959097200890,code128,,S0004,Pcs,Pcs,Box,2500,5000,10,,,,,,,,,,,
PANGSIT 7500,PANGSIT7500,code128,,S0002,Pcs,Pcs,Box,5500,7500,10,,,,,,,,,,,
ZUZU MADU RASA ORI 200ML,8992388134427,code128,,S0002,Pcs,Pcs,Box,3166,5000,10,,,,,,,,,,,
CHOCO LITO ORI 19GR,8998694110964,code128,,S0005,Pcs,Pcs,Box,1778,2500,10,,,,,,,,,,,
CHOCO LITO RICH CHO 19GR,8998694110971,code128,,S0005,Pcs,Pcs,Box,1778,2500,0,,,,,,,,,,,
TINI WINI BITI ASIN 20GR,8998694110124,code128,,S0005,Pcs,Pcs,Box,1778,2500,10,,,,,,,,,,,
TINI WINI BITI MANIS 20GR,8998694110148,code128,,S0005,Pcs,Pcs,Box,1778,2500,10,,,,,,,,,,,
TINI WINI BITI SUSU 20GR,8998694110308,code128,,S0005,Pcs,Pcs,Box,1748,3000,10,,,,,,,,,,,
TINI WINI BITI PIZZA  20GR,8998694110186,code128,,S0005,Pcs,Pcs,Box,1748,2500,0,,,,,,,,,,,
TINI WINI BITI COKLAT 20GR,8998694110889,code128,,S0005,Pcs,Pcs,Box,1748,3000,4,,,,,,,,,,,
TINI WINI BITI KEJU 20GR,8998694110896,code128,,S0005,Pcs,Pcs,Box,1748,2500,12,,,,,,,,,,,
TINI WINI BITI STW 20GR,8998694110902,code128,,S0005,Pcs,Pcs,Box,1748,3000,12,,,,,,,,,,,
TINI WINI BITI SATE 20GR,8998694110209,code128,,S0005,Pcs,Pcs,Box,1748,2500,12,,,,,,,,,,,
TINI WINI BITI JAGUNG M 20GR,8998694110285,code128,,S0005,Pcs,Pcs,Box,1748,3000,12,,,,,,,,,,,
LIFEBOUY BW MATCHA 100M,8999999530266,code128,,S0004,Pcs,Pcs,Box,11800,14000,12,,,,,,,,,,,
LANG INHALER 5GR,8993176150018,code128,,S0004,Pcs,Pcs,Box,6668,9500,6,,,,,,,,,,,
VFRESH BARLEY MINT 8M,8993176130720,code128,,S0004,Pcs,Pcs,Box,9477,13000,0,,,,,,,,,,,
VFRESH GREEN TEA 8M,8993176130744,code128,,S0004,Pcs,Pcs,Box,9475,13000,0,,,,,,,,,,,
LEGIT KENTAL TEH 350ML,8991102228640,code128,,S0002,Pcs,Pcs,Box,2491,4000,10,,,,,,,,,,,
TANGO DRINK VELLUTO 250M,8991102714495,code128,,S0002,Pcs,Pcs,Box,4508,6000,5,,,,,,,,,,,
MIE GORENG,MIEGORENG,code128,,S0005,Pcs,Pcs,Box,6000,8000,21,,,,,,,,,,,
HERBAVOMITZ NAT TAB,8994388658781,code128,,S0003,Pcs,Pcs,Box,4500,6500,21,,,,,,,,,,,
HERBAVOMITZ NAT 60ML,8994388105872,code128,,S0003,Pcs,Pcs,Box,11000,14500,0,,,,,,,,,,,
nice,nice,code128,,S0004,Pcs,Pcs,Box,2850,4000,50,,,,,,,,,,,
BERAS MERAH ORGANIK  1KG,HONTJE,code128,,S0005,Pcs,Pcs,Box,25000,30000,12,,,,,,,,,,,
KIMCHI CUP ORI 72GR,6920238081012,code128,,S0002,Pcs,Pcs,Box,12500,15000,0,,,,,,,,,,,
KIMCHI CUP KIMCHI 72GR,6920238081050,code128,,S0005,Pcs,Pcs,Box,12500,15000,12,,,,,,,,,,,
rtd caffino,rtdcaffino,code128,,S0002,Sachet,Sachet,Box,2000,4000,24,,,,,,,,,,,
S0008 KADO SIDU,kado,code128,,S0004,Pcs,Pcs,Box,850,2000,6,,,,,,,,,,,
SPON BATH COLOR,6931191560315,code128,,S0005,Pcs,Pcs,Box,4000,7500,0,,,,,,,,,,,
PIA 2500,pia,code128,,S0005,Pcs,Pcs,Box,1600,2500,12,,,,,,,,,,,
JOYKO BATIQUE GP 181,8993988280989,code128,,S0004,Pcs,Pcs,Box,2583,5000,0,,,,,,,,,,,
TROPICAL MG BOTOL 2L,8992946122002,code128,,S0005,Pcs,Pcs,Box,21700,27000,0,,,,,,,,,,,
KOLANG KALING,KOLANGKALING,code128,,S0005,Pcs,Pcs,Box,30000,35000,0,,,,,,,,,,,
SISIR 2 IN 1,6939931587516,code128,,S0004,Pcs,Pcs,Box,7000,10000,0,,,,,,,,,,,
BAG  POLOS,BAGPOLOS,code128,,S0005,Pcs,Pcs,Box,1908,8000,0,,,,,,,,,,,
HERBADRINK KUNYIT ASAM,8998667100923,code128,,S0002,Pcs,Pcs,Box,2069,3500,0,,,,,,,,,,,
HERBADRINK BERAS KENCUR,8998667101531,code128,,S0002,Pcs,Pcs,Box,2069,3500,24,,,,,,,,,,,
HERBADRINK SARI JAHE,8998667100916,code128,,S0002,Pcs,Pcs,Box,2069,3500,12,,,,,,,,,,,
HERBADRINK SARI TEMULAWAK,8998667101111,code128,,S0002,Pcs,Pcs,Box,2069,3500,12,,,,,,,,,,,
BOOM 15G,8998685111307,code128,,S0005,Pcs,Pcs,Box,3201,5500,12,,,,,,,,,,,
BOOM STRONG MINT,8998685111314,code128,,S0005,Pcs,Pcs,Box,3201,5500,12,,,,,,,,,,,
REGAL SPECIAL 250GR,8993039112511,code128,,S0005,Pcs,Pcs,Box,17181,23000,12,,,,,,,,,,,
REGAL ROLL MARIE DUO M.COKLAT 100G,8993039242539,code128,,S0005,Pcs,Pcs,Box,4500,6500,12,,,,,,,,,,,
REGAL MARIE COKLAT DUO 20G,8993039242577,code128,,S0005,Pcs,Pcs,Box,791,1500,4,,,,,,,,,,,
REGAL MARIE PEANUT  DUO 20G,8993039242621,code128,,S0005,Pcs,Pcs,Box,791,1500,0,,,,,,,,,,,
REGAL MARIE C. VANILA DUO 20G,8993039242560,code128,,S0005,Pcs,Pcs,Box,791,1500,4,,,,,,,,,,,
MITU PINK 20 SHEET,8992750540856,code128,,S0004,Pcs,Pcs,Box,4800,7000,6,,,,,,,,,,,
MITU BLUE 20 SHEET,8992745540717,code128,,S0004,Pcs,Pcs,Box,4800,7000,12,,,,,,,,,,,
LISTERIN ZERO 80ML,8991111153063,code128,,S0006,Pcs,Pcs,Box,8500,11000,12,,,,,,,,,,,
KRIPIK BALADO,KRIPIK8500,code128,,S0005,Pcs,Pcs,Box,5500,8500,12,,,,,,,,,,,
REGAL 3'S,8993039242607,code128,,S0005,Pcs,Pcs,Box,5383,6500,0,,,,,,,,,,,
KERANJANG BAJU KOTOR ,6933154788026,code128,,S0004,Pcs,Pcs,Box,12600,18000,0,,,,,,,,,,,
ASVITA MANGKUK,8995207806048,code128,,S0004,Pcs,Pcs,Box,4833,9000,0,,,,,,,,,,,
PIRING ROTAN PLASTIK,PIRINGROTAN,code128,,S0004,Pcs,Pcs,Box,2583,5000,6,,,,,,,,,,,
DAIMARU ISOLATIF KECIL,8994116101206,code128,,S0009,Pcs,Pcs,Box,875,2500,36,,,,,,,,,,,
LILIN AKSESORIS BIRU,6736301218403,code128,,S0017,Pack,Pack,Box,13000,15000,12,,,,,,,,,,,
LILIN AKSESORIS PINK,6736301218397,code128,,S0017,Pack,Pack,Box,13000,15000,48,,,,,,,,,,,
Jarum Box,jarum,code128,,S0004,-,-,Box,5000,7000,12,,,,,,,,,,,
WOODS SYRP HERBAL 60ML,8992858588514,code128,,S0006,Pcs,Pcs,Box,14865,19000,12,,,,,,,,,,,
PROMAG LIQUID SACHET 7M,8992858564204,code128,,S0006,Pcs,Pcs,Box,1606,3500,20,,,,,,,,,,,
ISOLASI DAIMARU 1 INCH,DAIMARU9000,code128,,S0009,Pcs,Pcs,Box,4500,9000,2,,,,,,,,,,,
OMELA KRIMER KM,8992753631209,code128,,S0002,-,-,Box,8000,11500,1,,,,,,,,,,,
NUTRIBOOST SUSU+COKLAT 240ML,8992761164492,code128,,S0002,Pcs,Pcs,Box,5528,7500,0,,,,,,,,,,,
NUTRIBOOST KOPI+SUSU 240ML,8992761164508,code128,,S0002,Pcs,Pcs,Box,5708,7500,0,,,,,,,,,,,
CNI ESTER C KAPLET 4'S ,ESTERC,code128,,S0006,Pcs,Pcs,Box,15000,18000,0,,,,,,,,,,,
CNI BALSEM 25GR,8994474002856,code128,,S0006,Pcs,Pcs,Box,60000,65000,0,,,,,,,,,,,
CNI WIN PASTA GIGI 175GR,8994474002832,code128,,S0006,Pcs,Pcs,Box,70000,75000,0,,,,,,,,,,,
LA FONTE SAUCE BBQ,8888900700013,code128,,S0001,Pcs,Pcs,Box,15834,19500,2,,,,,,,,,,,
LA FONTE SPAGHETTI,8888900415009,code128,,S0005,Pcs,Pcs,Box,6672,10000,0,,,,,,,,,,,
LA FONTE SAUCE BOLOGNESE,8888900700006,code128,,S0005,Pcs,Pcs,Box,14322,17500,0,,,,,,,,,,,
"VASELINE LIP ORIGNAL 4,8GR",8801619047552,code128,,S0004,Pcs,Pcs,Box,20000,23000,0,,,,,,,,,,,
"VASELINE LIP ALOE VERA  4,8GR",8801619047576,code128,,S0004,Pcs,Pcs,Box,20000,23000,20,,,,,,,,,,,
TROPICANA SLIM CLASSIC 250GR,749921000828,code128,,S0005,Pcs,Pcs,Box,49500,54500,7,,,,,,,,,,,
SALTCHEESE KG 100G,8888166603417,code128,,S0005,Pcs,Pcs,Box,3799,5500,0,,,,,,,,,,,
GARUDA BIGA,8992775111154,code128,,S0005,Pcs,Pcs,Box,4400,6500,0,,,,,,,,,,,
GARUDA KCG BWNG,8992775112144,code128,,S0005,Pcs,Pcs,Box,3872,6500,0,,,,,,,,,,,
KAKTUS TANAMAN,KAKTUS,code128,,S0004,Pcs,Pcs,Box,5750,10000,0,,,,,,,,,,,
KOPI LANANG ROLAS 160GR,8997007900582,code128,,S0005,Pcs,Pcs,Box,27000,35000,0,,,,,,,,,,,
OB Herbal JUNIOR 60ml,8992003783887,code128,,S0006,Pack,Pack,Box,10727,14000,0,,,,,,,,,,,
Kuldon Panas Dalam & Sariawan,8992003784037,code128,,S0006,Sachet,Sachet,Box,1851,3500,5,,,,,,,,,,,
TEJAHE PERMEN BANDREK 100g,8992003785584,code128,,S0005,Sachet,Sachet,,5415,8000,40,,,,,,,,,,,
KRIP TOSS SMBL BLD,8997016731849,code128,,S0005,Pcs,Pcs,Box,1588,3500,6,,,,,,,,,,,
KRIP TOSS SAPI PNGG,8997016731856,code128,,S0005,Pcs,Pcs,Box,1787,3500,20,,,,,,,,,,,
KETELA LVL 9,8997016731900,code128,,S0005,Pcs,Pcs,Box,935,2500,20,,,,,,,,,,,
SENDOK KUE KECIL 100'S,SENDOK8500,code128,,S0004,Pcs,Pcs,Box,4800,8500,4,,,,,,,,,,,
GARPU BUAH 20'S,GARPU2000,code128,,S0004,Pcs,Pcs,Box,1000,2000,20,,,,,,,,,,,
GARPU 5000,GARPU5000,code128,,S0004,Pcs,Pcs,Box,2500,5000,12,,,,,,,,,,,
SEDOTAN TIGER ,SEDOTAN3000,code128,,S0004,Pcs,Pcs,Box,1150,3000,6,,,,,,,,,,,
SUSEMI SABUT SPON K,8992742375350,code128,,S0004,Pcs,Pcs,Box,1083,2500,10,,,,,,,,,,,
KALPANAX KRIM 5GR,8992858245516,code128,,S0006,Pcs,Pcs,Box,9100,13000,3,,,,,,,,,,,
FULLO UNICORN 14GR,8991102986960,code128,,S0005,Pcs,Pcs,Box,744,1000,6,,,,,,,,,,,
TANGO WALUT COLAT 18G,8991102986694,code128,,S0005,Pcs,Pcs,Box,783,1000,4,,,,,,,,,,,
 BYE FEVER ANAK,4987188567227,code128,,S0006,Pcs,Pcs,Box,9087,12500,6,,,,,,,,,,,
BYE FEVER BAYI ,4987188567210,code128,,S0006,Pcs,Pcs,Box,7019,10000,4,,,,,,,,,,,
MEGG KEJU SERBAGUNA 170GR,8994023000050,code128,,S0005,Pcs,Pcs,Box,11470,14000,3,,,,,,,,,,,
MEGG CHEDDAR SLICE 3 PCS,8994023000128,code128,,S0005,Pcs,Pcs,Box,5225,7500,5,,,,,,,,,,,
SASA TP BMB SEAFOOD 225GR,8992736922553,code128,,S0005,Pcs,Pcs,Box,5282,7500,5,,,,,,,,,,,
SASA TP BMB HOT&SPICY 225GR,8992736925158,code128,,S0005,Pcs,Pcs,Box,5282,7500,3,,,,,,,,,,,
SASA TP BMB ORI SERBAGUNA 225GR,8992736925134,code128,,S0005,Pcs,Pcs,Box,5282,7500,3,,,,,,,,,,,
TERI NASI CRISPY,899201701591,code128,,S0005,Pcs,Pcs,Box,22500,25000,3,,,,,,,,,,,
TEMPE KERING,TEMPEKERING,code128,,S0005,Pcs,Pcs,Box,18000,20000,2,,,,,,,,,,,
KACANG BAWANG NAINAS,KACANGBAWANG,code128,,S0005,Pcs,Pcs,Box,18000,20000,0,,,,,,,,,,,
MADU HITAM DZAKI 250ML,MADU48000,code128,,S0005,Pcs,Pcs,Box,43200,48000,24,,,,,,,,,,,
MADU KUPANG 250ML,MADU68000,code128,,S0005,Pcs,Pcs,Box,61200,68000,5,,,,,,,,,,,
MADU ANAK SUPER 120ML,MADU35000,code128,,S0005,Pcs,Pcs,Box,31500,35000,24,,,,,,,,,,,
SAMBAL 39500,SAMBAL39500,code128,,S0005,Pcs,Pcs,Box,35550,39500,10,,,,,,,,,,,
dulcolax tablet,8992799154014,code128,,S0006,Pcs,Pcs,Box,7000,9000,10,,,,,,,,,,,
greenfield coco milk,8993351124100,code128,,S0002,Pcs,Pcs,Box,5250,7000,24,,,,,,,,,,,
RTD JAHE TEMULAWAK,rtdtemulawak,code128,,S0005,Pcs,Pcs,Box,1,5000,10,,,,,,,,,,,
SONICE 1000 sapi,8993110071508,code128,,S0005,Pcs,Pcs,Box,707,1000,8,,,,,,,,,,,
RACIK SAYUR SOP,89686386318,code128,,S0005,Pcs,Pcs,Box,1350,3000,10,,,,,,,,,,,
RACIK NASI GORENG,89686386011,code128,,S0005,Pcs,Pcs,Box,1350,3000,12,,,,,,,,,,,
RACIK AYAM GORENG,89686386066,code128,,S0005,Pcs,Pcs,Box,1350,3000,10,,,,,,,,,,,
RACIK IKAN GORENG,89686386462,code128,,S0005,Pcs,Pcs,Box,1305,3000,2,,,,,,,,,,,
LILIN BESAR LAMP,LILINBESAR,code128,,S0004,Pcs,Pcs,Box,875,1500,2,,,,,,,,,,,
DOMINO KARTU,DOMINO,code128,,S0004,Pcs,Pcs,Box,1000,3000,2,,,,,,,,,,,
MIRASARI 17000,MIRASARI17000,code128,,S0002,Pcs,Pcs,Box,15300,17000,20,,,,,,,,,,,
MIRASARI 10000,MIRASARI10000,code128,,S0005,Pcs,Pcs,Box,9000,10000,6,,,,,,,,,,,
GOLDEN GINGER ANISEMINT 45G,88251218429,code128,,S0005,Pcs,Pcs,Box,18020,22500,0,,,,,,,,,,,
GOLDEN GINGER ORG 45G,88251218375,code128,,S0005,Pcs,Pcs,Box,18020,22500,0,,,,,,,,,,,
GOLDEN GINGER CLASIC 45G,88251218412,code128,,S0005,Pcs,Pcs,Box,18020,22500,0,,,,,,,,,,,
MAGNUZ AYAM GORENG,8997033450204,code128,,S0005,Pcs,Pcs,Box,2860,3500,0,,,,,,,,,,,
INSTO REGULER,8885015220061,code128,,S0006,Pcs,Pcs,Box,12500,16000,0,,,,,,,,,,,
ESSE MAXX,8999168211118,code128,,S0007,Pack,Pack,,14800,16500,0,,,,,,,,,,,
HERBADRINK WEDANG UWUH,8998667101937,code128,,S0002,Sachet,Sachet,,2069,3500,0,,,,,,,,,,,
RTD HERBADRINK,HERBA,code128,,S0002,Pcs,Pcs,Box,3500,5000,10,,,,,,,,,,,
KISPRAY BLUIS REFILL 300ML,8992772198035,code128,,S0004,Pcs,Pcs,Box,4400,6500,3,,,,,,,,,,,
KISPRAY VIOLET BOTOL 318ML,8992772195089,code128,,S0004,Pcs,Pcs,Box,9900,12500,3,,,,,,,,,,,
KISPRAY AMORIS BOTOL 318ML,8992772195027,code128,,S0004,Pcs,Pcs,Box,9680,12500,3,,,,,,,,,,,
KISPRAY SEGERIS BOTOL 318ML,8992772195010,code128,,S0004,Pcs,Pcs,Box,9900,12500,10,,,,,,,,,,,
ANTIS JERUK NIPIS SPRAY,8992772265164,code128,,S0004,Pcs,Pcs,Box,11220,15000,10,,,,,,,,,,,
SOKLIN PL APEL HIJAU 900ML,8998866693608,code128,,S0004,Pcs,Pcs,Box,11810,16000,15,,,,,,,,,,,
RAPIKA UNGU BOTOL 450ML,8998866603379,code128,,S0004,Pcs,Pcs,Box,10125,13000,15,,,,,,,,,,,
RAPIKA BIRU BOTOL 450ML,8998866605632,code128,,S0004,Pcs,Pcs,Box,10125,13000,3,,,,,,,,,,,
KRISBEE PILLOW COKLAT 120G,8998866201865,code128,,S0005,Pcs,Pcs,Box,7250,10000,3,,,,,,,,,,,
KRISBEE PILLOW STW 120GR,8998866201889,code128,,S0005,Pcs,Pcs,Box,7250,10000,3,,,,,,,,,,,
JAPOTA CHIPS HONEY BUTTER 68G,8998866202473,code128,,S0005,Pcs,Pcs,Box,7600,11000,12,,,,,,,,,,,
JAPOTA CHIPS SEAWEED 68G,8998866202459,code128,,S0005,Pcs,Pcs,Box,7600,11000,30,,,,,,,,,,,
RAPIKA BIRU POUCH 400ML,8998866605649,code128,,S0004,Pcs,Pcs,Box,4360,6500,5,,,,,,,,,,,
RAPIKA UNGU POUCH 400ML,8998866603409,code128,,S0004,Pcs,Pcs,Box,3836,6500,0,,,,,,,,,,,
RAPIKA HIJAU POUCH 400ML,8998866603393,code128,,S0004,Pcs,Pcs,Box,3836,6500,6,,,,,,,,,,,
DAIMARU ISOLATIF KECIL,daimarukecil,code128,,S0009,Pcs,Pcs,Box,875,2500,2,,,,,,,,,,,
KOMIX RASA JAHE SAC,8993058300500,code128,,S0006,Pcs,Pcs,Box,1250,2500,6,,,,,,,,,,,
MY SNACK 12000,mysnack12000,code128,,S0005,Pcs,Pcs,Box,9500,12000,2,,,,,,,,,,,
RESTU IBU KECIL,206327503489,code128,,S0005,Pcs,Pcs,Box,7500,10500,2,,,,,,,,,,,
REGAL BISKUIT KLG 550 g,8993039115505,code128,,S0005,-,-,Box,47084,60000,6,,,,,,,,,,,
Counterpain COOL 30GR,8995201800059,code128,,S0006,Pcs,Pcs,Box,1,42000,8,,,,,,,,,,,
Counterpain ORI 30GR,8995201800028,code128,,S0006,Pcs,Pcs,Box,36190,40000,11,,,,,,,,,,,
Counterpain ORI 5GR,8995201800196,code128,,S0006,Pcs,Pcs,Box,1,10000,12,,,,,,,,,,,
Counterpain COOL 5GR,8995201801124,code128,,S0006,Pcs,Pcs,Box,1,10000,8,,,,,,,,,,,
LED LIGHTSPRO 7WATT,8997015100882,code128,,S0004,Pcs,Pcs,Box (24),1,45500,5,,,,,,,,,,,
LED LIGHTSPRO 3WATT,8997015101087,code128,,S0004,Pcs,Pcs,Box,1,25500,5,,,,,,,,,,,
BABY FISH,BABYFISH12000,code128,,S0005,Pcs,Pcs,Box,10800,12000,6,,,,,,,,,,,
MIE SEHAT 2 PIRING,MIESEHAT,code128,,S0005,Pcs,Pcs,Box,6750,7500,10,,,,,,,,,,,
KOPI SINGKIR ANGIN,SINGKIRANGIN,code128,,S0005,Pcs,Pcs,Box,2250,2500,6,,,,,,,,,,,
KALDU ALAMI J. MERANG,710535725308,code128,,S0005,Pcs,Pcs,Box,13500,15000,2,,,,,,,,,,,
GARAM ARIOM,ARIOM,code128,,S0005,Pcs,Pcs,Box,1350,2500,2,,,,,,,,,,,
SAMBAL BAWANG KERING,SAMBALBAWANGKERING,code128,,S0005,Pcs,Pcs,Box,22500,25000,2,,,,,,,,,,,
TANGO WFR VNLA 130G,8991102987639,code128,,S0005,Pcs,Pcs,Box,5487,7500,2,,,,,,,,,,,
COLGATE PG FRESH MINT 180G,6920354815546,code128,,S0004,Pcs,Pcs,Box,9500,16500,4,,,,,,,,,,,
KENMASTER GEMBOK KECIL,4719930300703,code128,,S0004,Pcs,Pcs,Box,1,21000,6,,,,,,,,,,,
KENMASTER GEMBOK BL40L,4719910180899,code128,,S0004,Pcs,Pcs,Box,1,43000,20,,,,,,,,,,,
KENMASTER GEMBOK BS50MM,4719907170506,code128,,S0004,Pcs,Pcs,Box,1,50000,0,,,,,,,,,,,
KENMASTER GEMBOK BS60MM,4719907170605,code128,,S0004,Pcs,Pcs,Box,1,65000,2,,,,,,,,,,,
KENMASTER OBENG,OBENG,code128,,S0004,Pcs,Pcs,Box,1,16000,2,,,,,,,,,,,
KENMASTER KANEBO,4715966000457,code128,,S0004,Pcs,Pcs,Box,1,26000,2,,,,,,,,,,,
UCAY USUS,usus,code128,,S0005,Pcs,Pcs,Box,11000,12500,2,,,,,,,,,,,
ANTANSEHAT 45G,8997030000037,code128,,S0005,Pcs,Pcs,Box,4700,6000,3,,,,,,,,,,,
CITRA HBL NOURISH 230M,8999999528928,code128,,S0004,Pcs,Pcs,Box,18900,23000,2,,,,,,,,,,,
CITRA HBL SAKURA 230M,8999999528904,code128,,S0004,Pcs,Pcs,Box,18900,23000,3,,,,,,,,,,,
CITRA PEARL WHT 230M,8999999528805,code128,,S0004,Pcs,Pcs,Box,15500,24000,24,,,,,,,,,,,
CITRA GLOWING WHT 230M,8999999528881,code128,,S0004,Pcs,Pcs,Box,15500,24000,24,,,,,,,,,,,
GATSBY PERFECT RISE 75G,8992222055482,code128,,S0004,Pcs,Pcs,Box,22900,31000,6,,,,,,,,,,,
GATSBY POM SUPREME GREASE 80G,8992222054492,code128,,S0004,Pcs,Pcs,Box,22900,31000,6,,,,,,,,,,,
GATSBY POM SUPREME HOLD 75G,8992222054980,code128,,S0004,Pcs,Pcs,Box,22900,31000,6,,,,,,,,,,,
ORIGINAL GUAVA JUS 400ML,6281100515449,code128,,S0002,Pcs,Pcs,Box,5833,8000,0,,,,,,,,,,,
OISHI CHEESE 70GR,8997004302624,code128,,S0005,Pcs,Pcs,Box,4548,7500,12,,,,,,,,,,,
SOFFEL LOT JERUK 80GR,8992772315128,code128,,S0004,Pcs,Pcs,Box,9528,14000,12,,,,,,,,,,,
TIM TAM WFR VANILA 95GR,8886015427139,code128,,S0005,Pcs,Pcs,Box,6020,9000,12,,,,,,,,,,,
TESSA TISUE DAPUR 3ROLL,8992931001114,code128,,S0004,Pcs,Pcs,Box,25250,31000,12,,,,,,,,,,,
HATI UNTA KERING,HATIUNTA,code128,,S0005,Pcs,Pcs,Box,35000,40000,12,,,,,,,,,,,
BOTOL MINUM 1000ML,8999979039895,code128,,S0004,Pcs,Pcs,Box,14250,21000,12,,,,,,,,,,,
BOTOL MINUM 800ML,8999979039888,code128,,S0004,Pcs,Pcs,Box,11916,18000,10,,,,,,,,,,,
BOTOL MINUM 400ML,8999979039871,code128,,S0004,Pcs,Pcs,Box,10250,14000,0,,,,,,,,,,,
POLAR BEAR TMP,POLARBEAR,code128,,S0004,Pcs,Pcs,Box,3250,6000,12,,,,,,,,,,,
TAKUMA TEMPAT MAKAN,TAKUMA,code128,,S0004,Pcs,Pcs,Box,6250,12000,24,,,,,,,,,,,
KG SALT COMBO 20GR PACK ,8888166606395,code128,,S0005,Pcs,Pcs,Box,7299,10500,24,,,,,,,,,,,
yakult,yakult,code128,,S0002,Pcs,Pcs,Box,1,2000,12,,,,,,,,,,,
KRUPUK RAMBAK SAPI,8990817777849,code128,,S0005,Pcs,Pcs,Box,9000,12000,12,,,,,,,,,,,
TROPICAL MG BOTOL 1L,8992946121005,code128,,S0005,Pcs,Pcs,Box,11333,14000,12,,,,,,,,,,,
TIRTAONE 600ML,8997211170030,code128,,S0002,Pcs,Pcs,Box,3104,7000,20,,,,,,,,,,,
TIRTAONE 330ML,8997211170023,code128,,S0002,Pcs,Pcs,Box,2406,4000,10,,,,,,,,,,,
OXYGENATED SPRAY 50ML,8995151110628,code128,,S0004,Pcs,Pcs,Box,48400,53500,0,,,,,,,,,,,
PENSIL ALIS SOGA,8995151150891,code128,,S0004,Pcs,Pcs,Box,22000,27000,6,,,,,,,,,,,
PENSIL ALIS LANGES,8995151150884,code128,,S0004,Pcs,Pcs,Box,20000,25000,6,,,,,,,,,,,
"LOLLY LILIN FRUIT,PINK,ORANGE 20G",8993022573244,code128,,S0005,Pcs,Pcs,Box,6300,8500,10,,,,,,,,,,,
GUDANG GARAM GG SOFT,8998989501125,code128,,S0007,Pcs,Pcs,Box,11900,14500,10,,,,,,,,,,,
MAMASUKA RUMPUT PEDAS,8995102708164,code128,,S0005,Pcs,Pcs,Box,4366,7000,12,,,,,,,,,,,
CLEAR COMPLETE SOFT CARE 160M,8999999529628,code128,,S0004,Pcs,Pcs,Box,21300,24000,6,,,,,,,,,,,
CLEAR ICE COOL MENTHOL 160M,8999999529734,code128,,S0004,Pcs,Pcs,Box,21300,24000,12,,,,,,,,,,,
CAMEL YELLOW ,8997217370199,code128,,S0007,Pcs,Pcs,Box,22700,25000,6,,,,,,,,,,,
CAMEL ACTIVATE,4033100066726,code128,,S0004,Pcs,Pcs,Box,22700,25000,0,,,,,,,,,,,
CASE BILLABONG,dompet16000,code128,,S0004,Pcs,Pcs,Box,8333,16000,12,,,,,,,,,,,
KOMIX HERBAL SACET ORI,8993058305208,code128,,S0006,Pcs,Pcs,Box,1199,3000,0,,,,,,,,,,,
KALPANAX SALEP 6GR,8992858245912,code128,,S0005,Pcs,Pcs,Box,4870,7500,0,,,,,,,,,,,
ENTROSTOP CAIR 10ML,8992858523201,code128,,S0006,Pcs,Pcs,Box (24),1680,3500,0,,,,,,,,,,,
DANE'S MILK MARIE,8886052828289,code128,,S0005,Pcs,Pcs,Box,3750,6500,0,,,,,,,,,,,
INT PEANUT CRACKER,8992758110174,code128,,S0005,Pcs,Pcs,Box,8333,12000,0,,,,,,,,,,,
INT MINI PEANUT CRACKER,8992758110563,code128,,S0005,Pcs,Pcs,Box,4104,7000,0,,,,,,,,,,,
INT SEE HONG PUFF,8992758110037,code128,,S0005,Pcs,Pcs,Box,4722,8000,0,,,,,,,,,,,
INT WAFER KRIM KELAPA PANDAN,8886052905188,code128,,S0005,Pcs,Pcs,Box,2799,6000,0,,,,,,,,,,,
INT WAFER KRIM NANAS,8886052895182,code128,,S0005,Pcs,Pcs,Box,2499,6000,0,,,,,,,,,,,
INT WAFER KRIM ORANGE,8886052891184,code128,,S0005,Pcs,Pcs,Box,2499,6000,0,,,,,,,,,,,
INT WAFER KRIM LEMON,8886052880188,code128,,S0005,Pcs,Pcs,Box,2799,6000,5,,,,,,,,,,,
EVERGREEN INSPIRING NATURE,8993417049446,code128,,S0004,Pcs,Pcs,Box,26249,30500,15,,,,,,,,,,,
EVERGREEN SERENITY DREAM,8993417049439,code128,,S0004,Pcs,Pcs,Box,26249,30500,3,,,,,,,,,,,
EVERGREEN CREERFUL BLOSSOM,8993417049422,code128,,S0004,Pcs,Pcs,Box,26249,30500,15,,,,,,,,,,,
RESIK-V MANJAKANI,8993417165115,code128,,S0004,Pcs,Pcs,Box,16599,21000,16,,,,,,,,,,,
TUSUK SATE ,TUSUKSATE,code128,,S0004,Pcs,Pcs,Box,8000,12500,12,,,,,,,,,,,
OB PERMEN HERBAL 5 BUTIR,8992003782859,code128,,S0005,Pcs,Pcs,Box,1349,2500,12,,,,,,,,,,,
OB HERBAL PLUS MADU 60ML,8992003782453,code128,,S0006,Pcs,Pcs,Box,10946,14500,28,,,,,,,,,,,
PERMEN ANTANGIN HONEY,8992003783337,code128,,S0002,Pcs,Pcs,Box,1078,2500,10,,,,,,,,,,,
SAMYANG CHICKEN RAMEN CHESE 105GR,8801073211865,code128,,S0005,Pcs,Pcs,Box,20725,25000,16,,,,,,,,,,,
MIZONE MOVE ON 500ML,8992752112310,code128,,S0002,Pcs,Pcs,Box,3083,5000,3,,,,,,,,,,,
MIZONE ACTV 500ML,8992752112013,code128,,S0002,Pcs,Pcs,Box,3083,5000,12,,,,,,,,,,,
DUNG DUNG MAKARONI,DUNGDUNG,code128,,S0005,Pcs,Pcs,Box,8500,10000,12,,,,,,,,,,,
OAT,OAT,code128,,S0005,Pcs,Pcs,Box,875,1000,4,,,,,,,,,,,
SAMYANG EXTRA HOT BOWL 105GR,8801073211872,code128,,S0005,Pcs,Pcs,Box,22798,26500,2,,,,,,,,,,,
Counterpain COOL 15GR,8995201800042,code128,,S0006,Pcs,Pcs,Box,1,29500,3,,,,,,,,,,,
ULTRA KARAMEL 200ML,8998009011740,code128,,S0002,Pcs,Pcs,Box,3620,5000,40,,,,,,,,,,,
ULTRA TARO 200ML,8998009011702,code128,,S0002,Pcs,Pcs,Box,3620,5000,40,,,,,,,,,,,
ULTRA MILK LOW FAT 1L,8998009010637,code128,,S0002,Pcs,Pcs,Box,16050,18500,12,,,,,,,,,,,
NUVO ACTIVE COOL POUCH 250M,8998866611480,code128,,S0004,Pcs,Pcs,Box,9700,12000,0,,,,,,,,,,,
SOKLIN ROSE BTL 900ML,8998866693578,code128,,S0004,Pcs,Pcs,Box,11810,16000,3,,,,,,,,,,,
SEDAAP MIE GORENG ISTIMEWA 92GR,8998866201926,code128,,S0005,Pcs,Pcs,Box,2222,3500,6,,,,,,,,,,,
SEDAAP MIE KOREAN SPICY 92GR,8998866202343,code128,,S0005,Pcs,Pcs,Box,2222,3500,3,,,,,,,,,,,
MIE SEDAAP TASTY AYAM GEPREK 124G,8998866202237,code128,,S0005,Pcs,Pcs,Box,4166,5000,6,,,,,,,,,,,
LILIN ULANG TAHUN,lilin,code128,,S0017,Pcs,Pcs,Box (10),3000,5000,6,,,,,,,,,,,
INDOCAFE SET PAKET 2'S ,9311931188011,code128,,S0005,Pcs,Pcs,Box,17930,22000,4,,,,,,,,,,,
ALAT JAHIT PAKET,6968856589886,code128,,S0004,Pcs,Pcs,Box,16500,21500,10,,,,,,,,,,,
WAJAN ENAMEL ,WAJAN65000,code128,,S0004,Pcs,Pcs,Box,47500,65000,1,,,,,,,,,,,
TEMPAT MAKAN KARAKTER,TEMPATMAKAN15000,code128,,S0004,Pcs,Pcs,Box,9000,15000,30,,,,,,,,,,,
TEMPAT MAKAN GOLDEN SUNKIST,8997230731229,code128,,S0004,Pcs,Pcs,Box,16000,21000,6,,,,,,,,,,,
SENDOK S0019 ,SENDOKS0019,code128,,S0004,Pcs,Pcs,Box,17000,22000,4,,,,,,,,,,,
PANCI SET DINEMATE,PANCISET,code128,,S0005,Pcs,Pcs,Box,127000,140000,6,,,,,,,,,,,
LOLIPOP 6000,LOLIPOP6000,code128,,S0005,Pcs,Pcs,Box,4950,6000,3,,,,,,,,,,,
ES TELER CUP 150ML,8994111352634,code128,,S0002,Pcs,Pcs,Box,1650,2000,1,,,,,,,,,,,
BOGA MAS MINYAK KELAPA 1L,BOGAMAS,code128,,S0005,Pcs,Pcs,Box,26550,30000,3,,,,,,,,,,,
PARFUM KOPI BALI,KOPIBALI,code128,,S0004,Pcs,Pcs,Box,17000,20000,10,,,,,,,,,,,
TAHU BAKSO,998250918018,code128,,S0005,Pcs,Pcs,Box,34650,37000,10,,,,,,,,,,,
TAHU BAKSO KEJU,998250918018,code128,,S0005,Pcs,Pcs,Box,34650,42500,12,,,,,,,,,,,
LIS MERY PALM SUGAR 200GR,LISMERY,code128,,S0005,Pcs,Pcs,Box,14500,16500,24,,,,,,,,,,,
JERUK NIPIS CUP ,8997001510152,code128,,S0002,Pcs,Pcs,Box,2000,2500,12,,,,,,,,,,,
DEWATA CUP 120ML ,8997029280006,code128,,S0002,Pcs,Pcs,Box,1800,2500,12,,,,,,,,,,,
CIMORY FRESH MILK COKLAT UHT 200ML,8993200664597,code128,,S0002,Pcs,Pcs,Box,4000,6000,12,,,,,,,,,,,
CIMORY FRESH MILK BANANA UHT 200ML,8993200664580,code128,,S0002,Pcs,Pcs,Box,4000,6000,12,,,,,,,,,,,
YOLITE BLUBERI BTL 250ML,8993200665013,code128,,S0002,Pcs,Pcs,Box,6350,8500,24,,,,,,,,,,,
YUPI MINI COCTAIL 15GR,8992741902922,code128,,S0005,Pcs,Pcs,Box,872,2000,24,,,,,,,,,,,
YUPI PIZZA MINI 15GR,8992741900416,code128,,S0005,Pcs,Pcs,Box,872,2000,5,,,,,,,,,,,
YUPI BERRY BURGER 16GR,8992741905510,code128,,S0005,Pcs,Pcs,Box,872,2000,20,,,,,,,,,,,
OISHI SUKY SWEET & SPICY 70GR,8997004302457,code128,,S0005,Pcs,Pcs,Box,4548,7500,12,,,,,,,,,,,
OISHI SUKY SEAWEED 70GR,8997004302440,code128,,S0005,Pcs,Pcs,Box,4548,7500,12,,,,,,,,,,,
BERAS ANAK RAJA 5KG,8997204210019,code128,,S0005,Pcs,Pcs,Box,60000,75000,6,,,,,,,,,,,
ISOLASI KADO NACHI ,ISOLASIKADO,code128,,S0009,Pcs,Pcs,Box,1250,2500,5,,,,,,,,,,,
DOUBLE TAPE 1/2,8997777070218,code128,,S0009,Pcs,Pcs,Box,2250,4000,70,,,,,,,,,,,
L-MEN 2GO LOW F COKLAT 200M,749921050014,code128,,S0002,Pcs,Pcs,Box,8250,11000,0,,,,,,,,,,,
WRP OTG ORIGINAL  200ML,7499210401466,code128,,S0002,Pcs,Pcs,Box,10450,12500,12,,,,,,,,,,,
WRP EVERDAY DELICHIPS 40G,749921040473,code128,,S0005,Pcs,Pcs,Box,8580,11000,3,,,,,,,,,,,
PAPER ONE A4 75,8993242597037,code128,,S0009,Pcs,Pcs,Box,37500,44000,3,,,,,,,,,,,
SPRITE WATERLYMON 250ML,8992761147143,code128,,S0002,Pcs,Pcs,Box,4000,6000,3,,,,,,,,,,,
JORDAN KIDS 0-2 TAHUN,7038513866304,code128,,S0004,Pcs,Pcs,Box,22679,26000,12,,,,,,,,,,,
JORDAN KIDS 3-5 TAHUN,7038513866311,code128,,S0004,Pcs,Pcs,Box,22679,26000,6,,,,,,,,,,,
JORDAN KIDS 6-9 TAHUN,7038513866328,code128,,S0004,Pcs,Pcs,Box,22678,26000,6,,,,,,,,,,,
JORDAN BUY 2 FREE 1,7038513898800,code128,,S0004,Pcs,Pcs,Box,15120,18000,12,,,,,,,,,,,
CELENGAN 11000,CELENGAN11000,code128,,S0004,Pcs,Pcs,Box,7000,11000,4,,,,,,,,,,,
CELENGAN 13500,CELENGAN13500,code128,,S0004,Pcs,Pcs,Box,9000,13500,4,,,,,,,,,,,
REXONA ICE COOL SACET,8934868015031,code128,,S0004,Pcs,Pcs,Box,1833,2000,4,,,,,,,,,,,
MY BABY PWDR SWEET FLORAL 100GR,8999908208200,code128,,S0004,Pcs,Pcs,Box,7000,10000,4,,,,,,,,,,,
MY BABY PWDR SOFT & GENTLE 100GR,8999908208101,code128,,S0004,Pcs,Pcs,Box,7000,10000,6,,,,,,,,,,,
CUSSONS PWDR FRESH & NOURISH 50G,8998103011806,code128,,S0004,Pcs,Pcs,Box,4000,6500,6,,,,,,,,,,,
ZWITSAL BDK SOFT FLORAL 100G,8992694242618,code128,,S0004,Pcs,Pcs,Box,6000,9000,6,,,,,,,,,,,
MY BABY SOAP SWEET F 70G,8999908054203,code128,,S0004,Pcs,Pcs,Box,3000,4000,6,,,,,,,,,,,
MY BABY SOAP FRESH FRUIT 70G,8999908059604,code128,,S0004,Pcs,Pcs,Box,3000,4000,4,,,,,,,,,,,
CUSSONS SOAP FRESH & NOURS 75G,8998103012650,code128,,S0004,Pcs,Pcs,Box,3000,4000,10,,,,,,,,,,,
CUSSONS SOAP MILD & GENTLE 75G,8888103200013,code128,,S0004,Pcs,Pcs,Box,3000,4000,10,,,,,,,,,,,
HEROCYN BEDAK 85GR,8996200900092,code128,,S0004,Pcs,Pcs,Box,12000,15000,12,,,,,,,,,,,
DWISAN10000,DWISAN10000,code128,,S0002,Pcs,Pcs,Box (24),9000,10000,10,,,,,,,,,,,
DWISAN15000,DWISAN15000,code128,,S0002,Pcs,Pcs,Box,13500,15000,20,,,,,,,,,,,
PROMO MG 1L,8997213550137,code128,,S0005,Pcs,Pcs,Box,9583,11000,3,,,,,,,,,,,
CAMPINA BARZ FROZEN BERRY 55M,8998009710421,code128,,S0005,Pcs,Pcs,Box,5599,7500,25,,,,,,,,,,,
CAMPINA SUNDAE WHT COFFI,8998009972362,code128,,S0005,Pcs,Pcs,Box,6400,8500,12,,,,,,,,,,,
CLEAR MEN COOL SPRT MNTL 80M,8999999529703,code128,,S0004,Pcs,Pcs,Box,9700,12000,10,,,,,,,,,,,
SILVERQUEEN DARK 65G,8991001121370,code128,,S0005,Pcs,Pcs,Box,13200,16000,30,,,,,,,,,,,
PHILIPS ESSENTIAL 18 WATT,8718291791997,code128,,S0004,Pcs,Pcs,Box,25000,31000,4,,,,,,,,,,,
SILVERQUEEN WHITE 65G,8991001121387,code128,,S0005,Pcs,Pcs,Box,10750,16000,6,,,,,,,,,,,
JAVACAFE MOCCA KLG 240M,9311931705119,code128,,S0002,Pcs,Pcs,Box,7887,10000,6,,,,,,,,,,,
TESSA TISU ROLL 8'S,8992931009165,code128,,S0004,Pcs,Pcs,Box,44500,47500,0,,,,,,,,,,,
DOMPET 10000,DOMPET10000,code128,,S0004,-,-,Box,5500,10000,60,,,,,,,,,,,
HAND TOWEL KECIL,LAPTANGAN7000,code128,,S0004,Pcs,Pcs,Box,4500,7000,6,,,,,,,,,,,
HEXOS MINT 50GR,HEXOS,code128,,S0005,Pack,Pack,Box (20),4818,6500,5,,,,,,,,,,,
ENERGEN CHOCO BITS ,8996001603291,code128,,S0005,Pcs,Pcs,Box,1150,2000,4,,,,,,,,,,,
PROMO MG 2L,8997213550144,code128,,S0005,Pcs,Pcs,Box,19000,21000,6,,,,,,,,,,,
TRIGONAL RETYPE ,6930242761060,code128,,S0009,Pcs,Pcs,Box,1,5000,6,,,,,,,,,,,
BINDEX BLUE CYBER,8994742405150,code128,,S0009,Pcs,Pcs,Box,1,35000,6,,,,,,,,,,,
FORMULA SG CHARCOAL ULTIMA ,8991102999922,code128,,S0004,Pcs,Pcs,Box,11269,13500,33,,,,,,,,,,,
FORMULA SG CROSS ACTIV 3'S,8991102021098,code128,,S0004,Pcs,Pcs,Box,8329,13500,3,,,,,,,,,,,
FORMULA SG TRIPLE A BLACK 3'S,8991102021081,code128,,S0004,Pcs,Pcs,Box,9799,15000,4,,,,,,,,,,,
MELANTEA 15000,MELANTEA15000,code128,,S0005,Pcs,Pcs,Box,12000,15000,2,,,,,,,,,,,
BUAH ZAITUN 235GR,8410522001027,code128,,S0005,Pcs,Pcs,Box,72000,77000,25,,,,,,,,,,,
WADER CRISPY 160GR,WADERCRISPY,code128,,S0005,Pcs,Pcs,Box,12000,15000,24,,,,,,,,,,,
KURMA MARYAM 500GR,KURMAMARYAM,code128,,S0005,Pcs,Pcs,Box,85000,90000,0,,,,,,,,,,,
SUPERSTAR SNAPS CONTAINER,8996001350843,code128,,S0005,Pcs,Pcs,Box,1564,2500,10,,,,,,,,,,,
greenfields full cream milk,8993351124001,code128,,S0002,Pcs,Pcs,Box,5250,7500,6,,,,,,,,,,,
WOODS BLACKURRANT,8992858688115,code128,,S0005,Pcs,Pcs,Box,3865,6000,25,,,,,,,,,,,
PIA BAROKAH 225GR,8991180014586,code128,,S0005,Pcs,Pcs,Box,11000,15000,10,,,,,,,,,,,
ENERVON C 30 TABLET,8992112011031,code128,,S0006,Pcs,Pcs,Box,32351,37000,5,,,,,,,,,,,
ENERVON C 4 TABLET,8992112011017,code128,,S0006,Pcs,Pcs,Box,4265,7500,3,,,,,,,,,,,
HANSAPLAST KOYO HANGAT ,8999777765392,code128,,S0006,Pcs,Pcs,Box,5043,8000,3,,,,,,,,,,,
IMBOOST KAPLET 10'S TAB,8998777142332,code128,,S0006,Pcs,Pcs,Box,34100,39000,3,,,,,,,,,,,
IMBOOST FORCE 10'S TAB,8998777142400,code128,,S0006,Pcs,Pcs,Box,64533,71000,0,,,,,,,,,,,
LADDAKU BTL 35GR,8997011930636,code128,,S0005,Pcs,Pcs,Box,24475,27000,6,,,,,,,,,,,
SAKATONIK LIVER 100ML,8993218301002,code128,,S0006,Pcs,Pcs,Box,8438,13500,6,,,,,,,,,,,
KRIPIK TEMPE,kripiktempe14000,code128,,S0005,Pcs,Pcs,Box,11000,14000,10,,,,,,,,,,,
GARNIER COLOR 6.26,8901526539611,code128,,S0004,Pcs,Pcs,Box,10010,12500,6,,,,,,,,,,,
GARNIER COLOR 3.1,8901526539468,code128,,S0004,Pcs,Pcs,Box,10010,12500,18,,,,,,,,,,,
WADERKU 26000,WADERKU,code128,,S0005,Pcs,Pcs,Box,24000,26000,10,,,,,,,,,,,
FORMULA SG OPTIMUS 3'S,8991102023788,code128,,S0005,Pcs,Pcs,Box,16267,23000,10,,,,,,,,,,,
MELANTEA 23000,MELANTEA23000,code128,,S0005,Pcs,Pcs,Box,20000,23000,6,,,,,,,,,,,
MELANTEA 25000,MELANTEA25000,code128,,S0005,Pcs,Pcs,Box,22000,25000,6,,,,,,,,,,,
MELANTEA 16000,MELANTEA16000,code128,,S0005,Pcs,Pcs,Box,14000,16000,12,,,,,,,,,,,
S0008 FOTO A4 20'S,8997002093814,code128,,S0009,Pcs,Pcs,Box,22000,27500,36,,,,,,,,,,,
KENKO BINDER CLIPS 155,8998838080047,code128,,S0009,Pcs,Pcs,Box,7000,10000,12,,,,,,,,,,,
CLIP BINDER BAZIC 111,6928395766858,code128,,S0009,Pcs,Pcs,Box,4500,7500,3,,,,,,,,,,,
BINDER CLIP 2000,BINDER2000,code128,,S0009,Pcs,Pcs,Box,1083,2000,10,,,,,,,,,,,
ISOLASI UNIBEL KECIL,ISOLASI4000,code128,,S0009,Pcs,Pcs,Box,1667,4000,6,,,,,,,,,,,
INDEX TABS DELI,6921734943446,code128,,S0009,Pcs,Pcs,Box,9000,15000,11,,,,,,,,,,,
NDM STABILO ,NDM,code128,,S0009,Pcs,Pcs,Box,3500,5000,2,,,,,,,,,,,
MORGEN STEKER T,STEKERMORGEN,code128,,S0009,Pcs,Pcs,Box,22400,28000,6,,,,,,,,,,,
KAOS KAKI ART SELEBRITIES,6928235188888,code128,,S0004,Pcs,Pcs,Box,16000,20000,2,,,,,,,,,,,
TAS RANSEL POLLO PASS,TASRANSELPOLLO,code128,,S0004,Pcs,Pcs,Box,158400,198000,3,,,,,,,,,,,
GEMBOK KECIL CHROME,GEMBOK28000,code128,,S0004,Pcs,Pcs,Box,22400,28000,30,,,,,,,,,,,
GEMBOK BESAR POPEYE ,GEMBOKBESAR,code128,,S0004,Pcs,Pcs,Box,27200,34000,24,,,,,,,,,,,
OLA ORGANIK BERAS MERAH,ORGANIKBERASMERAH,code128,,S0005,Pcs,Pcs,Box,45000,50000,12,,,,,,,,,,,
TARO NET TERIYAKI BBQ 65GR,8997032680381,code128,,S0005,Pcs,Pcs,Box,5854,8000,200,,,,,,,,,,,
INACO PUDING CUP MANGGO,8992726896321,code128,,S0005,Pcs,Pcs,Box,2518,4000,20,,,,,,,,,,,
INACO LYCHE BTL 350ML,8992726892484,code128,,S0002,Pcs,Pcs,Box,4978,7000,10,,,,,,,,,,,
INACO 1PCS,INACO,code128,,S0005,Pcs,Pcs,Box,1,500,40,,,,,,,,,,,
HELLO PANDA STW 45GR,8994504102327,code128,,S0005,Pcs,Pcs,Box,5100,7500,1,,,,,,,,,,,
HELLO PANDA CKLT 45GR,8994504102310,code128,,S0005,Pcs,Pcs,Box,5100,7500,24,,,,,,,,,,,
CHOCOLATOS SACET MOCA,8992775001936,code128,,S0005,Pcs,Pcs,Box,9700,13000,24,,,,,,,,,,,
ULTRA TEH KTK BLACKURRANT 200M,8998009040290,code128,,S0005,Pcs,Pcs,Box,2616,4500,8,,,,,,,,,,,
ULTRA TEH KTK APEL 200M,8998009040306,code128,,S0002,Pcs,Pcs,Box,2616,4500,12,,,,,,,,,,,
SNACK DE APIK 20000,APIK20000,code128,,S0005,Pcs,Pcs,Box,15000,20000,24,,,,,,,,,,,
WALLS CORNETO CLASSICO STW&VAN,8999999540456,code128,,S0005,Pcs,Pcs,Box,4000,5000,48,,,,,,,,,,,
WAALS FEAST DOUBL VANILLA 75M,8999999540357,code128,,S0005,Pcs,Pcs,Box,4800,7000,24,,,,,,,,,,,
WALLS SOLERO F SEMANGKA 55M,8999999547240,code128,,S0005,Pcs,Pcs,Box,1600,3500,25,,,,,,,,,,,
WALLS BROWNIE AVOCADO 110M,8999999550745,code128,,S0005,Pcs,Pcs,Box,8000,11000,12,,,,,,,,,,,
SNACK DEAPIK 15000,APIK15000,code128,,S0005,Pcs,Pcs,Box,12500,15000,45,,,,,,,,,,,
BERKAH REMPAH ,BERKAHREMPAH,code128,,S0002,Pcs,Pcs,Box,8000,11000,0,,,,,,,,,,,
MONDE SNACK GOLD 25GR,8888166994393,code128,,S0005,Pcs,Pcs,Box,1650,3500,0,,,,,,,,,,,
OREO THINS LEMON CHEESECAKE 95g,6901668007612,code128,,S0005,-,-,Box (24),9677,12500,24,,,,,,,,,,,
CIMORY FRESH MILK STW UHT 200ML,8993200664603,code128,,S0002,Pcs,Pcs,Box,4500,6500,10,,,,,,,,,,,
CIMORY FRESH MILK MATCHA UHT 200ML,8993200664610,code128,,S0002,Pcs,Pcs,Box,4000,6000,100,,,,,,,,,,,
REXONA MEN INSIBLE+ ANTIBAC 50ML,8999999520182,code128,,S0003,Pcs,Pcs,Box,14900,17000,100,,,,,,,,,,,
SKRINEER EARLOOP,8997022360019,code128,,S0003,Pcs,Pcs,Box,4400,7000,0,,,,,,,,,,,
SKRINEER HIJAB,8997022360743,code128,,S0003,Pcs,Pcs,Box,4400,7000,50,,,,,,,,,,,
COTTON BUDS CINDERELLA,8991038766605,code128,,S0003,Pcs,Pcs,Box,2500,3500,0,,,,,,,,,,,
FRESH CHOICE 270ML,FRESHCHOICE,code128,,S0002,Pcs,Pcs,Box,7500,9000,10,,,,,,,,,,,
KRUPUK IKAN TENGGIRI,8990817777856,code128,,S0005,Pcs,Pcs,Box,9000,12000,10,,,,,,,,,,,
"MAMASUKA SALTED EGG 4,5GR ",8995102708102,code128,,S0005,Pcs,Pcs,Box,4377,7000,15,,,,,,,,,,,
"MAMASUKA SAPI PGG KOREA 4,5GR",8995102708072,code128,,S0005,Pcs,Pcs,Box,4377,7000,50,,,,,,,,,,,
TEJAHE SACHET ,8992003785812,code128,,S0005,Pcs,Pcs,Box,1371,2500,10,,,,,,,,,,,
MR ALL JUS,MRALL,code128,,S0002,Pcs,Pcs,Box,8000,10000,24,,,,,,,,,,,
BERAS CIANJUR 90000,BERASCIANJUR,code128,,S0005,Pcs,Pcs,Box,85000,90000,0,,,,,,,,,,,
MAKARONI NR,3000,code128,,S0005,Pcs,Pcs,Box (24),2375,3000,10,,,,,,,,,,,
kiko steak,kiko,code128,,S0002,Pcs,Pcs,,750,1500,10,,,,,,,,,,,
TANGO WALUT POUCH 60G,8991102993333,code128,,S0005,Pcs,Pcs,Box,5879,7500,50,,,,,,,,,,,
FULLO UBICORN POUCH 80G,8991102770132,code128,,S0005,Pcs,Pcs,Box,5879,7500,12,,,,,,,,,,,
TALI RAPIA KECIL,TALIKECIL,code128,,S0005,Pcs,Pcs,Box,1000,2000,24,,,,,,,,,,,
MILKY WAY COKLAT 400ML,8997027690036,code128,,S0002,Pcs,Pcs,Box,7500,10000,5,,,,,,,,,,,
Country Choice Apple 250ml,APEL,code128,,S0002,Pcs,Pcs,Box,4085,6500,50,,,,,,,,,,,
INDOCAFE  JAHE GINGER SACET,9311931024142,code128,,S0005,Pcs,Pcs,Box,8514,13000,3,,,,,,,,,,,
MORING,MORING,code128,,S0005,Pcs,Pcs,Box,12500,16000,3,,,,,,,,,,,
CASABLANCA POMADE BLACK,8992832605794,code128,,S0004,Pcs,Pcs,Box,11250,15000,3,,,,,,,,,,,
CASABLANCA POMADE BLUE,8992832605800,code128,,S0004,Pcs,Pcs,Box,11250,15000,2,,,,,,,,,,,
CASABLANCA POMADE RED,8992832605824,code128,,S0004,Pcs,Pcs,Box,11250,15000,2,,,,,,,,,,,
CASABLANCA BM CLASSIC 100ML,8992832601192,code128,,S0004,Pcs,Pcs,Box,12000,15000,2,,,,,,,,,,,
CASABLANCA BM ILUSSION 100ML,8992832601215,code128,,S0004,Pcs,Pcs,Box,12000,15000,2,,,,,,,,,,,
CASABLANCA BM FANTASY 100ML,8992832601222,code128,,S0004,Pcs,Pcs,Box,12000,15000,2,,,,,,,,,,,
CASABLANCA BM AQUA 100ML,8992832601161,code128,,S0004,Pcs,Pcs,Box,12000,15000,1,,,,,,,,,,,
CASABLANCA BM SPORTY 100ML,8992832602731,code128,,S0004,Pcs,Pcs,Box,12000,15000,1,,,,,,,,,,,
CASABLANCA EDP AQUA 100ML,8992832594241,code128,,S0004,Pcs,Pcs,Box,24750,31000,1,,,,,,,,,,,
CASABLANCA EDP WHITE 100ML,8992832183117,code128,,S0004,Pcs,Pcs,Box,24750,31000,1,,,,,,,,,,,
CASABLANCA EDP BLACK 100ML,8992832183100,code128,,S0004,Pcs,Pcs,Box,24750,31000,2,,,,,,,,,,,
CASABLANCA EDP SAKURA 100ML,8992832183162,code128,,S0004,Pcs,Pcs,Box,24750,31000,2,,,,,,,,,,,
CASABLANCA ROLL ON MEN BLUE 50ML,8992832601666,code128,,S0004,Pcs,Pcs,Box,10500,14000,2,,,,,,,,,,,
CASABLANCA ROLL ON MEN RED 50ML,8992832603431,code128,,S0004,Pcs,Pcs,Box,10500,14000,12,,,,,,,,,,,
CASABLANCA ROLL ON MEN SILVER 50ML,8992832602854,code128,,S0004,Pcs,Pcs,Box,10500,14000,12,,,,,,,,,,,
FITBAR FRUIT 24GR,8992802063012,code128,,S0005,Pcs,Pcs,Box,3465,6000,12,,,,,,,,,,,
FITBAR COKLAT 24GR,8992802063173,code128,,S0004,Pcs,Pcs,Box,3465,6000,12,,,,,,,,,,,
FITBAR NUT 24GR,8992802063029,code128,,S0004,Pcs,Pcs,Box,3465,6000,12,,,,,,,,,,,
ZEE BAR VANILLA TWIST 20G,8992802090025,code128,,S0005,Pcs,Pcs,Box,2481,4000,12,,,,,,,,,,,
ZEE BAR SWIZZ CHOCOLATE 20G,8992802090018,code128,,S0005,Pcs,Pcs,Box,2481,4000,30,,,,,,,,,,,
ZEE RTD SWIZZ COK 200ML,8992802075015,code128,,S0002,Pcs,Pcs,Box,3151,5000,30,,,,,,,,,,,
ZEE VANILLA TWIST SAC 40GR,8992802064026,code128,,S0002,Pcs,Pcs,Box,2600,4000,1,,,,,,,,,,,
ZEE SWIZZ CHOCOLATE SAC 40GR,8992802064019,code128,,S0005,Pcs,Pcs,Box,2600,4000,17,,,,,,,,,,,
DIABETASOL SWEET 50'S,8992802605014,code128,,S0002,Pcs,Pcs,Box,27570,31000,12,,,,,,,,,,,
MIRASARI 5000,MIRASARI5000,code128,,S0005,Pcs,Pcs,Box,4500,5000,3,,,,,,,,,,,
POCKY COKLAT 12GR,8851019210230,code128,,S0005,Pcs,Pcs,Box,2900,3500,3,,,,,,,,,,,
B&B POWDER MELON BTL 150G,8993417176241,code128,,S0004,Pcs,Pcs,Box,9722,14000,3,,,,,,,,,,,
B&B POWDER BARBIE BTL 150G,8993417506215,code128,,S0004,Pcs,Pcs,Box,9722,14000,3,,,,,,,,,,,
B&B POWDER LOONEY TUN BTL 150G,8993417176210,code128,,S0004,Pcs,Pcs,Box,9722,14000,3,,,,,,,,,,,
ESKULIN POWDER PURE & MILD 150G,8993417035210,code128,,S0004,Pcs,Pcs,Box,9722,14000,3,,,,,,,,,,,
ESKULIN POWDER MICKEY 150G,8993417384219,code128,,S0004,Pcs,Pcs,Box,9722,14000,10,,,,,,,,,,,
RESIK V WHT 90ML,8993417165221,code128,,S0004,Pcs,Pcs,Box,16599,21000,0,,,,,,,,,,,
TASBIH DIGITAL,TASBIHDIGITAL,code128,,S0004,Pcs,Pcs,Box,3900,10000,0,,,,,,,,,,,
JULIES CHOCO SANDWICH,9556121031078,code128,,S0005,Pcs,Pcs,Box,7199,9500,6,,,,,,,,,,,
JULIES PEANUT SANDWICH,9556121021123,code128,,S0005,Pcs,Pcs,Box,7749,10000,3,,,,,,,,,,,
NUTELLA 350GR,7898024394181,code128,,S0005,Pcs,Pcs,Box,56650,60000,3,,,,,,,,,,,
TEH CELUP MADU 789,8997209491468,code128,,S0005,Pcs,Pcs,Box,5583,7500,3,,,,,,,,,,,
TEH CELUP LEMONGRASS 789,8997209491413,code128,,S0005,Pcs,Pcs,Box,5583,7500,3,,,,,,,,,,,
TEH CELUP LEMON 789,8997209490676,code128,,S0005,Pcs,Pcs,Box,5583,7500,10,,,,,,,,,,,
TEH CELUP HITAM 789,8997209491727,code128,,S0005,Pcs,Pcs,Box,5583,7500,10,,,,,,,,,,,
MARIE BISCUIT 145GR,8992839003029,code128,,S0005,Pcs,Pcs,Box,3675,6000,10,,,,,,,,,,,
UBM SEE HF MALKIST 260G,8992839913861,code128,,S0005,Pcs,Pcs,Box,4667,7000,10,,,,,,,,,,,
UBM PEANUT CRACKERS ROSARIA 170G,8992839006341,code128,,S0005,Pcs,Pcs,Box,4856,7000,10,,,,,,,,,,,
UBM MALKIST CRACERS 125G,8992839990725,code128,,S0005,Pcs,Pcs,Box,3675,6000,10,,,,,,,,,,,
UBM WFR VANILA 260G,8992839990251,code128,,S0005,Pcs,Pcs,Box,7245,10000,10,,,,,,,,,,,
UBM WFR PANDAN 260G,8992839300043,code128,,S0005,Pcs,Pcs,Box,7245,10000,10,,,,,,,,,,,
UBM WFR COKLAT 260G,8992839300012,code128,,S0005,Pcs,Pcs,Box,7245,10000,30,,,,,,,,,,,
UBM WFR DURIAN 260G,8992839300036,code128,,S0005,Pcs,Pcs,Box,7245,10000,50,,,,,,,,,,,
CALPICO GRAPE 63ML,8992714043065,code128,,S0002,Pcs,Pcs,Box,875,2000,5,,,,,,,,,,,
CUP RTD 50'S,RTD,code128,,S0004,Pcs,Pcs,Box,17500,20000,2,,,,,,,,,,,
LISTERINE G.TEA 100ML,8991111152073,code128,,S0003,Pcs,Pcs,Box,8360,12000,3,,,,,,,,,,,
NEGATAL KAPSUL 18'S,8992867495148,code128,,S0003,Pcs,Pcs,Box,22000,25000,72,,,,,,,,,,,
MADURASA FUT KIDZ 140ML,8993014730709,code128,,S0005,Pcs,Pcs,Box,15749,20000,14,,,,,,,,,,,
MADURASA ORI SACET 20ML,8993014731317,code128,,S0005,Pcs,Pcs,Box,750,2000,7,,,,,,,,,,,
KAOS 75000,KAOS75000,code128,,S0004,Pcs,Pcs,Box,63750,75000,10,,,,,,,,,,,
KAOS 90000,KAOS90000,code128,,S0004,Pcs,Pcs,Box,76500,90000,3,,,,,,,,,,,
CELANA PJG 150000,CELANA150000,code128,,S0004,Pcs,Pcs,Box,127500,150000,20,,,,,,,,,,,
MY BABY PWDR FRESH F 250GR,8999908060006,code128,,S0004,Pcs,Pcs,Box,12500,17000,20,,,,,,,,,,,
COTTON BUD MILLA,MILLA,code128,,S0004,Pcs,Pcs,Box,750,2000,24,,,,,,,,,,,
JUS 7000,JUS7000,code128,,S0002,Pcs,Pcs,Box,5000,7000,24,,,,,,,,,,,
BELS0005 BASO AYAM 100GR,8995229804060,code128,,S0005,Pcs,Pcs,Box,8500,10000,2,,,,,,,,,,,
BELS0005 CHICKEN NUGGET 170GR,8994130899523,code128,,S0005,Pcs,Pcs,Box,8500,10000,2,,,,,,,,,,,
VASELINE LIP THERAPY ORI 7GR,305210206779,code128,,S0004,Pcs,Pcs,Box,28500,32500,0,,,,,,,,,,,
VASELINE LIP THERAPY CREME B 7GR,305210464728,code128,,S0004,Pcs,Pcs,Box,28500,32500,0,,,,,,,,,,,
HERBAKOF SIRUP 60ML,8994388103762,code128,,S0003,Pcs,Pcs,Box,12100,14500,2,,,,,,,,,,,
SAFE CARE STRONG,8995102800738,code128,,S0003,Pcs,Pcs,Box,16370,18500,3,,,,,,,,,,,
JORDAN STEP 0-2 YEARS,8801441008448,code128,,S0004,Pcs,Pcs,Box,31000,35000,3,,,,,,,,,,,
KAGUMI COFS0018 ,8993021138499,code128,,S0004,Pcs,Pcs,Box,18500,23000,3,,,,,,,,,,,
KAGUMI THAI MANGO,8993021020718,code128,,S0004,Pcs,Pcs,Box,18500,23000,3,,,,,,,,,,,
KAGUMI VANILLA,8993021020787,code128,,S0004,Pcs,Pcs,Box,18500,23000,3,,,,,,,,,,,
KAGUMI CHOCO,8993021138482,code128,,S0004,Pcs,Pcs,Box,18500,23000,10,,,,,,,,,,,
KAGUMI BUBBLE GUM,8993021020749,code128,,S0004,Pcs,Pcs,Box,18500,23000,48,,,,,,,,,,,
BUAH20000,BUAH20000,code128,,S0005,Pcs,Pcs,Box,15000,20000,3,,,,,,,,,,,
FOYU SKM 500GR,8999801700030,code128,,S0005,Pcs,Pcs,Box,9791,12000,0,,,,,,,,,,,
PROCHIZ SPREADY 170G,8997014450155,code128,,S0005,Pcs,Pcs,Box,10358,13000,3,,,,,,,,,,,
ANTIS JERUK NIPIS 60ML,8992772265027,code128,,S0004,Pcs,Pcs,Box,8052,13000,3,,,,,,,,,,,
PROCHIZ GOLD 170G,8997014450216,code128,,S0005,Pcs,Pcs,Box,12000,15000,24,,,,,,,,,,,
PROCHIZ EASY MELT 170G,8997014450377,code128,,S0005,Pcs,Pcs,Box,19999,23000,24,,,,,,,,,,,
YUPI JUNGLE,8992741902250,code128,,S0005,Pcs,Pcs,Box,428,1000,24,,,,,,,,,,,
YUPI ICE CREAM,8992741904728,code128,,S0005,Pcs,Pcs,Box,428,1000,24,,,,,,,,,,,
YUPI GUMMY FANGS,8992741903134,code128,,S0005,Pcs,Pcs,Box,428,1000,24,,,,,,,,,,,
YUPI FRUITY COLA ,8992741945004,code128,,S0005,Pcs,Pcs,Box,428,1000,20,,,,,,,,,,,
YUPI MILLY MOOS,8992741955140,code128,,S0005,Pcs,Pcs,Box,428,1000,20,,,,,,,,,,,
SNACK DE APIK 8000,APIK8000,code128,,S0005,Pcs,Pcs,Box,5500,8000,0,,,,,,,,,,,
SNACK DEAPIK 12000,APIK12000,code128,,S0005,Pcs,Pcs,Box,4500,12000,36,,,,,,,,,,,
ALKALINE AA + 3 GRATIS,8886022971328,code128,,S0004,Pcs,Pcs,Box,25355,31000,5,,,,,,,,,,,
WALLS SOLERA MANGGA 65M,8999999547448,code128,,S0005,Pcs,Pcs,Box,4000,6000,5,,,,,,,,,,,
SEBLAK MOMY PECEL,8997211180039,code128,,S0005,Pcs,Pcs,Box,16000,18000,2,,,,,,,,,,,
SEBLAK MOMY RICA RICA,8997211180053,code128,,S0005,Pcs,Pcs,Box,16000,18000,10,,,,,,,,,,,
SEBLAK MOMY IGA BAKAR,8997211180046,code128,,S0005,Pcs,Pcs,Box,16000,18000,24,,,,,,,,,,,
INSTA 16,8991907101032,code128,,S0004,Pcs,Pcs,Box,11500,14000,12,,,,,,,,,,,
MALEE JUICE ORG 200ML,8853333004953,code128,,S0005,Pcs,Pcs,Box,6439,8500,12,,,,,,,,,,,
MALEE COCO 330ML,8853333015393,code128,,S0002,Pcs,Pcs,Box,18399,21000,12,,,,,,,,,,,
MALEE COCO 1LITER,8853333017571,code128,,S0002,Pcs,Pcs,Box,41399,45000,12,,,,,,,,,,,
MALEE JUICE ORG 1L,8853333000016,code128,,S0002,Pcs,Pcs,Box,32199,35000,6,,,,,,,,,,,
REGAL MARIE DUO PEANUT 100GR,8993039242614,code128,,S0005,Pcs,Pcs,Box,4500,6500,6,,,,,,,,,,,
MAYASI KCG JEPANG SPICY 65GR,8991002502727,code128,,S0005,Pcs,Pcs,Box,7180,9500,6,,,,,,,,,,,
MAYASI KORO PDS 65GR,8991002502161,code128,,S0005,Pcs,Pcs,Box,7180,9500,6,,,,,,,,,,,
MAYASI GARLIC 65GR,8991002502338,code128,,S0005,Pcs,Pcs,Box,7180,9500,24,,,,,,,,,,,
MAYASI KORO KEJU 65GR,8991002502260,code128,,S0005,Pcs,Pcs,Box,7180,9500,6,,,,,,,,,,,
HAPPY ZODA 250ML,8999510949003,code128,,S0002,Pcs,Pcs,Box,4400,6500,6,,,,,,,,,,,
HATARI SEE HONG PUFF 260G,8997025914059,code128,,S0005,Pcs,Pcs,Box,5352,7500,2,,,,,,,,,,,
KOPI 18000,KOPI18000,code128,,S0002,Pcs,Pcs,Box,16500,18000,6,,,,,,,,,,,
KOPI 15000,KOPI15000,code128,,S0002,Pcs,Pcs,Box,13500,15000,12,,,,,,,,,,,
HEXOS EXTRA MINT SAC 50GR,8998685014240,code128,,S0005,Pcs,Pcs,Box,4150,6500,4,,,,,,,,,,,
MINUTE MAID PULPY JAMBU 300M,8992761164591,code128,,S0002,Pcs,Pcs,Box,4150,6500,16,,,,,,,,,,,
TEJAHE SEKOTENG PERMEN,8992003785959,code128,,S0005,Pcs,Pcs,Box,6450,8000,16,,,,,,,,,,,
HAPPY TOS HIJAU 160GR,8993027121600,code128,,S0005,Pcs,Pcs,Box,10000,14000,12,,,,,,,,,,,
HAPPY TOS CHEESE 140GR,8993027163907,code128,,S0005,Pcs,Pcs,Box,10000,13000,12,,,,,,,,,,,
LUWAK TARIK MALAKA SACET,8994171101968,code128,,S0005,Pcs,Pcs,Box,9416,12000,24,,,,,,,,,,,
JOYCO BINDER CLIP 111,8993988065074,code128,,S0004,Pcs,Pcs,Box,4000,7000,15,,,,,,,,,,,
WONG COCO PUDING 168G,8998288014111,code128,,S0005,Pcs,Pcs,Box,4800,7500,0,,,,,,,,,,,
WOOD HONEY LEMON,8992858688214,code128,,S0005,Pcs,Pcs,Box,3865,6000,20,,,,,,,,,,,
PIKONG BALADO,PIKONG,code128,,S0005,Pcs,Pcs,Box,15000,18000,1,,,,,,,,,,,
BU ANAS 16000,BUANAS16000,code128,,S0005,Pcs,Pcs,Box,13000,16000,10,,,,,,,,,,,
SAMBEL ULEG RYRIEN TERASI,ULEGTERASI,code128,,S0005,Pcs,Pcs,Box,21500,25000,12,,,,,,,,,,,
KIN YOGURT BLUEBERRY 200ML,8997220410103,code128,,S0002,Pcs,Pcs,Box,7600,9500,15,,,,,,,,,,,
HALLS XS SUGAR FREE 15GR,8850338027802,code128,,S0005,Pcs,Pcs,Box,7425,9500,0,,,,,,,,,,,
DELFI CHACHA MILK COK 60G,8991001502254,code128,,S0005,Pcs,Pcs,Box,7315,11000,24,,,,,,,,,,,
CHACHA MINIS 40G,8991001502933,code128,,S0005,Pcs,Pcs,Box,5863,11500,10,,,,,,,,,,,
DELFI TOP BLACK WHT 16G,8991001242983,code128,,S0005,Pcs,Pcs,Box,770,1000,24,,,,,,,,,,,
DELFI TOP XTRA STW 38G,8991001242631,code128,,S0005,Pcs,Pcs,Box,2816,4000,6,,,,,,,,,,,
DELFI TOP XTRA COKLAT 38G,8991001242273,code128,,S0005,Pcs,Pcs,Box,2816,4000,6,,,,,,,,,,,
PRINGLES SOUR CREAM 42GR,8886467100246,code128,,S0005,Pcs,Pcs,Box,6842,9000,0,,,,,,,,,,,
PRINGLES ORIGINAL 42GR,8886467100260,code128,,S0005,Pcs,Pcs,Box,6842,9000,0,,,,,,,,,,,
DELFI TWISTER CHOCO 80G,8991001780232,code128,,S0005,Pcs,Pcs,Box,5940,8000,30,,,,,,,,,,,
DELFI TWISTER BLACK 80G,8991001780225,code128,,S0005,Pcs,Pcs,Box,5940,8000,24,,,,,,,,,,,
DELFI CHIC CHOC 55G,8991001501011,code128,,S0005,Pcs,Pcs,Box,6677,10000,3,,,,,,,,,,,
CIMORY FULL CREAM 200ML,8993200664696,code128,,S0002,Pcs,Pcs,Box,4000,6000,0,,,,,,,,,,,
DWISAN MADU BIMA ,DWISAN75000,code128,,S0005,Pcs,Pcs,Box,67500,75000,0,,,,,,,,,,,
MAKARONI KLETIKAN,KLETIKAN6000,code128,,S0005,Pcs,Pcs,Box,4000,6000,0,,,,,,,,,,,
MAMA LEMON 750ML,8998866182188,code128,,S0001,Pcs,Pcs,Box,18150,23500,0,,,,,,,,,,,
MAMA LEMON 750ML,8998866105170,code128,,S0001,Pcs,Pcs,Box,18150,23500,0,,,,,,,,,,,
DAIA LEMON 850GR,8998866604932,code128,,S0001,Pcs,Pcs,Box,15238,18500,10,,,,,,,,,,,
TEH JAVANA GULABATU,8998866201827,code128,,S0005,Pcs,Pcs,Box,2104,4000,0,,,,,,,,,,,
MADU BIMA HITAM,maduhitam,code128,,S0005,Pcs,Pcs,Box,60000,70000,0,,,,,,,,,,,
SELAMAT BLACK VANILLA,8991001770301,code128,,S0005,Pcs,Pcs,Box,10582,14000,15,,,,,,,,,,,
SELAMAT DOUBLE CHOCHO,8991001770486,code128,,S0005,Pcs,Pcs,Box,10582,14000,10,,,,,,,,,,,
CHACHA PEANUT,8991001501097,code128,,S0005,Pcs,Pcs,Box,7315,11000,24,,,,,,,,,,,
TAKE IT 37G,8991001111944,code128,,S0005,Pcs,Pcs,Box,6028,8500,0,,,,,,,,,,,
TAKE IT 17G,8991001111623,code128,,S0005,Pcs,Pcs,Box,3025,5000,0,,,,,,,,,,,
CERES MILK,8991001302267,code128,,S0005,Pcs,Pcs,Box,8195,11500,12,,,,,,,,,,,
CERES CLASIC,8991001301017,code128,,S0005,Pcs,Pcs,Box,8195,11500,3,,,,,,,,,,,
WRP COOKIES COCOLATE CHIP 30GR,749921040213,code128,,S0005,Pcs,Pcs,Box,5500,7500,3,,,,,,,,,,,
GARNIER SAKURA WHT FOAM 100M,8994993009534,code128,,S0004,Pcs,Pcs,Box,26400,28500,1,,,,,,,,,,,
GARNIER SAKURA WHT FOAM 50M,8992304082009,code128,,S0004,Pcs,Pcs,Box,17380,19500,2,,,,,,,,,,,
LOREAL MEN VITA LIFT 100GR,8992304002830,code128,,S0004,Pcs,Pcs,Box,50600,54000,2,,,,,,,,,,,
LOREAL MEN VOLCANO 100GR,8992304032431,code128,,S0004,Pcs,Pcs,Box,33990,36500,2,,,,,,,,,,,
LOREAL MEN CHARCOAL ICY EFFECT 100M,8992304025556,code128,,S0004,Pcs,Pcs,Box,33990,38000,68,,,,,,,,,,,
LOREAL WHITE ACTIV BRIGHT 100ML,8992304009679,code128,,S0004,Pcs,Pcs,Box,32500,36500,20,,,,,,,,,,,
COKLAT DELFI SACET,COKLAT,code128,,S0005,Pcs,Pcs,Box,2500,3000,12,,,,,,,,,,,
KAOS KAKI 14000 ,KAOSKAKI14000,code128,,S0004,Pcs,Pcs,Box,12000,14000,3,,,,,,,,,,,
MASKER KAIN 7000,MASKERKAIN,code128,,S0004,Pcs,Pcs,Box,5000,7000,3,,,,,,,,,,,
BELS0005 SOSIS BAKAR 500GR,8994130899639,code128,,S0005,Pcs,Pcs,Box,24700,27500,12,,,,,,,,,,,
BELS0005 CRISPY BURGER 315GR,8994130899417,code128,,S0005,Pcs,Pcs,Box,13600,16500,12,,,,,,,,,,,
ESKULIN SHP & COND SMOOTH & SHINY,8993417400254,code128,,S0004,Pcs,Pcs,Box,14736,18000,12,,,,,,,,,,,
ESKULIN SHP&COND SOFT & SILKY 200M,8993417400261,code128,,S0004,Pcs,Pcs,Box,14736,18000,12,,,,,,,,,,,
ESKULIN S COLG BLOSSOM ICE 125M,8993417412264,code128,,S0004,Pcs,Pcs,Box,14999,17500,12,,,,,,,,,,,
ESKULIN S COLG FRUITY ICE 125M,8993417412257,code128,,S0004,Pcs,Pcs,Box,14999,17500,2,,,,,,,,,,,
ESKULIN M COLG LOVELY F 125M,8993417402265,code128,,S0004,Pcs,Pcs,Box,14999,17500,6,,,,,,,,,,,
SLEEK 4LITER,8993417227516,code128,,S0004,Pcs,Pcs,Box,140499,150500,121,,,,,,,,,,,
SLEEK BABY TELON OIL 30ML,8993417225116,code128,,S0003,Pcs,Pcs,Box,11880,15000,36,,,,,,,,,,,
SLEEK BABY TELON OIL 70ML,8993417225215,code128,,S0004,Pcs,Pcs,Box,23699,26500,24,,,,,,,,,,,
WALLS PADDLE POP TWISTER FRUIT,8999999546045,code128,,S0005,Pcs,Pcs,Box,3200,5000,4,,,,,,,,,,,
WALLS BLACK HOJICHA,8999999548605,code128,,S0005,Pcs,Pcs,Box,9600,13000,6,,,,,,,,,,,
SALONPAS CREAM 15GR,8992870310186,code128,,S0004,Pcs,Pcs,Box,13079,16000,6,,,,,,,,,,,
SALONPAS GEL 15GR,8992870110144,code128,,S0003,Pcs,Pcs,Box,11784,15000,4,,,,,,,,,,,
SASA SAMBAL TERASI SACET 10'S,8991188943406,code128,,S0005,Pcs,Pcs,Box,10976,14000,4,,,,,,,,,,,
SASA LARASA BMB NASI GRG SPC,8992736424293,code128,,S0005,Pcs,Pcs,Box,1225,2500,0,,,,,,,,,,,
SASA LARASA BMB NASI GRG JAWA,8992736624310,code128,,S0005,Pcs,Pcs,Box,1225,2500,0,,,,,,,,,,,
CALPICO SODA,8992714034049,code128,,S0002,Pcs,Pcs,Box,4800,7000,4,,,,,,,,,,,
PETIT CHOCO MIX,8998009720833,code128,,S0005,Pcs,Pcs,Box,799,2500,4,,,,,,,,,,,
STIK TEST BALADO,STIK25000,code128,,S0005,Pcs,Pcs,Box,21000,25000,6,,,,,,,,,,,
kripik singkong,kripik13000,code128,,S0005,Pcs,Pcs,Box,10000,13000,0,,,,,,,,,,,
JUS ROMANTEA ,ROMANTEA,code128,,S0002,Pcs,Pcs,Box,7000,9000,10,,,,,,,,,,,
OISHI PILLOWS DRN,8997004301283,code128,,S0005,Pcs,Pcs,Box,7586,10500,10,,,,,,,,,,,
SELAMAT CHOCOLATE 60G,8991001780126,code128,,S0005,Pcs,Pcs,Box,3905,6000,0,,,,,,,,,,,
SELAMAT DB CHOCOLATE 60G,8991001781420,code128,,S0005,Pcs,Pcs,Box,3905,6000,5,,,,,,,,,,,
SUKI AYAM KECAP,8994834002243,code128,,S0005,Pcs,Pcs,Box,5185,8500,3,,,,,,,,,,,
BABY FISH BBQ 60GR,8991004018448,code128,,S0002,Pcs,Pcs,Box,13500,15000,1,,,,,,,,,,,
BABY FISH GURIH 60GR,8991004018417,code128,,S0005,Pcs,Pcs,Box,13500,15000,1,,,,,,,,,,,
BABY FISH KEJU 60GR,8991004018431,code128,,S0005,Pcs,Pcs,Box,13500,15000,1,,,,,,,,,,,
BABY FISH RENDANG 60GR,8991004018455,code128,,S0005,Pcs,Pcs,Box,13500,15000,3,,,,,,,,,,,
BABY FISH PEDAS 60GR,8991004018424,code128,,S0005,Pcs,Pcs,Box,13500,15000,3,,,,,,,,,,,
KRIPIK BU SEMI,BUSEMI,code128,,S0005,Pcs,Pcs,Box,16200,18000,1,,,,,,,,,,,
ABYAN SNACK,ABYAN14000,code128,,S0005,Pcs,Pcs,Box,11700,14000,8,,,,,,,,,,,
JAMUR MERANG KALDU SAPI,710535725322,code128,,S0005,Pcs,Pcs,Box,13500,15000,12,,,,,,,,,,,
SAMBAL 51000,SAMBAL51000,code128,,S0005,Pcs,Pcs,Box,45900,51000,6,,,,,,,,,,,
KAOS KAKI 12000,kaoskaki12000,code128,,S0004,Pcs,Pcs,Box (24),9000,12000,6,,,,,,,,,,,
INTERBIS KELAPA 230GR,8886052902286,code128,,S0005,Pcs,Pcs,Box,5749,7500,6,,,,,,,,,,,
INTERBIS RENO PEANUT BON 185G,8886052904181,code128,,S0005,Pcs,Pcs,Box,4349,7000,6,,,,,,,,,,,
JULIES CHOCO MORE 43G,9556121027071,code128,,S0005,Pcs,Pcs,Box,1650,3000,12,,,,,,,,,,,
JULIES PEANUT BUTTER 43G,9556121024193,code128,,S0005,Pcs,Pcs,Box,1650,3000,10,,,,,,,,,,,
BENG BENG KALPA 28GR,8996001354001,code128,,S0005,Pcs,Pcs,Box,1500,2500,10,,,,,,,,,,,
HA HA MIE 20GR,8997213770023,code128,,S0005,Pcs,Pcs,Box,800,2000,10,,,,,,,,,,,
WANG CHIP 20GR,8997213770016,code128,,S0005,Pcs,Pcs,Box,800,2000,10,,,,,,,,,,,
TRICKS ASIAN BBQ 20GR,8994391012785,code128,,S0005,Pcs,Pcs,Box,800,2000,2,,,,,,,,,,,
TRICKS ORI 20GR,8994391135415,code128,,S0005,Pcs,Pcs,Box,800,2000,10,,,,,,,,,,,
TRICKS KIMCHI 20GR,8994391135422,code128,,S0005,Pcs,Pcs,Box,800,2000,0,,,,,,,,,,,
GERY EXTRUDE COK 30GR,8992775000076,code128,,S0005,Pcs,Pcs,Box,1650,3000,2,,,,,,,,,,,
FRESTEA LYCHEE,8992761122539,code128,,S0002,Pcs,Pcs,Box,4399,7000,2,,,,,,,,,,,
KOPI 14000,KOPI12000,code128,,S0002,Pcs,Pcs,Box,12000,14000,10,,,,,,,,,,,
KOPI 17000,KOPI17000,code128,,S0002,Pcs,Pcs,Box,15000,17000,24,,,,,,,,,,,
LARUTAN CAN STW ANAK 238ML,8999988808628,code128,,S0002,Pcs,Pcs,Box,4950,6500,20,,,,,,,,,,,
ultra milk moka 250ml,8998009010255,code128,,S0002,Pcs,Pcs,,4658,6500,10,,,,,,,,,,,
GULA ROSE BRAND 1KG,8993093665497,code128,,S0005,Pcs,Pcs,Box,11500,14000,6,,,,,,,,,,,
PIRING ULTAH EMAS/PUTIH 10'S,PIRING7000,code128,,S0004,Pcs,Pcs,Box,5000,7000,6,,,,,,,,,,,
GOOD TIME DOUBLE CHOC 72GR,8886015203115,code128,,S0005,Pcs,Pcs,Box,5854,8000,6,,,,,,,,,,,
GOOD TIME MILKY VANILA 72GR,8994755030677,code128,,S0005,Pcs,Pcs,Box,5854,8000,40,,,,,,,,,,,
GOOD TIME RAINBOW 72GR,8994755030479,code128,,S0005,Pcs,Pcs,Box,5854,8000,12,,,,,,,,,,,
NYAM POP STIK 13G,8994755020463,code128,,S0005,Pcs,Pcs,Box,823,1500,12,,,,,,,,,,,
NYAM STW 18GR,8994755020241,code128,,S0005,Pcs,Pcs,Box,2691,4000,0,,,,,,,,,,,
NYAM COKLAT MAGIC ADV 18GR,8886015414061,code128,,S0005,Pcs,Pcs,Box,2691,4000,6,,,,,,,,,,,
NYAM COKLAT RAINBOW LUMOS 22GR,8886015402037,code128,,S0005,Pcs,Pcs,Box,2691,4000,12,,,,,,,,,,,
NYAM STW  LUMOS 22GR,8886015403034,code128,,S0005,Pcs,Pcs,Box,2691,4000,20,,,,,,,,,,,
NYAM BUBLEGUM LUMOS 23GR,8994755020357,code128,,S0005,Pcs,Pcs,Box,2691,4000,12,,,,,,,,,,,
LUWAK WHT KOPI SACET 10'S,8994171101371,code128,,S0005,Pcs,Pcs,Box,11495,13500,30,,,,,,,,,,,
SASA SANTAN BUBUK 23GR,8992736225494,code128,,S0005,Pcs,Pcs,Box,1568,2500,30,,,,,,,,,,,
SILVERQUEEN FRUIT NUT 30G,8991001111319,code128,,S0005,Pcs,Pcs,Box,5000,7500,6,,,,,,,,,,,
SILVERQUEEN ALMOND 30G,8991001111296,code128,,S0005,Pcs,Pcs,Box,5000,7500,6,,,,,,,,,,,
BUKU AGENDA 32K HITAM,AGENDA25000,code128,,S0009,Pcs,Pcs,Box,15000,25000,6,,,,,,,,,,,
GUNTING JOY ART,8993988345060,code128,,S0009,Pcs,Pcs,Box,6000,12000,12,,,,,,,,,,,
JOYCO PEN MEJA PSGP 147,8993988280606,code128,,S0009,Pcs,Pcs,Box,5416,11000,12,,,,,,,,,,,
JOYCO PEN BP 179,8993988280958,code128,,S0009,Pcs,Pcs,Box,2291,4500,12,,,,,,,,,,,
JOYCO PEN QUACO 2 MIX,QUACO2,code128,,S0009,Pcs,Pcs,Box,4166,8000,112,,,,,,,,,,,
CASE PEN DCB 43B,8993988033622,code128,,S0009,Pcs,Pcs,Box,5833,15000,12,,,,,,,,,,,
CASE PEN MICRO 4204 A6,6916102242047,code128,,S0009,Pcs,Pcs,Box,2916,7000,30,,,,,,,,,,,
PAPER ONE F4 75GR,8993242598034,code128,,S0009,Pcs,Pcs,Box,41500,47000,6,,,,,,,,,,,
SALONPAS LINIMENT 30ML,8992870110120,code128,,S0003,Pcs,Pcs,Box,11891,16000,3,,,,,,,,,,,
SALONPAS LINIMENT 50ML,8992870110151,code128,,S0004,Pcs,Pcs,Box,18018,21000,20,,,,,,,,,,,
MADU ENAK SACET,MADUENAK,code128,,S0005,Pcs,Pcs,Box,750,1500,0,,,,,,,,,,,
KIN FRESH MILK 200ML,8997220410073,code128,,S0005,Pcs,Pcs,Box,6319,10500,24,,,,,,,,,,,
KIN SUSU SEGAR COKLAT 200ML,8997220410080,code128,,S0002,Pcs,Pcs,Box,6139,8500,24,,,,,,,,,,,
MR. POTATO RASA BALADO 38GR,8993004787485,code128,,S0002,Pcs,Pcs,Box,4997,7000,6,,,,,,,,,,,
FITCHIPS CHEESE & HERB 60GR,8992802095068,code128,,S0005,Pcs,Pcs,Box,10854,14000,6,,,,,,,,,,,
FITCHIPS HONEY BBQ 60GR,8992802095020,code128,,S0005,Pcs,Pcs,Box,10854,14000,6,,,,,,,,,,,
FITCHIPS CHEESE & HERB 60GR,8992802095013,code128,,S0005,Pcs,Pcs,Box,10854,14000,0,,,,,,,,,,,
ASTOR CEMILAN,CEMILANTETEH,code128,,S0005,Pcs,Pcs,Box,8000,11000,10,,,,,,,,,,,
CITREK 10000,CITREK10000,code128,,S0005,Pcs,Pcs,Box,7500,10000,1,,,,,,,,,,,
CHOCOLATOS COFFE COKLAT SACET 4'S,8992775001394,code128,,S0005,Pcs,Pcs,Box,1,4000,12,,,,,,,,,,,
HYDRO COCO 330ML,8997009781493,code128,,S0005,Pcs,Pcs,Box,6472,8500,30,,,,,,,,,,,
PUDING ,PUDING,code128,,S0005,Pcs,Pcs,Box,7000,9000,0,,,,,,,,,,,
KOPI 20000,kopi20000,code128,,S0002,Pcs,Pcs,Box,17000,20000,1,,,,,,,,,,,
BERAS MERAH CIANJUR 1KG,BERASMERAHCIANJUR,code128,,S0005,Pcs,Pcs,Box,35000,40000,1,,,,,,,,,,,
BERAS PUTIH CIHERANG 1KG,BERASPUTIHCIHERANG,code128,,S0005,Pcs,Pcs,Box,27000,30000,1,,,,,,,,,,,
BERAS HITAM CIANJUR 1KG,BERASHITAMCIANJUR,code128,,S0005,Pcs,Pcs,Box,45000,50000,0,,,,,,,,,,,
WPC PMBERSIH TOILET 600ML,8998866804073,code128,,S0001,Pcs,Pcs,Box,12401,17000,0,,,,,,,,,,,
POSH FOR GIRLS 150ML,8998866106474,code128,,S0003,Pcs,Pcs,Box,16500,22500,0,,,,,,,,,,,
EMERON SHAMPHOO BLACK 80ML,8998866100557,code128,,S0001,Pcs,Pcs,Box,6200,10000,0,,,,,,,,,,,
ZINC SHAMPOO SOFT CARE,8998866606813,code128,,S0001,Pcs,Pcs,Box,7100,11000,0,,,,,,,,,,,
ZINC SHAMPOO BLACK SHINE,8998866104920,code128,,S0003,Pcs,Pcs,Box,7100,11000,0,,,,,,,,,,,
ZINC SHAMPOO HAIR FALL,8998866104043,code128,,S0001,Pcs,Pcs,Box,7100,11000,0,,,,,,,,,,,
ZINC SHAMPOO CLEAN ACTIVE,8998866101981,code128,,S0003,Pcs,Pcs,Box,7100,11000,0,,,,,,,,,,,
SO KLIN FINE F,8998866809221,code128,,S0003,Pcs,Pcs,Box,9265,14000,12,,,,,,,,,,,
SEDAAP CUP SPICY CHICKEN,8998866202404,code128,,S0005,Pcs,Pcs,Box,3758,6500,0,,,,,,,,,,,
ZINC SHAMPOO COOL,8998866101998,code128,,S0004,Pcs,Pcs,Box,7100,11000,0,,,,,,,,,,,
DOWNY SUNRISE FRESH,4902430178198,code128,,S0001,Pcs,Pcs,Box,36400,39000,0,,,,,,,,,,,
DOWNY CUON HUT,4902430693400,code128,,S0003,Pcs,Pcs,Box,36400,39000,0,,,,,,,,,,,
DOWNY SWEETHEART,4902430731645,code128,,S0003,Pcs,Pcs,Box,10874,13000,0,,,,,,,,,,,
DOWNY PASSION,4902430716635,code128,,S0003,Pcs,Pcs,Box,10874,13000,0,,,,,,,,,,,
DOWNY MYSTIQUE,4902430716628,code128,,S0003,Pcs,Pcs,Box,10874,13000,6,,,,,,,,,,,
VICKS VB 5G,4987176018403,code128,,S0003,Pcs,Pcs,Box,4075,6500,4,,,,,,,,,,,
PANTENE SHP ANTI K 70ML,4902430401173,code128,,S0003,Pcs,Pcs,Box,11074,14000,4,,,,,,,,,,,
PANTENE SHAMPO RR,4902430401142,code128,,S0003,Pcs,Pcs,Box,11074,14000,0,,,,,,,,,,,
PANTENE SHAMPO AL,4902430792219,code128,,S0003,Pcs,Pcs,Box,10568,13000,4,,,,,,,,,,,
PANTENE SHAMPO HP,4902430419017,code128,,S0003,Pcs,Pcs,Box,11074,14000,2,,,,,,,,,,,
H&S BERSIHARUM,4902430414289,code128,,S0003,Pcs,Pcs,Box,10148,13000,4,,,,,,,,,,,
H&S LEMON SEGAR,4902430553629,code128,,S0003,Pcs,Pcs,Box,10148,13000,10,,,,,,,,,,,
TAKE IT DARK 4F 35GR,8991001112118,code128,,S0005,Pcs,Pcs,Box,6622,9000,20,,,,,,,,,,,
S0008 FOLIO,FOLIOBERGARIS,code128,,S0009,Pcs,Pcs,Box,1300,3000,6,,,,,,,,,,,
BAYCLIN REGULER 100ML,8998899013015,code128,,S0004,Pcs,Pcs,Box,2216,4000,6,,,,,,,,,,,
BAYGON JMB BKR MERAH,8998899001920,code128,,S0004,Pcs,Pcs,Box,3214,5000,6,,,,,,,,,,,
BAYGON JMB BKR LAVENDER,8998899001623,code128,,S0004,Pcs,Pcs,Box,3214,5000,3,,,,,,,,,,,
BAYGON ALAT LAVENDER ISI ULANG 22ML,8998899995519,code128,,S0004,Pcs,Pcs,Box,13706,16500,3,,,,,,,,,,,
BAYGON SPRAY CITRUS 200ML,8998899400341,code128,,S0004,Pcs,Pcs,Box,13826,16500,3,,,,,,,,,,,
BAYGON SPRAY SILK LAV 200ML,8998899400358,code128,,S0004,Pcs,Pcs,Box,13826,16500,2,,,,,,,,,,,
GULA AREN CAIR 500ML,GULAAREN29000,code128,,S0005,Pcs,Pcs,Box,25000,29000,2,,,,,,,,,,,
GULA AREN SEMUT 1KG,GULAAREN49000,code128,,S0005,Pcs,Pcs,Box,45000,49000,6,,,,,,,,,,,
HBL YOGURT BLACKCURRANT 200M,7499221133155,code128,,S0002,Pcs,Pcs,Box,7700,9500,5,,,,,,,,,,,
BAKSO GORENG 200GR,8992786400049,code128,,S0005,Pcs,Pcs,Box,10000,14000,0,,,,,,,,,,,
ORIGINAL ORANGE CARROT,6281100515418,code128,,S0002,Pcs,Pcs,Box,5822,8000,10,,,,,,,,,,,
OATMEAL,OATMEAL,code128,,S0005,Pcs,Pcs,Box,6000,8000,4,,,,,,,,,,,
KENMASTER WATER PUMP ,4719904230012,code128,,S0004,Pcs,Pcs,Box,1,50000,3,,,,,,,,,,,
KENMASTER BOTOL SPRAY,4719940010258,code128,,S0004,Pcs,Pcs,Box,1,15000,3,,,,,,,,,,,
KENMASTER SENTER LED LP722,4719920060181,code128,,S0004,Pcs,Pcs,Box,1,65000,10,,,,,,,,,,,
KENMASTER STEKER 203B,4719920080240,code128,,S0005,Pcs,Pcs,Box,1,43000,3,,,,,,,,,,,
LISTERINE SIWAK 250ML,8991111153148,code128,,S0006,Pcs,Pcs,Box,21505,26000,0,,,,,,,,,,,
STIK KEJU MOISTA,moistakeju,code128,,S0005,Pcs,Pcs,Box,10000,12000,0,,,,,,,,,,,
WEDANG UWUH,wedang,code128,,S0002,-,-,Box,30000,40000,0,,,,,,,,,,,
MAMA LIME 750ML,8998866100700,code128,,S0001,Pcs,Pcs,Box,19550,24500,12,,,,,,,,,,,
MITU BABY GP,8992745540823,code128,,S0003,Pcs,Pcs,Box,9500,14000,0,,,,,,,,,,,
CITRA NOURISHING ,8999999528836,code128,,S0003,Pcs,Pcs,Box,9400,13000,12,,,,,,,,,,,
GERY SALUUT WAFFLE,8992775315125,code128,,S0005,Pcs,Pcs,Box,1668,4000,0,,,,,,,,,,,
MAMA LEMON 780ML,LEMON,code128,,S0001,Pcs,Pcs,Box,14300,18500,40,,,,,,,,,,,
BIR PLETOK,BIR,code128,,S0002,Pcs,Pcs,Box (24),8000,10000,10,,,,,,,,,,,
BERAS ROJO LELE SUPER,ROJOLELE,code128,,S0005,Pcs,Pcs,Box,62000,70000,10,,,,,,,,,,,
BERAS RAMOS,RAMOS,code128,,S0005,Pcs,Pcs,Box,62000,70000,6,,,,,,,,,,,
GELAS JUS BENING,8994857037185,code128,,S0004,Pcs,Pcs,Box,15000,20000,6,,,,,,,,,,,
TUTUP GELAS MELAMIN,TUTUPGELASMELAMIN,code128,,S0004,Pcs,Pcs,Box,2916,5000,3,,,,,,,,,,,
MUG MELAMIN,MUGMELAMIN,code128,,S0004,Pcs,Pcs,Box,20000,30000,2,,,,,,,,,,,
MANGKUK UNGU ANGGUR,8994857055714,code128,,S0004,Pcs,Pcs,Box,8333,12000,2,,,,,,,,,,,
MANGKUK ORANGE LABU,8994857055707,code128,,S0004,Pcs,Pcs,Box,8333,12000,2,,,,,,,,,,,
MANGKUK MERAH APEL,8994857055691,code128,,S0004,Pcs,Pcs,Box,8333,12000,6,,,,,,,,,,,
MANGKUK HIJAU STABILO,8994857021788,code128,,S0004,Pcs,Pcs,Box,8333,12000,6,,,,,,,,,,,
PIRING MELAMIN,PIRING12000,code128,,S0004,Pcs,Pcs,Box,8333,12000,6,,,,,,,,,,,
CELEMEK ,celemek20000,code128,,S0004,Pcs,Pcs,Box,15000,20000,12,,,,,,,,,,,
ULTRA TEH KTK 500ML,8998009040139,code128,,S0002,Pcs,Pcs,Box,5116,7500,20,,,,,,,,,,,
NISSIN GOLDEN MALKIST 120G,8888166360211,code128,,S0005,Pcs,Pcs,Box,4999,7500,6,,,,,,,,,,,
PLOSSA AROMATIC PRESS & SOOTH,8992772613064,code128,,S0006,Pcs,Pcs,Box,10833,15000,10,,,,,,,,,,,
TALI RAPIA 12000,TALI12000,code128,,S0004,Pcs,Pcs,Box,7000,12000,10,,,,,,,,,,,
PIRING ULTAH 10'S 2000an,PIRING2000,code128,,S0004,Pcs,Pcs,Box,1000,2000,12,,,,,,,,,,,
FORMULA SG DIAMOND MDM,8991102022460,code128,,S0004,Pcs,Pcs,Box,2743,5000,6,,,,,,,,,,,
MAX CREAMER 500GR,9311931183160,code128,,S0005,Pcs,Pcs,Box,26158,31000,0,,,,,,,,,,,
DJARUM ZIGA,8991912101041,code128,,S0004,Pcs,Pcs,Box,8500,11000,0,,,,,,,,,,,
DJARUM VIP,8991904101066,code128,,S0004,Pcs,Pcs,Box,8500,11000,200,,,,,,,,,,,
AMPLOP UANG 3',2000,code128,,S0009,Pcs,Pcs,Box,200,2000,0,,,,,,,,,,,
CONCERTO MIDI STRAW,8998009972379,code128,,S0002,Pcs,Pcs,Box,4000,5000,0,,,,,,,,,,,
SILVERQUEEN CHUNKYBAR,8991001111883,code128,,S0005,Pcs,Pcs,Box,6556,10000,0,,,,,,,,,,,
HI TEMPURA SPICY,8858702401272,code128,,S0005,Pcs,Pcs,Box,15840,19000,0,,,,,,,,,,,
BIG SHEET CRISPY SEAWEED,8858702410656,code128,,S0005,Pcs,Pcs,Box,3080,6000,0,,,,,,,,,,,
BIG ROLL SPICY ,8858702410847,code128,,S0005,Pcs,Pcs,Box,3718,7000,15,,,,,,,,,,,
DOWNY SUNRISE SACET 6'S,4902430557122,code128,,S0004,Pcs,Pcs,Box,4746,5000,10,,,,,,,,,,,
BAG 23000,BAG23000,code128,,S0004,Pcs,Pcs,Box,20000,23000,10,,,,,,,,,,,
BAG 12500,BAG12500,code128,,S0004,Pcs,Pcs,Box,10000,12500,30,,,,,,,,,,,
BAG 8000,BAG8000,code128,,S0004,Pcs,Pcs,Box,3500,8000,9,,,,,,,,,,,
PONDAN BOLU KUKUS MAWAR 400GR,8992786100031,code128,,S0005,Pcs,Pcs,Box,14999,19000,18,,,,,,,,,,,
PONDAN CHIFFON PANDAN 400GR,8992786100239,code128,,S0005,Pcs,Pcs,Box,18700,22000,2,,,,,,,,,,,
KAOS KERAH 50000,KAOS50000,code128,,S0004,Pcs,Pcs,Box,45000,50000,2,,,,,,,,,,,
KAOS LENGAN PANJANG,KAOS35000,code128,,S0004,Pcs,Pcs,Box,30000,35000,1,,,,,,,,,,,
KAOS LENGAN PANJANG,KAOS32000,code128,,S0004,Pcs,Pcs,Box,27000,32000,15,,,,,,,,,,,
BERAS LELE,BERAS73000,code128,,S0005,Pcs,Pcs,Box,66000,73000,48,,,,,,,,,,,
BRIO GO POTATO 60GR,8886013456483,code128,,S0005,Pcs,Pcs,Box,3135,5000,14,,,,,,,,,,,
CEMILAN TETEH 11000,CEMILAN11000,code128,,S0005,Pcs,Pcs,Box,8000,11000,5,,,,,,,,,,,
CEMILAN TETEH 19000,CEMILAN19000,code128,,S0005,Pcs,Pcs,Box,17000,19000,0,,,,,,,,,,,
CEMILAN TETEH ,CEMILAN17500,code128,,S0005,Pcs,Pcs,Box,15000,17500,10,,,,,,,,,,,
CEMILAN TETEH 10000,CEMILAN10000,code128,,S0005,Pcs,Pcs,Box,8000,10000,10,,,,,,,,,,,
wifi,wifi,code128,,S0005,Pcs,Pcs,Box,1,50000,24,,,,,,,,,,,
PUCUK 250ML,8996001600504,code128,,S0002,Pcs,Pcs,Box,2270,3000,12,,,,,,,,,,,
TORA CAFE CAPUCINO 160ML,8996001600641,code128,,S0002,Pcs,Pcs,Box,2291,3000,12,,,,,,,,,,,
TORA CAFE MILKY LATTE 160ML,8996001600610,code128,,S0002,Pcs,Pcs,Box,2291,3000,5,,,,,,,,,,,
SNACK 15000,SNACK15000,code128,,S0005,Pcs,Pcs,Box,13000,15000,5,,,,,,,,,,,
SNACK 22000,SNACK22000,code128,,S0005,Pcs,Pcs,Box,20000,22000,4,,,,,,,,,,,
KUTUS KUTUS,71920616,code128,,S0005,Pcs,Pcs,Box,207000,230000,24,,,,,,,,,,,
POKKA LECI 350ML,8994985000235,code128,,S0002,Pcs,Pcs,Box,2500,4000,24,,,,,,,,,,,
POKKA HONEY LEMON 350ML,8994985002000,code128,,S0002,Pcs,Pcs,Box,2500,4000,8,,,,,,,,,,,
PLOSSA AROMATIC MERAH,8992772613088,code128,,S0006,Pcs,Pcs,Box,8150,15000,20,,,,,,,,,,,
KAYU BAJAKAH,KAYUBAJAKAH,code128,,S0005,Pcs,Pcs,Box,90000,95000,6,,,,,,,,,,,
HANDUK 50000,HANDUK50000,code128,,S0004,Pcs,Pcs,Box,35000,50000,12,,,,,,,,,,,
HANDUK 10000,HANDUK10000,code128,,S0004,Pcs,Pcs,Box,5333,10000,12,,,,,,,,,,,
SAPU TANGAN 10000,SAPUTANGAN10000,code128,,S0004,Pcs,Pcs,Box,3166,10000,4,,,,,,,,,,,
DICKMAN CD COWO 3'S,DICKMAN40000,code128,,S0004,Pcs,Pcs,Box,25000,40000,4,,,,,,,,,,,
CHEMPHION CD COWO 3'S,CHEMPHION35000,code128,,S0004,Pcs,Pcs,Box,23000,35000,3,,,,,,,,,,,
DRAKAAR CD MEN 3'S,DRAKAAR35000,code128,,S0004,Pcs,Pcs,Box,20500,35000,6,,,,,,,,,,,
KAOS KAKI DONA DONI,7709201185068,code128,,S0004,Pcs,Pcs,Box,3333,6000,12,,,,,,,,,,,
KAOS KAKI PADINI ,331311005058,code128,,S0004,Pcs,Pcs,Box,6666,15000,12,,,,,,,,,,,
KAOS KAKI 9000,6942015008883,code128,,S0004,Pcs,Pcs,Box,3000,9000,12,,,,,,,,,,,
SANDAL 20900,SANDAL20900,code128,,S0004,Pcs,Pcs,Box,16750,20900,12,,,,,,,,,,,
SANDAL 19900,SANDAL19900,code128,,S0004,Pcs,Pcs,Box,15920,19900,24,,,,,,,,,,,
GUNTING KUKU 13000,GUNTINGKUKU13000,code128,,S0004,Pcs,Pcs,Box,11500,13000,6,,,,,,,,,,,
MASKER KLIK 20000,MASKERKLIK,code128,,S0004,Pcs,Pcs,Box,16000,20000,4,,,,,,,,,,,
GT MAN CD XL,8994280140780,code128,,S0004,Pcs,Pcs,Box,46400,58000,7,,,,,,,,,,,
PAYUNG LIPAT NAGOYA 45000,PAYUNG45000,code128,,S0004,Pcs,Pcs,Box (24),35000,45000,90,,,,,,,,,,,
aksesoris 55000,aksesoris55000,code128,,S0004,Pcs,Pcs,Box,44000,55000,12,,,,,,,,,,,
WRP COOKIES 20GR,WRP,code128,,S0005,Pcs,Pcs,Box,4216,6000,4,,,,,,,,,,,
CITRA HBL BENGKOANG 60ML,8999999528850,code128,,S0004,Pcs,Pcs,Box,5500,7500,4,,,,,,,,,,,
CITRA HBL PEARLY WHT 60ML,8999999528843,code128,,S0004,Pcs,Pcs,Box,5500,7500,4,,,,,,,,,,,
MARINA HBL HYDRO COOL 100M,8999908559401,code128,,S0004,Pcs,Pcs,Box,4750,7000,4,,,,,,,,,,,
MARINA HBL HEALTHY GLOW 100M,8999908082701,code128,,S0004,Pcs,Pcs,Box,4750,7000,4,,,,,,,,,,,
MY BABY PWD F FRUIT 50GR,8999908059802,code128,,S0004,Pcs,Pcs,Box,3250,6000,4,,,,,,,,,,,
MY BABY PWD PLS TELON 50GR,8999908723802,code128,,S0004,Pcs,Pcs,Box,3250,6000,10,,,,,,,,,,,
MY BABY PWD SWEET F 50GR,8999908053800,code128,,S0004,Pcs,Pcs,Box,3250,6000,3,,,,,,,,,,,
MY BABY PWD F FRUIT 100GR,8999908208309,code128,,S0004,Pcs,Pcs,Box,6000,10000,4,,,,,,,,,,,
GATSBY POMADES HOLD 30G,8992222054966,code128,,S0004,Pcs,Pcs,Box,12500,16000,4,,,,,,,,,,,
GATSBY POMADE S GREASE 30G,8992222054973,code128,,S0004,Pcs,Pcs,Box,12500,16000,4,,,,,,,,,,,
GATSBY WG S HARD 30G,8992222050401,code128,,S0004,Pcs,Pcs,Box,3750,6000,4,,,,,,,,,,,
GATSBY WG HYP SOLID 30G,8992222052979,code128,,S0004,Pcs,Pcs,Box,3750,6000,4,,,,,,,,,,,
GATSBY HAIR CREAM 28G,8992222050418,code128,,S0004,Pcs,Pcs,Box,3750,6000,10,,,,,,,,,,,
KAOS KAKI 22900,KAOSKAKI22900,code128,,S0004,Pcs,Pcs,Box,20000,22900,24,,,,,,,,,,,
OXYINDO 600ML,8997029110044,code128,,S0002,Pcs,Pcs,Box,3000,4000,24,,,,,,,,,,,
OXYINDO 330ML,8997029110020,code128,,S0002,Pcs,Pcs,Box,2291,3500,6,,,,,,,,,,,
PLOSSA AROMATIC PRES & SOOTH,8992772613071,code128,,S0006,Pcs,Pcs,Box,10833,15000,10,,,,,,,,,,,
PIRING ULTAH PUTIH 10'S,PIRING5000,code128,,S0004,Pcs,Pcs,Box,3400,5000,3,,,,,,,,,,,
MERPATI AMPLOP 90,8995757827029,code128,,S0009,Pcs,Pcs,Box,10500,14000,4,,,,,,,,,,,
NU SKIN 65000,NUSKIN65000,code128,,S0003,Pcs,Pcs,Box,55000,65000,4,,,,,,,,,,,
NU SKIN 75000,NUSKIN75000,code128,,S0003,Pcs,Pcs,Box,65000,75000,2,,,,,,,,,,,
NU SKIN 90000,NUSKIN90000,code128,,S0003,Pcs,Pcs,Box,80000,90000,6,,,,,,,,,,,
JAGAK PEGAL LINU MASUK ANGIN 120M,8991102906777,code128,,S0002,Pcs,Pcs,Box,5747,7500,10,,,,,,,,,,,
GARUDA PILUS MI GORENG,8992775001042,code128,,S0005,Pcs,Pcs,Box,4908,7500,0,,,,,,,,,,,
GARUDA ROSTA WAGYU BEEF,8992775001691,code128,,S0005,Pcs,Pcs,Box,8033,11000,20,,,,,,,,,,,
O DONUT 8G,8992775317235,code128,,S0005,Pcs,Pcs,Box,470,500,24,,,,,,,,,,,
GERY SALUUT ROLL 8GR,8992775311400,code128,,S0005,Pcs,Pcs,Box,453,500,24,,,,,,,,,,,
delfi top triple choc 16g,8991001243034,code128,,S0005,Pcs,Pcs,Box,777,1000,24,,,,,,,,,,,
delfi top tchoc16g,8991001242013,code128,,S0005,Pcs,Pcs,Box,777,1000,24,,,,,,,,,,,
nockers 30gr,8991001260185,code128,,S0005,Pcs,Pcs,Box,3080,4000,3,,,,,,,,,,,
delfi brico black 125gr,8991001780119,code128,,S0005,Pcs,Pcs,Box,11077,14000,40,,,,,,,,,,,
INDOMIE AYAM GEPREK,89686043433,code128,,S0005,Pcs,Pcs,Box,2300,3500,10,,,,,,,,,,,
SENSASI SNACK 17000,SENSASI17000,code128,,S0005,Pcs,Pcs,Box,15000,17000,5,,,,,,,,,,,
SENSASI SNACK 15000,SENSASI15000,code128,,S0005,Pcs,Pcs,Box,12500,15000,5,,,,,,,,,,,
SENSASI SNACK 12000,SENSASI12000,code128,,S0005,Pcs,Pcs,Box,10000,12000,0,,,,,,,,,,,
SPONGE STROBERI,8997004301436,code128,,S0005,Pcs,Pcs,Box,8657,12500,0,,,,,,,,,,,
SPONGE COKLAT,8997004301429,code128,,S0005,Pcs,Pcs,Box,8657,12500,0,,,,,,,,,,,
SPONGE MOCHACINO,8997004301474,code128,,S0005,Pcs,Pcs,Box,8657,12500,0,,,,,,,,,,,
POPCORN CARAMEL,8997004302501,code128,,S0005,Pcs,Pcs,Box,10710,14000,0,,,,,,,,,,,
NU GULABATU 330ML,8992388134106,code128,,S0002,Pcs,Pcs,Box,3125,5000,10,,,,,,,,,,,
ESSE CHANGE DOUBLE ,8999168211248,code128,,S0007,Pcs,Pcs,Box,25000,28000,0,,,,,,,,,,,
ULTRA TEH KTK LEMON 100M,8998009040313,code128,,S0002,Pcs,Pcs,Box,2616,4500,0,,,,,,,,,,,
WALLS CORN,8999999547264,code128,,S0005,Pcs,Pcs,Box,4800,7000,0,,,,,,,,,,,
FISHERMANS ORIGINAL,50854004,code128,,S0005,Pcs,Pcs,Box,11500,15500,20,,,,,,,,,,,
GARAM MASAK ,GARAMMASAK,code128,,S0005,Pcs,Pcs,Box,1750,3000,3,,,,,,,,,,,
MINYAK TAWON 20ML,7916248854,code128,,S0006,Pcs,Pcs,Box,16500,19000,6,,,,,,,,,,,
LANG TELON 60ML,8993176803099,code128,,S0006,Pcs,Pcs,Box,15766,20000,3,,,,,,,,,,,
BIORE BODY WASH CHER 100M,8992727006279,code128,,S0004,Pcs,Pcs,Box,8500,12000,3,,,,,,,,,,,
MADU TJ KURMA 150M,8993365140356,code128,,S0005,Pcs,Pcs,Box,17000,19500,3,,,,,,,,,,,
MADU TJ MURNI 150M,8993365131538,code128,,S0005,Pcs,Pcs,Box (24),17000,19500,6,,,,,,,,,,,
CUSSON COTTON BUD,8998103010267,code128,,S0004,Pcs,Pcs,Box,5500,8000,0,,,,,,,,,,,
BELS0005 CHICKEN NUGUT 500g,8995229800468,code128,,S0005,Pack,Pack,Box (12),20480,26000,0,,,,,,,,,,,
BELS0005 FRENCH FRIES 200g,8994130899660,code128,,S0005,Pcs,Pcs,Box (24),8500,11000,0,,,,,,,,,,,
MAKARONI NGEUREUYEUH,MAKARONI,code128,,S0005,Pcs,Pcs,Box,13000,15000,1,,,,,,,,,,,
CASABLANCA EDP PTH 100ML,8992832113046,code128,,S0004,Pcs,Pcs,Box,24750,31000,2,,,,,,,,,,,
CASABLANCA BODY SPRAY BLEU 100,8992832601505,code128,,S0004,Pcs,Pcs,Box,15000,19000,2,,,,,,,,,,,
CASABLANCA DEO ROLL BLACK,8992832601628,code128,,S0004,Pcs,Pcs,Box,10500,14000,2,,,,,,,,,,,
CASABLANCA BODYMIST ROMANTIC,8992832601185,code128,,S0004,Pcs,Pcs,Box,12000,15000,2,,,,,,,,,,,
CASABLANCA BODYMIST INTENSE 100M,8992832602144,code128,,S0004,Pcs,Pcs,Box,12000,15000,2,,,,,,,,,,,
CASABLANCA SPRAY COLG GLAS AQUA,8992832605282,code128,,S0004,Pcs,Pcs,Box,18750,23000,2,,,,,,,,,,,
CASABLANCA SPRAY COLG GLAS ROMANTIC,8992832605237,code128,,S0004,Pcs,Pcs,Box,18750,23000,2,,,,,,,,,,,
CASABLANCA SPRAY COLG GLAS CLASIC,8992832605220,code128,,S0004,Pcs,Pcs,Box,18750,23000,2,,,,,,,,,,,
CASABLANCA SPRAY COLG GLAS DYNAMIC ,8992832605305,code128,,S0004,Pcs,Pcs,Box,18750,23000,2,,,,,,,,,,,
CASABLANCA SPRAY COLG GLAS SPORTY,8992832605329,code128,,S0004,Pcs,Pcs,Box,18750,23000,2,,,,,,,,,,,
CASABLANCA SPRAY COLG STAMINA 100,8992832191167,code128,,S0004,Pcs,Pcs,Box,27000,31000,2,,,,,,,,,,,
CASABLANCA SPRAY COLG RAVE CLTR 100,8992832191174,code128,,S0004,Pcs,Pcs,Box,27000,31000,2,,,,,,,,,,,
BELLAGIO POMADE HIGHT SHINE,8992832604667,code128,,S0004,Pcs,Pcs,Box,25500,30000,2,,,,,,,,,,,
BELLAGIO POMADE NATURAL SHINE,8992832605756,code128,,S0004,Pcs,Pcs,Box,25500,30000,2,,,,,,,,,,,
REGAZZA PASSIONATE 50ML,8992832604193,code128,,S0004,Pcs,Pcs,Box (24),19500,24000,2,,,,,,,,,,,
REGAZZA FEMININE 50ML,8992832604186,code128,,S0004,Pcs,Pcs,Box (24),19500,24000,2,,,,,,,,,,,
BELLAGIO POMADE LOW GLOSS,8992832604681,code128,,S0004,Pcs,Pcs,Box,25500,30000,30,,,,,,,,,,,
BIJI KOPI 30000,BIJIKOPI,code128,,S0005,Pcs,Pcs,Box,27000,30000,2,,,,,,,,,,,
LADA 20000,LADA,code128,,S0005,Pcs,Pcs,Box,18000,20000,25,,,,,,,,,,,
CRISPY IKAN 88,IKAN88,code128,,S0005,Pcs,Pcs,Box,12000,15000,6,,,,,,,,,,,
GERY SALUUT DOUBLE CHEESE,8992775002018,code128,,S0005,Pcs,Pcs,Box,5500,7500,24,,,,,,,,,,,
CHOLATOS DRINK RTD 200M,8992775002155,code128,,S0002,Pcs,Pcs,Box,3072,5000,2,,,,,,,,,,,
REGAZZA GLOW 50ML,8992832604223,code128,,S0004,Pcs,Pcs,Box,18950,24000,0,,,,,,,,,,,
KISPRAY GLAMOROUS,8992772198059,code128,,S0004,Pcs,Pcs,Box,5280,7500,0,,,,,,,,,,,
ANTIS JTEA,8992772265287,code128,,S0004,Pcs,Pcs,Box,11220,15000,3,,,,,,,,,,,
PUTERI B SPRAY ROSE 100M,6991711221270,code128,,S0004,Pcs,Pcs,Box,14320,16500,3,,,,,,,,,,,
PUTERI B SPRAY ORCHID 100M,6991711221287,code128,,S0004,Pcs,Pcs,Box,14320,16500,3,,,,,,,,,,,
PUTERI B SPRAY LIME J 100M,8995151221300,code128,,S0004,Pcs,Pcs,Box,14320,16500,3,,,,,,,,,,,
PUTERI B SPRAY FLWR BOUQ 100M,8995151221294,code128,,S0004,Pcs,Pcs,Box,14320,16500,4,,,,,,,,,,,
MR. MINYAK ZAITUN 75ML,8995151120917,code128,,S0006,Pcs,Pcs,Box,14400,18000,3,,,,,,,,,,,
MR SABUN WAJAH 75GR,8995151120276,code128,,S0004,Pcs,Pcs,Box,15680,19000,3,,,,,,,,,,,
MR SHP BAYAM 175ML,8995151130060,code128,,S0004,Pcs,Pcs,Box,16640,20000,2,,,,,,,,,,,
ZAITUN BODY SCRUB 200G,8995151120535,code128,,S0004,Pcs,Pcs,Box,35600,39500,2,,,,,,,,,,,
KOPI BODY SCRUB 200GR,8995151120634,code128,,S0004,Pcs,Pcs,Box,35600,39500,0,,,,,,,,,,,
MASKER BOX,8997022361382,code128,,S0003,Pcs,Pcs,Box,20000,45000,4,,,,,,,,,,,
CD S0011IRO 3'S,8995133801285,code128,,S0004,Pcs,Pcs,Box,43750,55000,6,,,,,,,,,,,
"RINSO LIQ MATIC 1,8L",8999999556433,code128,,S0004,Pcs,Pcs,Box,21600,27000,12,,,,,,,,,,,
RINSO PWD BAG 1KG,8999999556426,code128,,S0004,Pcs,Pcs,Box,16500,22000,6,,,,,,,,,,,
"MOLTO SOFT REF 1,8L",8999999556402,code128,,S0004,Pcs,Pcs,Box,24000,29000,0,,,,,,,,,,,
RESIK V WHITENING,8993417165238,code128,,S0003,Pcs,Pcs,Box,17249,21000,0,,,,,,,,,,,
RESIK V FEMININE ,8993417165221,code128,,S0003,Pcs,Pcs,Box,16599,19000,10,,,,,,,,,,,
POST IT DELI A113 02,postit,code128,,S0004,Pcs,Pcs,Box,11000,14000,10,,,,,,,,,,,
REXONA ROLL ON INVISIBLE DRY,8999999049669,code128,,S0004,Pcs,Pcs,Box,14000,17000,4,,,,,,,,,,,
NU SKIN 85000,NUSKIN85000,code128,,S0004,Pcs,Pcs,Box,75000,85000,0,,,,,,,,,,,
AIROX,8997001520014,code128,,S0002,Pcs,Pcs,Box,4000,6000,0,,,,,,,,,,,
MITU BABY F&C BLUE,8992745550525,code128,,S0003,Pcs,Pcs,Box,10816,16000,0,,,,,,,,,,,
MITU BABY F&C PINK,8992745550518,code128,,S0003,Pcs,Pcs,Box,10816,16000,0,,,,,,,,,,,
MITU BABY ANTISEPTIC,8992745540687,code128,,S0003,Pcs,Pcs,Box,3000,5000,0,,,,,,,,,,,
MIZONE CHERRY BLOSS,8992752112211,code128,,S0002,Pcs,Pcs,Box,3000,6000,20,,,,,,,,,,,
JUICE 20000,JUICE20000,code128,,S0002,Pcs,Pcs,Box,15000,20000,10,,,,,,,,,,,
DUNHIL FINE CUT 12,8998127921754,code128,,S0007,Pcs,Pcs,Box,12500,15000,10,,,,,,,,,,,
DUNHIL FINE CUT 16,8998127921709,code128,,S0007,Pcs,Pcs,Box,18200,21000,8,,,,,,,,,,,
KAKI TIGA ANAK ORANGE 250ML,8995227501008,code128,,S0002,Pcs,Pcs,Box,4291,6500,6,,,,,,,,,,,
ES TELER BTL 360ML,8994111353006,code128,,S0002,Pcs,Pcs,Box,4950,6500,0,,,,,,,,,,,
TONG TJI MATCHA LATTE,8997209100100,code128,,S0002,Pcs,Pcs,Box,7499,9500,0,,,,,,,,,,,
TONG TJI TEH TARIK,8997209100056,code128,,S0002,Pcs,Pcs,Box,6000,8500,20,,,,,,,,,,,
MILO SACET ,8992696521797,code128,,S0005,Pcs,Pcs,Box,11100,15000,10,,,,,,,,,,,
DANCOW SACET FULL CREAM ,8992696405417,code128,,S0005,Pcs,Pcs,Box,2950,4000,10,,,,,,,,,,,
DANCOW SACET COKLAT,8992696520103,code128,,S0005,Pack,Pack,Box,2950,4000,24,,,,,,,,,,,
TELUR GABUS KEJU 68GR,8997878700120,code128,,S0005,Pcs,Pcs,Box,9600,13000,24,,,,,,,,,,,
TELUR GABUS GULA AREN 68GR,8997878700113,code128,,S0005,Pcs,Pcs,Box,9600,13000,6,,,,,,,,,,,
KESET HANDUK 25000,KESET25000,code128,,S0005,Pcs,Pcs,Box,17500,25000,6,,,,,,,,,,,
GT MAN SINGLET 36,8994280130156,code128,,S0004,Pcs,Pcs,Box,21666,30000,6,,,,,,,,,,,
GT MAN SINGLET 34,8994280120157,code128,,S0004,Pcs,Pcs,Box,21666,30000,6,,,,,,,,,,,
GT MAN SINGLET 32,8994280110158,code128,,S0004,Pcs,Pcs,Box,21666,30000,6,,,,,,,,,,,
RIDER SINGLET 34,8993559111063,code128,,S0004,Pcs,Pcs,Box,21666,30000,12,,,,,,,,,,,
KAOS KAKI POLO 18000,polo18000,code128,,S0003,Pcs,Pcs,Box,6666,18000,3,,,,,,,,,,,
BOTOL MINUM 17500,BOTOLMINUM17500,code128,,S0004,Pcs,Pcs,Box,10000,17500,12,,,,,,,,,,,
KAOS KAKI 22000,KAOSKAKI22000,code128,,S0004,Pcs,Pcs,Box,8000,22000,4,,,,,,,,,,,
CLEAR SHP ICE COOL MENTHL 320M,8999999529741,code128,,S0004,Pcs,Pcs,Box,28500,45000,10,,,,,,,,,,,
SILVERQUEEN GREEN TEA 30G,8991001112903,code128,,S0005,Pcs,Pcs,Box,3448,6000,25,,,,,,,,,,,
SILVERQUEEN GREEN TEA 65G,8991001112910,code128,,S0005,Pcs,Pcs,Box,13497,17500,0,,,,,,,,,,,
SUPER STAR SNAPS,SUPERBOX,code128,,S0005,Pcs,Pcs,Box,23000,24000,8,,,,,,,,,,,
kapal api tmah 380gr,8991002105409,code128,,S0005,Pcs,Pcs,Box,22222,26000,12,,,,,,,,,,,
kaos kaki school 19900,kaoskaki19900,code128,,S0004,Pcs,Pcs,Box,16000,19900,12,,,,,,,,,,,
TISSUE TESSY 200 SHEET,8997013180053,code128,,S0004,Pcs,Pcs,Box,3750,6000,12,,,,,,,,,,,
TUTUP GELAS S0008 200'S,TUTUPS0008,code128,,S0004,Pcs,Pcs,Box,20000,30000,4,,,,,,,,,,,
STICK ON FLAG 5165,8995106306762,code128,,S0004,Pcs,Pcs,Box,7000,12500,6,,,,,,,,,,,
BUKU AGENDA HITAM KERJA,AGENDA35000,code128,,S0009,Pcs,Pcs,Box,24000,35000,6,,,,,,,,,,,
AGENDA DELUXE KECIL 15000,AGENDA15000,code128,,S0004,Pcs,Pcs,Box,11500,15000,6,,,,,,,,,,,
AGENDA EXCLUSIVE 8707,AGENDA17500,code128,,S0004,Pcs,Pcs,Box,11000,17500,6,,,,,,,,,,,
PIN KORPRI MAGNET 35000,PINKORPRI35000,code128,,S0004,Pcs,Pcs,Box,19000,35000,6,,,,,,,,,,,
POSH MEN BROWN LEGALY ,8998866107679,code128,,S0004,Pcs,Pcs,Box,16500,22500,3,,,,,,,,,,,
GIV SOAP WHT PAYA ,8998866608312,code128,,S0004,Pcs,Pcs,Box,1700,3000,12,,,,,,,,,,,
GIV SOAP BENGKOANG,8998866608305,code128,,S0004,Pcs,Pcs,Box,1700,3000,12,,,,,,,,,,,
PANTENE SHP RAMBUT K 70ML,4902430538572,code128,,S0004,Pcs,Pcs,Box,11074,14000,4,,,,,,,,,,,
PANTENE SHP FULLNESS L 70ML,4902430401159,code128,,S0004,Pcs,Pcs,Box,11074,14000,4,,,,,,,,,,,
H&S SELEMBUT SUTERA 70M,4902430430883,code128,,S0004,Pcs,Pcs,Box,10148,13000,2,,,,,,,,,,,
VICKS VAPO 25GR,4987176008718,code128,,S0004,Pcs,Pcs,Box,11999,16000,6,,,,,,,,,,,
PAYUNG LIPAT NAGOYA 35000,6954326330263,code128,,S0004,Pcs,Pcs,Box,25000,35000,6,,,,,,,,,,,
DETTOL SOAP ALOE AVO ,8993560025465,code128,,S0004,Pcs,Pcs,Box,4831,7000,6,,,,,,,,,,,
copy laser A4 75gr pink,8993242593787,code128,,S0009,Pcs,Pcs,Box,35000,40000,50,,,,,,,,,,,
nano nougat tiramisu,8998685029008,code128,,S0005,Pcs,Pcs,Box,1700,2500,10,,,,,,,,,,,
BENECOL BLACKCURRANT 100ML,8992802710039,code128,,S0005,Pcs,Pcs,Box,5956,8000,6,,,,,,,,,,,
BENECOL ORANGE 100ML,8992802037020,code128,,S0002,Pcs,Pcs,Box,5956,8000,6,,,,,,,,,,,
SALONPAS KOYO ORI SPR,432442310100,code128,,S0004,Pcs,Pcs,Box,5379,9000,10,,,,,,,,,,,
NYAM NYAM MAGIC FANTASY,8886015409289,code128,,S0005,Pcs,Pcs,Box,2691,4000,12,,,,,,,,,,,
ANTIS GEL JERUK NIPIS,8992772265027,code128,,S0004,Pcs,Pcs,Box,8052,12000,6,,,,,,,,,,,
TONG TJI PREMIUM 40GR,8992936661931,code128,,S0005,Pcs,Pcs,Box,3255,5000,10,,,,,,,,,,,
INACO RASA MANGGA 360G,8992726938861,code128,,S0002,Pcs,Pcs,Box,5733,8000,0,,,,,,,,,,,
INACO MINIPUD MANGGA,8992726952126,code128,,S0005,Pcs,Pcs,Box,11560,14500,0,,,,,,,,,,,
GULA SEMUT 250GR,8997233820012,code128,,S0005,Pcs,Pcs,Box,12500,15000,20,,,,,,,,,,,
DILAN CRUNCHY CC,8992775002582,code128,,S0005,Pcs,Pcs,Box,1800,3000,0,,,,,,,,,,,
FANTA COCO PANDAN,8992761002008,code128,,S0002,Pcs,Pcs,Box,3875,5000,0,,,,,,,,,,,
CIMORY FM MATCHA 250,8993200666201,code128,,S0002,Pcs,Pcs,Box,5000,7500,0,,,,,,,,,,,
CIMORY FM BANANA 250,8993200666119,code128,,S0002,Pcs,Pcs,Box,5000,7500,0,,,,,,,,,,,
CIMORY FM CHOCOLATE 250,8993200666133,code128,,S0002,Pcs,Pcs,Box,5000,7500,0,,,,,,,,,,,
CIMORY FM CHOCOLATE 250,8993200666218,code128,,S0002,Pcs,Pcs,Box,5000,7500,0,,,,,,,,,,,
CIMORY FM BLUEBERRY 250,8993200666126,code128,,S0002,Pcs,Pcs,Box,6600,8000,0,,,,,,,,,,,
BAYZ COFFE 250ML,BAYZ,code128,,S0002,Pcs,Pcs,Box,15000,18000,15,,,,,,,,,,,
OASIS AIR MINERAL 600M,8991368188283,code128,,S0002,Pcs,Pcs,Box,1204,3500,24,,,,,,,,,,,
OASIS AIR MINERAL 1500M,8991368188184,code128,,S0002,Pcs,Pcs,Box,2704,6000,12,,,,,,,,,,,
OASIS AIR MINERAL 330M,8991368755393,code128,,S0002,Pcs,Pcs,Box,1120,2500,24,,,,,,,,,,,
MY SNACK 12000,MYSNACK12000,code128,,S0005,Pcs,Pcs,Box,9500,12000,10,,,,,,,,,,,
BAG 27500,BAG27500,code128,,S0004,Pcs,Pcs,Box,25000,27500,11,,,,,,,,,,,
LUCKY STRIKE PURPLE ,8998181941286,code128,,S0007,Pcs,Pcs,Box,23050,26000,10,,,,,,,,,,,
CLOUD CHOOBIZ 20GR,8996196228507,code128,,S0004,Pcs,Pcs,Box,1166,2000,12,,,,,,,,,,,
HILO COFFE MILK 60GR,749921030610,code128,,S0005,Pcs,Pcs,Box,2000,3000,0,,,,,,,,,,,
NUTRISARI UHT MADU J 200ML,749921011145,code128,,S0002,Pcs,Pcs,Box,3988,6000,3,,,,,,,,,,,
HILO THAITEA 200ML,749921030627,code128,,S0002,Pcs,Pcs,Box,4851,6500,12,,,,,,,,,,,
NUTRISARI MANGO SMOOTHIE 200ML,749921011190,code128,,S0002,Pcs,Pcs,Box,5929,7500,12,,,,,,,,,,,
MAYASI JAGUNG BAKAR ,8991002502826,code128,,S0005,Pcs,Pcs,Box,7180,9500,6,,,,,,,,,,,
CHOMP STW 60GR,6914253440022,code128,,S0005,Pcs,Pcs,Box,7200,10500,6,,,,,,,,,,,
MARSHMALLOW TWISTER 55GR,787214013582,code128,,S0005,Pcs,Pcs,Box,7100,10500,3,,,,,,,,,,,
FRESTEA LECI 350,8992761166236,code128,,S0002,Pcs,Pcs,Box,2833,5000,0,,,,,,,,,,,
MINUTE MAID GRAPE,8992761164485,code128,,S0002,Pcs,Pcs,Box,4333,5000,0,,,,,,,,,,,
MD EGG ROLL 600GR,8888166991576,code128,,S0005,Pcs,Pcs,Box,77000,88000,6,,,,,,,,,,,
ULTRA COKLAT 200ML,8998009010569,code128,,S0002,Pcs,Pcs,Box,4150,5000,12,,,,,,,,,,,
LARUTAN ANAK BTL 200ML ,8995227501022,code128,,S0002,Pcs,Pcs,Box,2937,4500,24,,,,,,,,,,,
WALLS COCORANGE 90ML,8999999550752,code128,,S0005,Pcs,Pcs,Box,4000,6000,42,,,,,,,,,,,
WALLS COCO TARO 90ML,8999999553050,code128,,S0005,Pcs,Pcs,Box,4000,6000,40,,,,,,,,,,,
OASIS 330ML DUS,OASIS,code128,,S0002,Pcs,Pcs,Box,30000,38000,5,,,,,,,,,,,
NUVO HANSAND BLOSOM 50ML,8998866610131,code128,,S0004,Pcs,Pcs,Box,3100,6000,6,,,,,,,,,,,
MISTER POTATO SAPI PGG 85GR,8993004786853,code128,,S0005,Pcs,Pcs,Box,13178,17000,14,,,,,,,,,,,
ZAMBIOE 1500ML,125002741350,code128,,S0002,Pcs,Pcs,Box,15000,20000,12,,,,,,,,,,,
ZAMBIOE 600ML,5012345678900,code128,,S0002,Pcs,Pcs,Box,7500,10000,24,,,,,,,,,,,
ESSE SHUFFLE POP 2020,8997032821227,code128,,S0007,Pcs,Pcs,Box,19500,22000,5,,,,,,,,,,,
BAYZ RTD ,BAYZRTD,code128,,S0002,Pcs,Pcs,Box,1000,5000,10,,,,,,,,,,,
PANCI GORENG 120000,PANCIGORENG,code128,,S0004,Pcs,Pcs,Box,90000,120000,1,,,,,,,,,,,
WAJAN ENAMEL GAGANG,WAJANGAGANG,code128,,S0004,Pcs,Pcs,Box,55000,70000,1,,,,,,,,,,,
RAK YOYO,RAKYOYO,code128,,S0004,Pcs,Pcs,Box,100000,125000,1,,,,,,,,,,,
KIPAS MINI 50000,KIPASMINI,code128,,S0004,Pcs,Pcs,Box,38000,50000,6,,,,,,,,,,,
ANEKA KRUPUK 10000,5031277,code128,,S0005,Pcs,Pcs,Box,8000,10000,4,,,,,,,,,,,
STICK JAGUNG 11000,5031279,code128,,S0005,Pcs,Pcs,Box,9000,11000,8,,,,,,,,,,,
STICK BALADO 11000,5031278,code128,,S0005,Pcs,Pcs,Box,9000,11000,5,,,,,,,,,,,
BOTO MINUM SPORTY ,6923627372593,code128,,S0004,Pcs,Pcs,Box,25000,35000,4,,,,,,,,,,,
POP MIE KUAH PDS DOWER CUP,89686067002,code128,,S0005,Pcs,Pcs,Box,4750,7000,12,,,,,,,,,,,
POP MIE GORENG PEDES GLEDEK ,89686060102,code128,,S0002,Pcs,Pcs,Box,4750,7000,12,,,,,,,,,,,
PARASMANAN BULAT 150000,PARASMANANBULAT,code128,,S0004,Pcs,Pcs,Box,110000,150000,1,,,,,,,,,,,
TOPLES 5 SET 95000,TOPLES5SET,code128,,S0004,Pcs,Pcs,Box,70000,95000,2,,,,,,,,,,,
CALISTA TOPLES SET,8997026233845,code128,,S0004,Pcs,Pcs,Box,60000,75000,2,,,,,,,,,,,
GOLDEN SUNKIST ,8997230731151,code128,,S0004,Pcs,Pcs,Box,35000,50000,2,,,,,,,,,,,
GULA AREN 30000,GULAAREN30000,code128,,S0005,Pcs,Pcs,Box,27000,30000,25,,,,,,,,,,,
GULA AREN BATANG,GULAAREN26000,code128,,S0005,Pcs,Pcs,Box,23400,26000,15,,,,,,,,,,,
GULA AREN BOTOL 250M,GULAAREN25000,code128,,S0005,Pcs,Pcs,Box,22500,25000,8,,,,,,,,,,,
DIABETASOL SWEETENER 25'S ,8992802602518,code128,,S0003,Pcs,Pcs,Box,17810,22000,2,,,,,,,,,,,
FITBAR TIRAMISU DELIGHT,8992802063302,code128,,S0005,Pcs,Pcs,Box,3465,6000,12,,,,,,,,,,,
ULTRA CHOCO 200ML,ULTRA,code128,,S0002,Pcs,Pcs,Box,3980,5000,24,,,,,,,,,,,
BAG 5000,BAG5000,code128,,S0004,Pcs,Pcs,Box,1,5000,12,,,,,,,,,,,
MENTOS ROLL MINT 29GR,8990800022543,code128,,S0005,Pcs,Pcs,Box,2208,4000,12,,,,,,,,,,,
STELLA PER SUMMER 225ML,8992745560456,code128,,S0004,Pcs,Pcs,Box,27381,30000,2,,,,,,,,,,,
STELLA JAPAMESE SAKURA  225ML,8992745610533,code128,,S0004,Pcs,Pcs,Box,27381,30000,2,,,,,,,,,,,
HIT SPRAY SWEET FLOW 415+35ML,8992745130420,code128,,S0004,Pcs,Pcs,Box,24686,28000,2,,,,,,,,,,,
HIT SPRAY GREEN FOREST 600+75ML,8992745610274,code128,,S0004,Pcs,Pcs,Box,33014,36500,2,,,,,,,,,,,
GAJAH LEM STIK 12'S,8992748195402,code128,,S0004,Pcs,Pcs,Box,5627,8000,12,,,,,,,,,,,
HIT ORANGE 415+35ML,8992745120469,code128,,S0004,Pcs,Pcs,Box,23037,26000,2,,,,,,,,,,,
HIT LILY BLOSSOM 415+35ML,8992745705420,code128,,S0004,Pcs,Pcs,Box,23037,26000,2,,,,,,,,,,,
MASTER COLG POWER 150ML,8993417142222,code128,,S0004,Pcs,Pcs,Box,13350,16000,3,,,,,,,,,,,
MASTER COLG COOL 150ML,8993417142246,code128,,S0004,Pcs,Pcs,Box,13350,16000,3,,,,,,,,,,,
MASTER COLG SPIRIT 150ML,8993417145230,code128,,S0004,Pcs,Pcs,Box,13800,16000,3,,,,,,,,,,,
PADDLE POP MILKY DUO,8999999557546,code128,,S0005,Pcs,Pcs,Box,1600,2500,0,,,,,,,,,,,
WALLS MICKEY,8999999556648,code128,,S0005,-,-,Box,4000,7000,0,,,,,,,,,,,
WALLS MOCHI,8999999556617,code128,,S0005,Pcs,Pcs,Box,2400,3500,0,,,,,,,,,,,
STIK ULAT SUTRA,stikulat,code128,,S0005,Pcs,Pcs,Box,10000,13000,0,,,,,,,,,,,
RENGGINANG CUMI & UDANG,RENGGINANG1,code128,,S0005,Pcs,Pcs,Box,13000,16000,0,,,,,,,,,,,
JOYKO ALAT STAPLES,8993988350040,code128,,S0004,Pcs,Pcs,Box,8000,12000,10,,,,,,,,,,,
JOYKO TAPE EX BOTOL,8993988050001,code128,,S0009,Pcs,Pcs,Box,3333,6000,12,,,,,,,,,,,
MAMY POKO WIPES GREN TEA 48'S,8993189272691,code128,,S0004,Pcs,Pcs,Box,8533,12000,6,,,,,,,,,,,
MAMY POKO L8,8993189270826,code128,,S0004,Pcs,Pcs,Box,16223,19500,2,,,,,,,,,,,
MAMY POKO M9,8993189270802,code128,,S0004,Pcs,Pcs,Box,16223,19500,2,,,,,,,,,,,
MAMY POKO NEW BORN 9'S,8993189272936,code128,,S0004,Pcs,Pcs,Box,11570,15000,2,,,,,,,,,,,
CHARM SAFE NIGHT 35CM 12'S,8993189320286,code128,,S0004,Pcs,Pcs,Box,13900,16500,12,,,,,,,,,,,
SARUNG TANGAN PLASTIK 100'S,OSAKA,code128,,S0004,Pcs,Pcs,Box,6500,12000,6,,,,,,,,,,,
KURMA SUKARI 70000,SUKARI70000,code128,,S0005,Pcs,Pcs,Box,65000,70000,12,,,,,,,,,,,
SAFFRON 1GR 16000,SAFFRON,code128,,S0005,Pcs,Pcs,Box,150000,160000,5,,,,,,,,,,,
PANTENE SHP HALUS & LEMBUT 70M,4902430399531,code128,,S0004,Pcs,Pcs,Box,11074,14000,3,,,,,,,,,,,
PANTENE SHP RAMBUT RUSAK 70M,4902430399333,code128,,S0004,Pcs,Pcs,Box,11074,14000,3,,,,,,,,,,,
DOWNY SUNRISE FRESH 250M,4902430709934,code128,,S0004,Pcs,Pcs,Box,10025,12500,6,,,,,,,,,,,
POLYTEX KAWAT SPIRAL ,8992742360844,code128,,S0004,Pcs,Pcs,Box,1750,3500,12,,,,,,,,,,,
MITU PLAY FRES 50'S,8992745545088,code128,,S0004,Pcs,Pcs,Box,9500,14000,12,,,,,,,,,,,
MITU SWEET ROSE 50'S,8992745540830,code128,,S0004,Pcs,Pcs,Box,9500,14000,6,,,,,,,,,,,
MITU LIVELY VANILLA 50'S,8992745550396,code128,,S0004,Pcs,Pcs,Box,9500,14000,12,,,,,,,,,,,
KURMA 12000,KURMA12000,code128,,S0005,Pcs,Pcs,Box,10000,12000,100,,,,,,,,,,,
ICHITAN MILK COFFE 310ML,8997218380128,code128,,S0002,Pcs,Pcs,Box,7000,9500,24,,,,,,,,,,,
MILKITA BAG STW 30'S,8997878332826,code128,,S0005,Pcs,Pcs,Box,6750,8500,6,,,,,,,,,,,
MILKITA BAG MILK CANDY 30'S,8997878332321,code128,,S0005,Pcs,Pcs,Box,6750,8500,6,,,,,,,,,,,
MILKITA BAG COKLAT 30'S,8997878332833,code128,,S0005,Pcs,Pcs,Box (24),6750,8500,6,,,,,,,,,,,
MILKITA BAG MELON 30'S,8997878001340,code128,,S0005,Pcs,Pcs,Box,6750,8500,6,,,,,,,,,,,
MILKITA BAG ASORTED  30'S,8997878002750,code128,,S0005,Pcs,Pcs,Box,6750,8500,6,,,,,,,,,,,
BAYGON SPRAY FLOWER GAFDEN 200MA,8998899995113,code128,,S0004,Pcs,Pcs,Box,13826,16000,3,,,,,,,,,,,
ICHITAN MILK GREEN TEA 310ML,8997218380135,code128,,S0002,Pcs,Pcs,Box,7000,9500,24,,,,,,,,,,,
KURMA LULU 250GR,8997012270427,code128,,S0005,Pcs,Pcs,Box,25000,30000,11,,,,,,,,,,,
CHOCO STONE 250GR,8997012270502,code128,,S0005,Pcs,Pcs,Box,35000,40000,6,,,,,,,,,,,
BAYCLIN 200ML,8998899013046,code128,,S0004,Pcs,Pcs,Box,3345,6000,6,,,,,,,,,,,
GARUDA RASA BAWANG,8992775112137,code128,,S0005,Pcs,Pcs,Box,7365,9000,0,,,,,,,,,,,
BIORE BW COMPORT MILD SCRUB 250M,8992727006538,code128,,S0004,Pcs,Pcs,Box,15200,17500,4,,,,,,,,,,,
LIFEBOUY BW CHARCOAL 100ML,8999999530273,code128,,S0004,Pcs,Pcs,Box,10900,13000,4,,,,,,,,,,,
KG SALTCHEESE COMBOCIS 175G,8888166607408,code128,,S0005,Pcs,Pcs,Box,8199,11000,20,,,,,,,,,,,
GARAM SARI RASA 250GR,8993226568091,code128,,S0004,Pcs,Pcs,Box,2000,4000,40,,,,,,,,,,,
MAMA LIME LIME 780ML,8998866100717,code128,,S0004,Pcs,Pcs,Box,11900,15000,12,,,,,,,,,,,
MASKER NINJA 22000,MASKERNINJA,code128,,S0004,Pcs,Pcs,Box,17600,22000,3,,,,,,,,,,,
JAS HUJAN ELMONDO  HUJAN 905,JASHUJAN905,code128,,S0004,Pcs,Pcs,Box,96000,120000,12,,,,,,,,,,,
energen kurma,8996001603376,code128,,S0002,Pcs,Pcs,Box,15000,18000,0,,,,,,,,,,,
LUCKY STRIKE PURPLE ,8998127912370,code128,,S0007,Pcs,Pcs,Box,23050,26000,10,,,,,,,,,,,
FORMULA PROTECTIVE SOLUTIONS 160GR,,code128,,S0003,Pcs,Pcs,Box,5487,7500,6,,,,,,,,,,,
CAKE 7000,,code128,,S0005,Pcs,Pcs,Box,5600,7000,2,,,,,,,,,,,
LOREAL MEX BRIGHT+OIL FOAM 100ML,,code128,,S0004,Pcs,Pcs,Box,33990,38000,0,,,,,,,,,,,
CHUBA BALADO 16GR,,code128,,S0005,Pcs,Pcs,Box,775,1500,0,,,,,,,,,,,
PRINGLES ORIGINAL 42GR,,code128,,S0005,Pcs,Pcs,Box,6842,9000,6,,,,,,,,,,,
SASA SANTAN KELAPA 65ML,,code128,,S0004,Pcs,Pcs,Box,2229,3500,6,,,,,,,,,,,
CELANA BOXER MADELON,,code128,,S0004,Pcs,Pcs,Box,29600,37000,6,,,,,,,,,,,
